,imagecol,imagerow
cell_1,1002.02,2109.26
cell_2,1002.49,1445.74
cell_3,1002.55,1611.1
cell_4,1002.75,936.51
cell_5,1003.88,1123.71
cell_6,1004.17,1207.33
cell_7,1005.26,1500.49
cell_8,1005.29,1526.89
cell_9,1006.16,1640.36
cell_10,1006.39,1137.29
cell_11,1008.03,1479.4
cell_12,1008.21,1364.23
cell_13,1008.7,1297.95
cell_14,1009.25,1267.05
cell_15,1010.05,1190.93
cell_16,1011.27,1586.43
cell_17,1012.24,1146.5
cell_18,1012.77,2158.44
cell_19,1013.87,1277.22
cell_20,1013.98,1212.81
cell_21,1014.12,1165.9
cell_22,1014.87,2146.95
cell_23,1015.45,1442.33
cell_24,1015.72,2119.07
cell_25,1015.93,1426.63
cell_26,1015.94,1312.96
cell_27,1017.18,1252.54
cell_28,1019.1,1235.43
cell_29,1021.17,1617.6
cell_30,1021.38,948.63
cell_31,1021.95,1627.84
cell_32,1022.15,1143.94
cell_33,1022.4,1395.33
cell_34,1022.76,1324.74
cell_35,1022.79,1198.03
cell_36,1024.14,1219.7
cell_37,1024.32,1130.96
cell_38,1026.66,1587.05
cell_39,1027.28,1609.92
cell_40,1030.02,1179.71
cell_41,1030.58,1528.73
cell_42,1031.73,1145.12
cell_43,1031.87,1212.35
cell_44,1033.68,1285.22
cell_45,1033.93,1358.29
cell_46,1034.79,1257.5
cell_47,1036.68,1272.15
cell_48,1037.88,1011.8
cell_49,1038.76,1224.19
cell_50,1039.6,1156
cell_51,1040.01,1199.2
cell_52,1042.88,1608.25
cell_53,1044.59,1140.12
cell_54,1044.97,1551.02
cell_55,1046.34,1626.31
cell_56,1049.17,1295.83
cell_57,1049.45,1585.29
cell_58,105.5,1947.74
cell_59,1051.86,1183.32
cell_60,1051.91,954.68
cell_61,1052,1233.81
cell_62,1052.47,1268.45
cell_63,1052.81,2142.71
cell_64,1053.81,1165.95
cell_65,1054.06,1248.64
cell_66,1054.39,1143.78
cell_67,1057.25,1277.7
cell_68,1058.9,1596.38
cell_69,1059.16,936.8
cell_70,1061.21,1260.12
cell_71,1061.53,1642.36
cell_72,1061.79,1529.5
cell_73,1061.96,1553.39
cell_74,1062.92,1295.86
cell_75,1063.41,1148.45
cell_76,1066.8,1443.49
cell_77,1067.79,1189.26
cell_78,1068.1,1613.35
cell_79,1069.96,2125.08
cell_80,1070.4,1218.8
cell_81,1072.85,1203.4
cell_82,1073.34,1536.29
cell_83,1074.4,1227.97
cell_84,1075.79,1586.91
cell_85,1077.25,1275.05
cell_86,1077.5,1371.16
cell_87,1077.65,928.8
cell_88,1077.83,1153.56
cell_89,1077.86,1567.45
cell_90,1077.97,1554.24
cell_91,1078.33,1009.1
cell_92,1078.7,1116.03
cell_93,1078.88,1332.8
cell_94,1079.42,1621.85
cell_95,1080.74,1127.58
cell_96,1081.17,951.68
cell_97,1081.41,2104.28
cell_98,1081.68,1478.6
cell_99,1082.65,2147
cell_100,1082.66,1490.7
cell_101,1082.91,1407.91
cell_102,1083.32,2556.14
cell_103,1084.95,1163.44
cell_104,1086.3,1610.58
cell_105,1086.39,1257.41
cell_106,1087.52,1131.66
cell_107,1088.81,1234.83
cell_108,1089.1,1171.59
cell_109,1089.45,1352.02
cell_110,1090.29,1201.39
cell_111,1090.92,1138.95
cell_112,1092.17,1288.2
cell_113,1092.68,1675.13
cell_114,1092.94,1148.22
cell_115,1093.1,1646.44
cell_116,1093.8,1472.8
cell_117,1093.96,1552.47
cell_118,1095.86,1182.58
cell_119,1097.58,926.1
cell_120,1100.03,1651.09
cell_121,1100.25,2532.37
cell_122,1101.7,1266.25
cell_123,1102.07,1124.04
cell_124,1102.17,1112.24
cell_125,1104.75,1591.16
cell_126,1104.83,1659.6
cell_127,1104.89,1495.42
cell_128,1106.26,1244.08
cell_129,1106.76,1209.44
cell_130,1107.19,1144.8
cell_131,1107.96,1183.61
cell_132,1108.58,1222.52
cell_133,1109.39,1278.84
cell_134,1109.55,1256.68
cell_135,1109.85,1431.78
cell_136,1110.4,1605.69
cell_137,1111.66,1522.71
cell_138,1112.29,2136.62
cell_139,1113.22,2103.12
cell_140,1114.28,1408.35
cell_141,1115.15,1665.21
cell_142,1116.57,1628.86
cell_143,1116.73,1642.46
cell_144,1117.68,975.26
cell_145,1118.61,1106.33
cell_146,1120.56,1587.44
cell_147,1120.62,1241.89
cell_148,1121.7,206.53
cell_149,1123.64,1268.84
cell_150,1123.85,2127.89
cell_151,1124.99,934.02
cell_152,1125.14,1395.25
cell_153,1125.48,1120.89
cell_154,1127.83,1631.33
cell_155,1127.85,996.41
cell_156,1128.27,1550.34
cell_157,1128.36,1502.21
cell_158,1128.42,1281.8
cell_159,1128.46,1606.32
cell_160,1128.64,1257.99
cell_161,1130.74,1134.07
cell_162,1131.12,1228.02
cell_163,1131.3,1453.16
cell_164,1131.79,1187.57
cell_165,1132.02,1239.11
cell_166,1132.74,1582.41
cell_167,1133.29,1650.34
cell_168,1135.63,1199.96
cell_169,1135.68,1639.47
cell_170,1136.48,1360.87
cell_171,1137.09,1150.89
cell_172,1137.74,2497.9
cell_173,1138.36,1537.41
cell_174,1139.26,2444.24
cell_175,1141.16,1127.35
cell_176,1142.15,273.06
cell_177,1142.86,1110.18
cell_178,1143.11,1222.43
cell_179,1143.55,1429.73
cell_180,1143.96,1599.12
cell_181,1144.19,1253.98
cell_182,1144.46,1619.34
cell_183,1145.02,1192.25
cell_184,1146.2,1173.88
cell_185,1146.5,1271.31
cell_186,1147.5,1571.39
cell_187,1148.66,2108.59
cell_188,1150.9,1634.39
cell_189,1151.91,1245.66
cell_190,1152.15,1553.47
cell_191,1152.89,1210.4
cell_192,1153.27,1229.02
cell_193,1153.58,1105.97
cell_194,1154.21,1582.97
cell_195,1154.42,1183.16
cell_196,1157.16,1279.5
cell_197,1157.2,1142.34
cell_198,1157.42,1507.66
cell_199,1157.93,1095.66
cell_200,1159.28,1268.35
cell_201,1160.07,919.2
cell_202,1160.83,1126.12
cell_203,1161.08,1368.3
cell_204,1162.29,1160.06
cell_205,1163.05,1250.3
cell_206,1163.17,1619.69
cell_207,1166.15,1602.9
cell_208,1166.82,2111.1
cell_209,1167.17,1103.34
cell_210,1167.37,1354.89
cell_211,1168.11,1657.8
cell_212,1168.48,1221.38
cell_213,1169.36,1585.9
cell_214,1171.54,1559.27
cell_215,1171.66,1547.01
cell_216,1171.95,1341.4
cell_217,1172.17,1494.88
cell_218,1172.55,1257.03
cell_219,1174.53,1651.8
cell_220,1174.61,1615.59
cell_221,1175.26,1304.3
cell_222,1175.38,2145.32
cell_223,1175.44,1196.34
cell_224,1176.46,1247.78
cell_225,1177.45,980.09
cell_226,1178.56,1216.53
cell_227,1178.59,1117.81
cell_228,1178.95,1411.77
cell_229,1179.21,1165.26
cell_230,1180.81,1101.79
cell_231,1182.91,1270.64
cell_232,1183.09,1230.43
cell_233,1183.83,1257.19
cell_234,1184.41,2046.62
cell_235,1184.64,1243.12
cell_236,1186.07,1283.73
cell_237,1187.63,1684.1
cell_238,1187.92,1201.97
cell_239,1188.13,1189.59
cell_240,1188.15,1175.24
cell_241,1188.17,1218.64
cell_242,1188.99,1612.47
cell_243,1190.04,1558.82
cell_244,1190.25,1150.19
cell_245,1190.62,1521.72
cell_246,1190.68,1377.62
cell_247,1190.89,1407.63
cell_248,1192.7,899.53
cell_249,1193.16,1589.94
cell_250,1194.48,1478.51
cell_251,1194.66,1637.73
cell_252,1194.82,1290.21
cell_253,1195.79,1117.21
cell_254,1196.52,1622.98
cell_255,1197.39,1570.41
cell_256,1197.42,1664.59
cell_257,1198.22,1219.54
cell_258,1199.09,1606.19
cell_259,1200.55,1177.33
cell_260,1200.76,1233.1
cell_261,1200.89,1257.67
cell_262,1202.67,2163.43
cell_263,1202.75,1157.52
cell_264,1203.58,1125.08
cell_265,1203.94,1530.57
cell_266,1205.52,1208.68
cell_267,1206.27,1664.23
cell_268,1206.39,1264.7
cell_269,1207.28,1247.96
cell_270,1208.06,1464.21
cell_271,1208.54,1327.72
cell_272,1209.21,1642.13
cell_273,1209.81,1277.12
cell_274,1212.61,1190.64
cell_275,1213.56,1555.16
cell_276,1213.64,1631.79
cell_277,1214,1659.4
cell_278,1214.91,1108.76
cell_279,1215.27,1286.47
cell_280,1215.5,1610.43
cell_281,1216.2,1125.3
cell_282,1216.94,1484
cell_283,1217.18,1990.81
cell_284,1217.25,2118.36
cell_285,1217.67,1080.1
cell_286,1217.84,1252.45
cell_287,1218.86,908.59
cell_288,1219.15,1227.84
cell_289,1219.99,1356.4
cell_290,1220.32,1214.92
cell_291,1222.91,1663.7
cell_292,1225.23,2013.75
cell_293,1225.82,1616.44
cell_294,1225.98,1072.53
cell_295,1226.99,1260.17
cell_296,1227.42,1207.21
cell_297,1229.96,1639.04
cell_298,1230.02,1559.41
cell_299,1230.43,1575.14
cell_300,1230.93,1272.23
cell_301,1231.41,1092.96
cell_302,1231.53,1308.54
cell_303,1231.83,1326.87
cell_304,1232.22,1171.29
cell_305,1233.03,1670.24
cell_306,1234.03,1148.14
cell_307,1235.75,1291.83
cell_308,1236.42,1612.17
cell_309,1238.01,1199.18
cell_310,1238.04,1631.75
cell_311,1238.13,1650.18
cell_312,1238.35,973.31
cell_313,1238.7,1602.36
cell_314,1238.73,1129.65
cell_315,1239.21,1245.27
cell_316,1240.07,1218.8
cell_317,1240.7,1270.08
cell_318,1241.24,1373.79
cell_319,1243.09,1673.16
cell_320,1243.83,1522.28
cell_321,1245.26,1081.35
cell_322,1246.04,1453.74
cell_323,1246.22,2155.39
cell_324,1246.95,1115.63
cell_325,1247.76,1201.18
cell_326,1248.62,1262.79
cell_327,1248.69,1253.19
cell_328,1249.27,1650.24
cell_329,1249.58,1130.76
cell_330,1252.39,1182.77
cell_331,1252.51,1627.64
cell_332,1253.13,1667.75
cell_333,1253.2,1573.73
cell_334,1253.39,1593.05
cell_335,1253.77,1155.14
cell_336,1254.13,1168.11
cell_337,1254.45,1093.77
cell_338,1255.16,1877.27
cell_339,1255.6,1110.08
cell_340,1258.06,1206.06
cell_341,1258.63,1479.37
cell_342,1260.04,902.08
cell_343,1261.01,1224.26
cell_344,1261.15,1249.68
cell_345,1261.66,1615.11
cell_346,1261.88,1343.43
cell_347,1262.18,1194.51
cell_348,1262.35,1240.11
cell_349,1262.72,1128.83
cell_350,1263.66,1258.95
cell_351,1264.41,1523.3
cell_352,1264.44,1156.48
cell_353,1264.61,1554.97
cell_354,1264.97,1100.53
cell_355,1265.07,1298.22
cell_356,1266.71,1584.46
cell_357,1268.09,1669.6
cell_358,1269.01,1146.11
cell_359,1269.1,891.13
cell_360,1270.41,1363.07
cell_361,1270.85,1175.57
cell_362,1271.12,911.61
cell_363,1272.46,1108.59
cell_364,1272.5,1253.94
cell_365,1272.73,1402.55
cell_366,1273.04,2094.46
cell_367,1273.14,1282.15
cell_368,1275.13,1633.67
cell_369,1275.74,2148.6
cell_370,1277.01,1137.37
cell_371,1277.08,926.4
cell_372,1278.12,1195.37
cell_373,1278.89,1166.68
cell_374,128.9,1069.88
cell_375,1281.15,1659.18
cell_376,1281.4,1224.94
cell_377,1281.41,1597.13
cell_378,1281.42,1609.56
cell_379,1282.07,939.23
cell_380,1282.54,1145.72
cell_381,1282.54,974.83
cell_382,1284.01,1104.52
cell_383,1285.86,1255.51
cell_384,1286.68,1475.71
cell_385,1287.58,1347.57
cell_386,1287.66,1277.16
cell_387,1288.78,1627.94
cell_388,1290.19,1651.9
cell_389,1291.21,1576.81
cell_390,1291.43,1267.46
cell_391,1291.52,2111.15
cell_392,1292.36,1510.69
cell_393,1292.98,1296.83
cell_394,1293.54,1075.99
cell_395,1293.92,1138.05
cell_396,1294.06,1566.76
cell_397,1294.9,1589.35
cell_398,1295.79,1213.46
cell_399,1295.97,1238.91
cell_400,1296.96,1127.18
cell_401,1297.51,1224.33
cell_402,1299.34,1617.24
cell_403,1299.67,1524.97
cell_404,1300.03,1082.85
cell_405,1300.83,1648.27
cell_406,1301.92,1174.6
cell_407,1302.89,2124.65
cell_408,1303.49,2394.54
cell_409,1303.59,1259.44
cell_410,1304.03,1116.86
cell_411,1304.85,899.77
cell_412,1304.86,1247.56
cell_413,1304.97,1128.66
cell_414,1305.53,2142.75
cell_415,1305.98,1090.76
cell_416,1308.59,1187.71
cell_417,1309.35,1626.41
cell_418,1309.63,1581.63
cell_419,1309.65,1330.58
cell_420,1312.5,1203.39
cell_421,1313.75,1214.96
cell_422,1313.8,1591.81
cell_423,1314.09,1129.32
cell_424,1314.12,1390.19
cell_425,1315.18,1604.3
cell_426,1315.69,2110.65
cell_427,1315.7,966.36
cell_428,1315.74,1225.11
cell_429,1316.28,1145.85
cell_430,1316.52,1168.75
cell_431,1316.6,1572.92
cell_432,1318.27,1453.13
cell_433,1318.93,1519.19
cell_434,1319.38,1641.44
cell_435,1319.71,1189.65
cell_436,1320.61,1318.34
cell_437,1323.76,1631.49
cell_438,1324.68,1284.72
cell_439,1325.01,1105.7
cell_440,1325.57,1147.04
cell_441,1327.09,1654.88
cell_442,1328.28,1620.93
cell_443,133.87,2482.07
cell_444,1330.35,1160.3
cell_445,1331.34,1174.59
cell_446,1332.41,1132.2
cell_447,1333.2,2141.95
cell_448,1333.56,1563.15
cell_449,1333.59,1265.73
cell_450,1334.18,1486.59
cell_451,1334.34,1638.22
cell_452,1334.35,895.05
cell_453,1334.39,1500.8
cell_454,1335.91,1077.17
cell_455,1336.91,1587.33
cell_456,1337.55,1280.97
cell_457,1337.86,1141.16
cell_458,1339.43,2117.99
cell_459,1339.58,1208.89
cell_460,1339.61,1198.93
cell_461,1340.21,1518.91
cell_462,1340.79,1627.44
cell_463,1340.89,1725.07
cell_464,1341.62,1604.94
cell_465,1341.67,1098.21
cell_466,1342.04,1112.42
cell_467,1342.76,1741.54
cell_468,1343.95,1220.09
cell_469,1343.97,1415.27
cell_470,1345.97,1241.3
cell_471,1346.49,1176.14
cell_472,1347.4,1535.99
cell_473,1348.23,1122.56
cell_474,1348.8,1257.89
cell_475,1348.94,1752.54
cell_476,135.37,110.21
cell_477,1350.05,1229.14
cell_478,1350.21,1056.72
cell_479,1350.39,1200.19
cell_480,1352.26,773.24
cell_481,1352.58,1624.28
cell_482,1352.76,746.04
cell_483,1353.13,1613.91
cell_484,1354.48,2144.19
cell_485,1354.93,1772.11
cell_486,1355.77,1101.71
cell_487,1355.98,1151.01
cell_488,1356.4,1482.18
cell_489,1356.56,1743.12
cell_490,1358.1,1245.93
cell_491,1358.27,2116.63
cell_492,1358.37,1571.02
cell_493,1359.21,1581.5
cell_494,1359.5,1633.77
cell_495,1360.18,1262.62
cell_496,1360.85,1116.4
cell_497,1361.03,1503.17
cell_498,1361.74,1653.76
cell_499,1362.78,1282.56
cell_500,1362.96,1362.64
cell_501,1363.42,1070.99
cell_502,1365.47,1211.77
cell_503,1365.67,2134.05
cell_504,1365.69,1519.06
cell_505,1366.98,1194.26
cell_506,1367.59,1177.14
cell_507,1368.98,1090.78
cell_508,1369.18,1687.21
cell_509,1369.3,1139.45
cell_510,1369.62,868.28
cell_511,1369.89,1667.76
cell_512,1370.53,1741.95
cell_513,1370.91,1697.25
cell_514,1371.67,2092.88
cell_515,1372.5,1622.4
cell_516,1373.72,1117.04
cell_517,1374.08,1060.93
cell_518,1374.12,1289.15
cell_519,1374.73,917.13
cell_520,1375.99,1561.95
cell_521,1376.75,1469.88
cell_522,1376.83,1733.28
cell_523,1378.88,1632.97
cell_524,1378.89,1265.27
cell_525,1379.65,2119.79
cell_526,1379.67,1251.23
cell_527,1379.77,1100.19
cell_528,1380.6,1136.79
cell_529,1380.92,1573.55
cell_530,1381.34,1674.7
cell_531,1381.66,1221.25
cell_532,1382.43,1530.4
cell_533,1382.52,1686.89
cell_534,1382.87,1756.24
cell_535,1383.3,1051.11
cell_536,1383.82,1597.78
cell_537,1383.84,1544.72
cell_538,1384.98,1171.76
cell_539,1385.09,2146.21
cell_540,1385.83,1698.81
cell_541,1386.38,1743.96
cell_542,1386.74,1313.78
cell_543,1386.74,870.7
cell_544,1386.99,1709.88
cell_545,1387.16,1117.6
cell_546,1387.47,1189.11
cell_547,1387.99,1719.91
cell_548,1388.34,1229.19
cell_549,1391.1,1672.79
cell_550,1391.78,1332.97
cell_551,1392.08,887.55
cell_552,1392.11,1132.02
cell_553,1392.67,1051.82
cell_554,1393.39,1734.47
cell_555,1393.83,1111.32
cell_556,1394.19,1436.65
cell_557,1394.25,1648.92
cell_558,1395.34,1682.6
cell_559,1395.67,944.87
cell_560,1395.83,1600.44
cell_561,1397.13,1152.24
cell_562,1398.16,1622.45
cell_563,1399.84,1066.78
cell_564,1399.94,1641.73
cell_565,1400.92,1704.96
cell_566,1401.39,1089.11
cell_567,1401.53,1128.43
cell_568,1402.33,1662.44
cell_569,1403.16,1194.14
cell_570,1403.33,1561.59
cell_571,1403.61,1225.32
cell_572,1403.67,1180.76
cell_573,1405.66,1688.51
cell_574,1406.54,1587.41
cell_575,1407.86,1263.36
cell_576,1408.11,2151.42
cell_577,1408.58,1668.86
cell_578,1408.63,2479.57
cell_579,1409.35,1162.07
cell_580,1409.66,1722.28
cell_581,1409.77,1289.18
cell_582,1410,1234.69
cell_583,1410.29,1215.98
cell_584,1413.86,1130.16
cell_585,1414,1248.66
cell_586,1414.49,1079.75
cell_587,1415.02,1143.55
cell_588,1415.1,1098.48
cell_589,1415.64,2128.15
cell_590,1417.8,1706.7
cell_591,1418.85,886.24
cell_592,1419.25,1540.42
cell_593,1419.5,1514.23
cell_594,1419.51,1188.84
cell_595,1420.32,1600.6
cell_596,1420.73,1293.2
cell_597,1421.34,1440.96
cell_598,1422.71,1153.55
cell_599,1423.26,1367.66
cell_600,1424.67,946.29
cell_601,1424.89,1565.93
cell_602,1425.58,1116.31
cell_603,1425.76,1629.42
cell_604,1425.95,1229.47
cell_605,1426.16,1588.55
cell_606,1426.17,1210.55
cell_607,1426.29,1727.4
cell_608,1427.85,1090.1
cell_609,1427.97,1266.66
cell_610,1428.11,1242.78
cell_611,1428.16,1331.98
cell_612,1428.8,1716.88
cell_613,1429.55,926.83
cell_614,1429.68,1699.4
cell_615,1430.2,1670.94
cell_616,1432.71,1106.97
cell_617,1432.8,1161.2
cell_618,1433.42,1251.47
cell_619,1434.64,1644.99
cell_620,1434.66,1613.2
cell_621,1434.67,1495.33
cell_622,1434.94,1072.17
cell_623,1435.17,2084.25
cell_624,1435.62,1474.18
cell_625,1436.88,1517.12
cell_626,1438.19,1577.73
cell_627,1438.78,1354.16
cell_628,1439.53,2098.28
cell_629,1440.31,1207.57
cell_630,1440.32,1124.23
cell_631,1440.49,1114.92
cell_632,1441.27,881.23
cell_633,1441.64,1233.34
cell_634,1442.79,1166.99
cell_635,1442.79,1450.13
cell_636,1442.8,1179.45
cell_637,1442.85,2135.23
cell_638,1443.45,1650.67
cell_639,1444.73,1614.13
cell_640,1444.85,1288.5
cell_641,1445.12,1085.59
cell_642,1445.12,1628.39
cell_643,1445.96,1136.93
cell_644,1446.55,1317.4
cell_645,1447.01,1247.13
cell_646,1447.95,1073.38
cell_647,1450.9,1221.17
cell_648,1451.21,1231.76
cell_649,1452.5,1578
cell_650,1452.88,2477.71
cell_651,1453.83,1128.34
cell_652,1454.49,1653.94
cell_653,1454.56,1598.65
cell_654,1454.69,1564.98
cell_655,1455.54,1406.75
cell_656,1459.31,1090.86
cell_657,146.92,1257.11
cell_658,1460.31,1331.16
cell_659,1460.84,1187.88
cell_660,1460.91,1102.8
cell_661,1461.9,1634.01
cell_662,1462.24,1671.89
cell_663,1462.51,1263.06
cell_664,1462.88,1979.15
cell_665,1463.44,1117.3
cell_666,1464.1,1545.1
cell_667,1464.36,1689.55
cell_668,1464.45,2109.34
cell_669,1466.22,1605.89
cell_670,1466.6,2135.24
cell_671,1467.99,1245.26
cell_672,1469.17,1131.7
cell_673,1469.27,1049.94
cell_674,1469.55,1193.32
cell_675,1469.89,1424.84
cell_676,147.06,1038.5
cell_677,1470.1,1211.82
cell_678,1472,1654.92
cell_679,1472.39,1495.45
cell_680,1473.08,871.2
cell_681,1473.1,2072.98
cell_682,1473.38,2102.11
cell_683,1473.77,1154.21
cell_684,1474.46,1465.07
cell_685,1474.75,1692.08
cell_686,1475.58,1521.34
cell_687,1476.16,1101.66
cell_688,1476.22,1559.69
cell_689,1476.31,912.64
cell_690,1476.52,1222.99
cell_691,1476.9,1676.01
cell_692,1477.29,1629.31
cell_693,1477.89,1040.91
cell_694,1479.25,1570.9
cell_695,1480.3,1068.99
cell_696,1481.86,1135.12
cell_697,1481.99,1616.03
cell_698,1482.73,1124.72
cell_699,1482.93,1591.68
cell_700,1483.25,1635.88
cell_701,1483.48,1648.78
cell_702,1484.14,1926.96
cell_703,1484.6,1083.01
cell_704,1484.79,1145.1
cell_705,1484.92,1242.17
cell_706,1485.19,1328.19
cell_707,1485.7,1312.28
cell_708,1486.25,1096.05
cell_709,1486.58,1601.1
cell_710,1486.85,1057.32
cell_711,1487.25,1547.33
cell_712,1487.99,1107.3
cell_713,1489.45,1189.89
cell_714,1489.82,2085.84
cell_715,1493,1159.3
cell_716,1494.18,1073.64
cell_717,1495.12,1047.7
cell_718,1495.24,1207.73
cell_719,1495.37,1140.77
cell_720,1496.72,1518.14
cell_721,1497.57,1096.63
cell_722,1497.88,1062.3
cell_723,1498.07,1125.75
cell_724,1501.47,1177.5
cell_725,1502.44,1220.48
cell_726,1502.96,1622.77
cell_727,1503.67,1230.49
cell_728,1504.7,1272.54
cell_729,1505.35,1553.32
cell_730,1505.4,1474.07
cell_731,1505.46,2123.65
cell_732,1506.73,2145.38
cell_733,1506.8,1188.11
cell_734,1507.24,1063.32
cell_735,1507.56,1539.97
cell_736,1508.35,1252.85
cell_737,1508.71,1098.3
cell_738,1509.13,1085.26
cell_739,1510.55,1307.45
cell_740,1511.55,1122.16
cell_741,1513.36,1649.26
cell_742,1514.1,1205.7
cell_743,1514.14,1575.94
cell_744,1515.25,1142.01
cell_745,1515.37,868.49
cell_746,1515.84,1614.76
cell_747,1516.62,1456.11
cell_748,1517.26,1172.59
cell_749,1517.31,1684.21
cell_750,1518.5,1600.46
cell_751,1518.89,1520.28
cell_752,1519.63,1590
cell_753,1520.78,1031.36
cell_754,1520.92,1639.8
cell_755,1521.88,1195.16
cell_756,1522.25,2100.85
cell_757,1523.65,1130.57
cell_758,1524.37,2116.25
cell_759,1524.45,1544.39
cell_760,1524.62,1561.32
cell_761,1526.69,1688.51
cell_762,1527.05,875.12
cell_763,1527.25,1089.14
cell_764,1527.57,886.93
cell_765,1528.16,1168.02
cell_766,1528.82,1145.96
cell_767,1529.57,1676.99
cell_768,1530.55,1044.95
cell_769,1530.62,1116.69
cell_770,1530.76,1032.6
cell_771,1530.8,1200.68
cell_772,1530.91,1292.43
cell_773,1530.94,2140.34
cell_774,1531.57,1071.54
cell_775,1532.06,1435.83
cell_776,1533.51,1186.72
cell_777,1536.52,1652.13
cell_778,1536.91,1543.27
cell_779,1537.79,1145.25
cell_780,1538.16,1086.94
cell_781,1538.81,1169.84
cell_782,1539.62,756.43
cell_783,1540.34,1481.76
cell_784,1540.53,1067.24
cell_785,1540.97,1032.6
cell_786,1541.83,1573.54
cell_787,1542.54,1557.89
cell_788,1543.1,1104.9
cell_789,1544.21,1272.3
cell_790,1544.3,1602.18
cell_791,1545.33,1583.67
cell_792,1545.8,1138.76
cell_793,1546.13,1677.14
cell_794,1547.56,1079.83
cell_795,1547.59,1152.72
cell_796,1548.47,1662.51
cell_797,1550.51,1164.46
cell_798,1550.78,909.43
cell_799,1550.98,1067.45
cell_800,1551.46,1646.85
cell_801,1551.76,1291.96
cell_802,1552.28,1050.72
cell_803,1553.39,1101.48
cell_804,1553.39,1247.97
cell_805,1553.83,1694.61
cell_806,1553.96,1213.23
cell_807,1553.98,1257.97
cell_808,1554.05,1619.67
cell_809,1554.53,1313.1
cell_810,1554.59,1131.12
cell_811,1554.98,1113.82
cell_812,1556.42,1561.27
cell_813,1556.51,1089.31
cell_814,1556.95,867.64
cell_815,1557.18,1435.53
cell_816,1558.01,1176.97
cell_817,1558.05,1572.93
cell_818,1558.75,1060.18
cell_819,1559.32,1351.81
cell_820,1560.04,1634.73
cell_821,1560.47,1229.53
cell_822,1561.14,1101.11
cell_823,1561.41,1140.3
cell_824,1563.08,1674.83
cell_825,1563.15,1615.77
cell_826,1563.47,1075.99
cell_827,1564.22,1691.13
cell_828,1564.63,1124.41
cell_829,1565.3,1527.11
cell_830,1566.08,2080.05
cell_831,1567.3,1596.56
cell_832,1567.7,1662.63
cell_833,1569.15,1543.09
cell_834,1569.4,1605.88
cell_835,1571.05,1204.52
cell_836,1571.67,1082.62
cell_837,1573.45,1153.26
cell_838,1574.07,1124.57
cell_839,1575.02,1176.3
cell_840,1576.21,1624.58
cell_841,1576.54,1102.68
cell_842,1576.62,1058.14
cell_843,1576.88,2128.64
cell_844,1577.28,1583.83
cell_845,1577.36,1702.32
cell_846,1577.64,1233.17
cell_847,1578.1,1559.81
cell_848,1578.35,1649.84
cell_849,1578.86,1609.29
cell_850,1579.2,1531.63
cell_851,1579.52,1680.4
cell_852,1581.84,1090.22
cell_853,1581.84,1215.66
cell_854,1582.4,1596.52
cell_855,1584.41,1120.45
cell_856,1584.77,1149
cell_857,1585.73,1424.84
cell_858,1588.02,1139.82
cell_859,1588.74,1387.14
cell_860,1590.9,1174.68
cell_861,1592.18,1691.79
cell_862,1592.93,1550.33
cell_863,1594.44,1200.46
cell_864,1595.27,2144.64
cell_865,1596.04,1721.22
cell_866,1596.16,1136.53
cell_867,1597.16,1190.07
cell_868,1598.06,1241.26
cell_869,1599.68,1101.18
cell_870,1599.86,1307.44
cell_871,1600.94,1364.75
cell_872,1602.33,1333.23
cell_873,1602.45,1575.74
cell_874,1604.05,1176.97
cell_875,1605.85,1538.57
cell_876,1606.09,1120.66
cell_877,1606.28,1693.83
cell_878,1608.39,1459.5
cell_879,1609.39,1593.16
cell_880,1609.61,1548.86
cell_881,1609.83,1167
cell_882,1610.61,1133.91
cell_883,1610.62,872.56
cell_884,1611.93,1061.94
cell_885,1612.15,540.44
cell_886,1612.26,1562.07
cell_887,1612.55,1684.95
cell_888,1613.16,1706
cell_889,1614.14,1179.35
cell_890,1614.14,1223.79
cell_891,1614.16,1675.52
cell_892,1616.1,1077.07
cell_893,1617.21,1665.64
cell_894,1617.65,1314.49
cell_895,1618.34,2765.74
cell_896,1618.8,1041.89
cell_897,1619.42,1349.55
cell_898,1619.61,1720.82
cell_899,1620.07,1166.08
cell_900,1620.18,1691.17
cell_901,1620.65,2084.36
cell_902,1621.54,1651.05
cell_903,1621.68,1571.28
cell_904,1621.9,1110.18
cell_905,1622.1,1242.63
cell_906,1622.14,1119.74
cell_907,1623.54,921.09
cell_908,1623.77,1097.91
cell_909,1624.16,1211.06
cell_910,1626.89,1064.74
cell_911,1627.01,1134.95
cell_912,1628.18,1558.33
cell_913,1628.22,1085.25
cell_914,1628.37,573.84
cell_915,1628.47,1262.4
cell_916,1628.99,1195.5
cell_917,1629.34,1681.34
cell_918,1629.56,1156.59
cell_919,1629.59,1053.59
cell_920,1630.75,1530.49
cell_921,1631.2,1629.77
cell_922,1631.74,1547.06
cell_923,1633.42,1035.05
cell_924,1634.07,853.96
cell_925,1634.23,1496.37
cell_926,1636.18,1123.2
cell_927,1636.77,1090.48
cell_928,1637.51,1399.6
cell_929,1637.84,1243.2
cell_930,1637.86,1581.58
cell_931,1638.62,1135.62
cell_932,1639.55,1291.52
cell_933,1639.73,1183.08
cell_934,1639.76,881.22
cell_935,1640.17,1555.78
cell_936,1640.18,1077.7
cell_937,1640.96,1174.97
cell_938,1641.54,1719.16
cell_939,1641.99,1670.08
cell_940,1642.32,1047.34
cell_941,1642.76,868.09
cell_942,1642.95,1056.62
cell_943,1644.7,1229.87
cell_944,1644.75,924.35
cell_945,1645.34,1634.32
cell_946,1645.58,1146.58
cell_947,1645.64,1608
cell_948,1646.54,1164.93
cell_949,1648.18,1449.18
cell_950,1648.23,1132.9
cell_951,1648.66,1198.88
cell_952,1648.88,1688.48
cell_953,1649.39,1661.13
cell_954,1649.84,1386.88
cell_955,165.67,2254.58
cell_956,1650.01,1030.76
cell_957,1650.07,1703.06
cell_958,1650.73,1725.85
cell_959,1650.92,1041.17
cell_960,1652.62,1214.1
cell_961,1652.82,1072.45
cell_962,1653.65,1099.78
cell_963,1656.28,569.39
cell_964,1656.97,806.81
cell_965,1657.46,2104.75
cell_966,1658.29,1126.58
cell_967,1658.31,1698.76
cell_968,1658.93,1167.31
cell_969,1659.59,1555.26
cell_970,1659.7,1747.02
cell_971,1660.21,1182.69
cell_972,1660.58,2133.7
cell_973,1661.03,892.58
cell_974,1662.01,1294.23
cell_975,1662.27,1059.16
cell_976,1662.68,1686.19
cell_977,1663.34,1085.45
cell_978,1663.65,1565.62
cell_979,1663.92,1099.29
cell_980,1664.24,1025.13
cell_981,1664.63,1485.88
cell_982,1664.83,1654.06
cell_983,1664.99,1112.13
cell_984,1665.37,1340.06
cell_985,1665.78,1708.08
cell_986,1667.1,2086.19
cell_987,1667.62,1630.26
cell_988,1668.04,1227.35
cell_989,1668.04,867.71
cell_990,1668.46,1715.93
cell_991,1668.52,1070.66
cell_992,1669.44,1733.63
cell_993,1669.49,1051.73
cell_994,167.3,1069.47
cell_995,1670.41,1515.45
cell_996,1670.81,1159.64
cell_997,1671.07,1744.4
cell_998,1671.91,1193.68
cell_999,1672.1,1132.02
cell_1000,1673.18,1026.7
cell_1001,1674.13,1606.11
cell_1002,1674.15,1107.52
cell_1003,1677.93,1150.27
cell_1004,1677.93,2634.93
cell_1005,1678.56,1172.72
cell_1006,1678.97,1683.3
cell_1007,1679.79,1078.94
cell_1008,1681.06,1028.17
cell_1009,1681.09,1546.55
cell_1010,1681.18,1201.29
cell_1011,1681.28,1264.44
cell_1012,1681.56,1212.61
cell_1013,1682.54,1720.51
cell_1014,1682.56,1662.52
cell_1015,1682.86,1053.94
cell_1016,1683,1108.18
cell_1017,1683.17,1136.16
cell_1018,1683.68,1748.35
cell_1019,1684.18,1346.91
cell_1020,1685.52,1243.64
cell_1021,1685.73,1226.65
cell_1022,1688.3,1148.76
cell_1023,1688.44,1036.37
cell_1024,1688.58,1999.93
cell_1025,1689.27,1606.73
cell_1026,1689.89,1093.86
cell_1027,1690.2,876.03
cell_1028,1690.45,2160.16
cell_1029,1692.83,1327.42
cell_1030,1693.57,901.84
cell_1031,1695.06,1136.03
cell_1032,1695.5,1661.83
cell_1033,1695.51,1079.12
cell_1034,1696.86,1039.6
cell_1035,1697.19,1742.4
cell_1036,1697.56,1067.17
cell_1037,1698.92,2093.81
cell_1038,1699.06,1048.27
cell_1039,1699.29,1122.4
cell_1040,1699.54,1146.89
cell_1041,1700.06,1102.37
cell_1042,1703.1,1180.95
cell_1043,1703.12,1241.62
cell_1044,1703.4,881.95
cell_1045,1703.65,1726.1
cell_1046,1703.81,1160.46
cell_1047,1704.31,1613.67
cell_1048,1704.67,1219.98
cell_1049,1704.84,1197.34
cell_1050,1705.94,1090.94
cell_1051,1706.72,859.59
cell_1052,1707.22,1073.62
cell_1053,1708.13,342.9
cell_1054,1708.24,1551.28
cell_1055,1708.35,1209.14
cell_1056,1709.12,1710.45
cell_1057,1709.52,1107.75
cell_1058,1709.8,1055.35
cell_1059,1712.18,1154.44
cell_1060,1712.47,1501.51
cell_1061,1712.81,1136.43
cell_1062,1713.14,1576.87
cell_1063,1713.44,1083.4
cell_1064,1714.18,1657.48
cell_1065,1715.15,1701.75
cell_1066,1715.68,1588.92
cell_1067,1716.43,866.52
cell_1068,1716.9,1180.97
cell_1069,1717.19,1726.96
cell_1070,1717.87,1261.34
cell_1071,1718.12,626.79
cell_1072,1718.25,1691.13
cell_1073,1718.51,368.67
cell_1074,1718.82,1198.95
cell_1075,1719.21,1742.44
cell_1076,1722.52,1676.84
cell_1077,1723.51,844.12
cell_1078,1723.59,1225.38
cell_1079,1724.39,1128.44
cell_1080,1724.88,1151.1
cell_1081,1724.96,2340.98
cell_1082,1726.36,2160.8
cell_1083,1726.78,1648.08
cell_1084,1727.59,1075.95
cell_1085,1727.65,1098.5
cell_1086,1727.76,1751.29
cell_1087,1729.13,2720.84
cell_1088,1729.98,1217.21
cell_1089,1731.27,1702.73
cell_1090,1731.62,1539.44
cell_1091,1732.38,1661.44
cell_1092,1732.76,2112.64
cell_1093,1734.23,1141.18
cell_1094,1735.01,1561.81
cell_1095,1735.2,2098.23
cell_1096,1735.61,1332
cell_1097,1735.65,1102.63
cell_1098,1736.29,1739.38
cell_1099,1736.35,1243.74
cell_1100,1736.8,1129.23
cell_1101,1737.47,1637.66
cell_1102,1738.4,1580.58
cell_1103,1739.06,1519.23
cell_1104,1739.43,1046.53
cell_1105,1739.61,1261.66
cell_1106,174.48,1084.56
cell_1107,1741.52,1690.72
cell_1108,1741.57,2132.6
cell_1109,1742.12,573.54
cell_1110,1742.53,1954.36
cell_1111,1743.02,1501.58
cell_1112,1743.17,1553.28
cell_1113,1743.72,1107.62
cell_1114,1744.12,1065.93
cell_1115,1744.21,1281.85
cell_1116,1744.64,1726.46
cell_1117,1745.04,1339.79
cell_1118,1745.59,2644.52
cell_1119,1746,1078.99
cell_1120,1746.36,1754.41
cell_1121,1746.62,1223.87
cell_1122,1746.72,1448.28
cell_1123,1747.42,1017.6
cell_1124,1749.75,1128.86
cell_1125,1749.85,859.31
cell_1126,1749.96,2139.09
cell_1127,1750.56,1209.36
cell_1128,1750.56,1523.93
cell_1129,1750.63,1091.85
cell_1130,1751.66,1536.46
cell_1131,1752.34,1704.45
cell_1132,1752.96,1111.52
cell_1133,1753.8,1140.78
cell_1134,1754.86,1035.58
cell_1135,1755.37,1648.58
cell_1136,1756.65,1069.09
cell_1137,1756.68,2310.68
cell_1138,1757.36,1313.26
cell_1139,1758.04,1199.12
cell_1140,1758.07,1750.48
cell_1141,1759.26,1731.46
cell_1142,1759.31,2131.06
cell_1143,1760.24,1014.84
cell_1144,1760.42,1190.48
cell_1145,1760.47,1693.99
cell_1146,1760.58,2107.35
cell_1147,1760.84,1576.24
cell_1148,1760.93,1539.06
cell_1149,1761.08,1148.39
cell_1150,1761.53,2159.64
cell_1151,1761.97,2328.21
cell_1152,1762.28,1554.06
cell_1153,1763.75,1620.78
cell_1154,1765.21,1669.94
cell_1155,1765.32,1488.92
cell_1156,1765.87,1599.51
cell_1157,1765.88,1065.82
cell_1158,1766.04,1363.84
cell_1159,1766.56,1087.26
cell_1160,1767.08,1718.67
cell_1161,1768.21,1755
cell_1162,1768.25,867.41
cell_1163,1768.5,1033.68
cell_1164,1769.04,1158.72
cell_1165,1769.83,1135.2
cell_1166,1770.47,1572.19
cell_1167,1770.71,1110.76
cell_1168,1770.87,1122.74
cell_1169,1771.33,2304.07
cell_1170,1771.41,1497.39
cell_1171,1771.9,2127.06
cell_1172,1772.49,1743.28
cell_1173,1773.83,1254.37
cell_1174,1774.19,1227.3
cell_1175,1775.95,1065.02
cell_1176,1777.35,1217.9
cell_1177,1777.62,1450.19
cell_1178,1777.75,2168.15
cell_1179,1778.62,1192.81
cell_1180,1779.01,1783.4
cell_1181,1779.53,1161.17
cell_1182,1780.31,1135.6
cell_1183,1780.78,1082.73
cell_1184,1780.8,2336.6
cell_1185,1781.48,1735.31
cell_1186,1781.58,1710.94
cell_1187,1781.96,1039.54
cell_1188,1782.99,1614.71
cell_1189,1783.04,1175.72
cell_1190,1783.22,1398.66
cell_1191,1783.63,1007.94
cell_1192,1784.03,1203.57
cell_1193,1784.28,1549.7
cell_1194,1784.33,1099.13
cell_1195,1786.23,1028.1
cell_1196,1786.97,1634.44
cell_1197,1787.78,2302.12
cell_1198,1788.06,1599.14
cell_1199,1789.27,2089.61
cell_1200,1789.81,1666.94
cell_1201,1790.66,2141.99
cell_1202,1790.73,1063.79
cell_1203,1792.15,1727.73
cell_1204,1792.28,1559.91
cell_1205,1792.67,1701.4
cell_1206,1793.36,1158.56
cell_1207,1793.83,1244.82
cell_1208,1794.06,2330.2
cell_1209,1794.19,1095.83
cell_1210,1794.54,1125.38
cell_1211,1795.64,1078.35
cell_1212,1796.71,1005.09
cell_1213,1796.97,842.94
cell_1214,1797.26,1044.5
cell_1215,1797.45,1229.59
cell_1216,1798.01,1650.18
cell_1217,1798.02,1741.19
cell_1218,1798.43,1107.5
cell_1219,1798.73,1206.96
cell_1220,1798.99,1141.73
cell_1221,1799.41,1622.75
cell_1222,1801.61,1593.51
cell_1223,1801.94,1024.07
cell_1224,1802.01,1580.43
cell_1225,1802.6,1192.25
cell_1226,1803.73,1692.53
cell_1227,1804.52,852.69
cell_1228,1805.04,1035.46
cell_1229,1805.31,1183.89
cell_1230,1805.5,2099.44
cell_1231,1806.25,1706.19
cell_1232,1806.85,1604.48
cell_1233,1807.16,1078.45
cell_1234,1807.21,1094.71
cell_1235,1807.6,1006.2
cell_1236,1807.78,1211.12
cell_1237,1808.09,1280.26
cell_1238,1808.14,1169.61
cell_1239,1808.26,2154.02
cell_1240,1808.53,1723.29
cell_1241,1810.19,1447.91
cell_1242,1810.2,1140.6
cell_1243,1810.66,993.86
cell_1244,1811.19,1125.07
cell_1245,1812.23,1539.38
cell_1246,1812.94,1057.32
cell_1247,1813.87,2076.88
cell_1248,1813.98,1220.63
cell_1249,1816.48,1477.1
cell_1250,1817.43,1551.44
cell_1251,1817.96,833.5
cell_1252,1818.04,1245.33
cell_1253,1818.51,1622.3
cell_1254,1818.61,1098.03
cell_1255,1819.21,1681.37
cell_1256,1819.36,1085.31
cell_1257,1820.39,1020.33
cell_1258,1821.74,1722.66
cell_1259,1822.78,852.73
cell_1260,1822.91,1212.63
cell_1261,1824.12,1072.64
cell_1262,1824.21,1161.29
cell_1263,1825.72,1046.1
cell_1264,1826.21,2342.26
cell_1265,1826.22,1135.62
cell_1266,1826.22,1193.01
cell_1267,1828.06,1602.75
cell_1268,1828.57,1203.64
cell_1269,1828.68,1773.13
cell_1270,1829.82,1104.54
cell_1271,1831.91,1588
cell_1272,1832.1,2353.84
cell_1273,1832.25,1666.52
cell_1274,1832.35,855.15
cell_1275,1832.76,1031.73
cell_1276,1833.1,2132.44
cell_1277,1833.31,1187.46
cell_1278,1833.53,1693.61
cell_1279,1833.59,1161.92
cell_1280,1834.1,872.28
cell_1281,1834.58,1621.27
cell_1282,1836.5,1042.27
cell_1283,1836.63,2100.63
cell_1284,1837.73,1716.4
cell_1285,1838.97,1074.9
cell_1286,1838.98,1130.05
cell_1287,1839.14,1216.39
cell_1288,1839.44,1118.33
cell_1289,1839.51,1104.29
cell_1290,1840.39,2307.68
cell_1291,1840.97,829.85
cell_1292,1841.44,1150.43
cell_1293,1842.28,1173.18
cell_1294,1844.4,1554.2
cell_1295,1845.36,2357.17
cell_1296,1845.39,2160.09
cell_1297,1845.81,1730.17
cell_1298,1846.38,1743.16
cell_1299,1846.41,1671.3
cell_1300,1848.24,1242.15
cell_1301,1848.86,1023.79
cell_1302,1849.47,1105.26
cell_1303,1850.4,1117.66
cell_1304,1850.57,844.31
cell_1305,1852.44,1138.66
cell_1306,1852.92,1717.44
cell_1307,1853.74,1584.15
cell_1308,1854.14,2143.48
cell_1309,1854.53,1168.54
cell_1310,1854.97,1640.35
cell_1311,1855.22,1073.39
cell_1312,1855.7,1746.16
cell_1313,1856.4,1598.83
cell_1314,1857.61,1623.1
cell_1315,1857.96,1195.91
cell_1316,1859.62,1706.46
cell_1317,1859.9,1184.55
cell_1318,1860.64,1111.67
cell_1319,1861.2,1763.78
cell_1320,1861.29,1128.18
cell_1321,1861.95,1054.98
cell_1322,1862.84,826.54
cell_1323,1863.07,1730.53
cell_1324,1864.33,1650.39
cell_1325,1867.25,1477.84
cell_1326,1867.77,2137.24
cell_1327,1868.27,1163.26
cell_1328,1868.3,1717.5
cell_1329,1868.64,2364.86
cell_1330,1869.25,1191.28
cell_1331,1870.16,1519.28
cell_1332,1870.55,994.39
cell_1333,1872.01,1743.32
cell_1334,1872.07,1661.27
cell_1335,1872.27,1218.27
cell_1336,1873.16,1266.16
cell_1337,1873.4,1151.15
cell_1338,1873.57,1102.24
cell_1339,1873.76,1231.2
cell_1340,1875.04,1758.49
cell_1341,1875.55,2095.51
cell_1342,1876.88,1551.39
cell_1343,1876.93,2124.94
cell_1344,1878.07,1129.82
cell_1345,1878.34,1732.82
cell_1346,1878.56,1539.61
cell_1347,1878.59,1623.26
cell_1348,1878.92,1116.62
cell_1349,1878.96,1560.72
cell_1350,1881.05,1596.85
cell_1351,1883.89,2299.94
cell_1352,1884.41,1674.2
cell_1353,1885.53,1204.16
cell_1354,1885.6,1761.89
cell_1355,1885.67,1025.41
cell_1356,1886.48,806.96
cell_1357,1886.7,985.1
cell_1358,1886.77,1662.96
cell_1359,1888.44,1703.57
cell_1360,1888.89,1641.99
cell_1361,1889.02,1530.37
cell_1362,1889.5,1134.43
cell_1363,1890.05,1588.42
cell_1364,1890.27,1734.65
cell_1365,1891.19,973.93
cell_1366,1891.76,1507.97
cell_1367,1893.36,1011.61
cell_1368,1893.48,1160.17
cell_1369,1893.99,1183.37
cell_1370,1894.14,1144.63
cell_1371,1894.42,1721.41
cell_1372,1895.26,1047.02
cell_1373,1895.77,1104.95
cell_1374,1895.89,831.3
cell_1375,1896.18,2103.53
cell_1376,1896.71,1220.69
cell_1377,1897,1569.77
cell_1378,1897.59,2310.09
cell_1379,1898.5,2335.13
cell_1380,1899.54,1759.61
cell_1381,1899.85,996.81
cell_1382,1900.06,2371.96
cell_1383,1900.13,1681.43
cell_1384,1902.15,1058.23
cell_1385,1902.45,1597.11
cell_1386,1902.56,1088.45
cell_1387,1902.79,1040.55
cell_1388,1903.42,952.49
cell_1389,1903.57,2153.09
cell_1390,1905.29,1739.48
cell_1391,1905.37,1636.82
cell_1392,1906.69,2191.1
cell_1393,1906.7,819.38
cell_1394,1906.92,1119.66
cell_1395,1906.92,1713.72
cell_1396,1907.05,1582.29
cell_1397,1907.32,1102.78
cell_1398,1907.51,1073.99
cell_1399,1907.62,1032.7
cell_1400,1907.99,1555.03
cell_1401,1908.82,1178.2
cell_1402,1909.09,1513.58
cell_1403,1909.45,988.62
cell_1404,1909.55,1752.8
cell_1405,1910.71,1563.35
cell_1406,1911.07,1013.39
cell_1407,1911.61,2362.85
cell_1408,1913.66,1571.64
cell_1409,1913.68,1665.02
cell_1410,1913.79,1535.34
cell_1411,1913.92,1150.56
cell_1412,1914.12,1340.12
cell_1413,1917.64,2336.51
cell_1414,1918.43,1754.41
cell_1415,1918.49,1188.01
cell_1416,1918.56,1212.99
cell_1417,1919.84,1047.44
cell_1418,1920.23,1066.32
cell_1419,1920.23,1121.06
cell_1420,1920.59,1022.5
cell_1421,1920.7,1727.44
cell_1422,1922.11,1793.51
cell_1423,1922.18,1007.28
cell_1424,1922.28,801.24
cell_1425,1922.36,1094.83
cell_1426,1922.48,1141.92
cell_1427,1923.19,1038.6
cell_1428,1924.34,1156.89
cell_1429,1925.04,1249.31
cell_1430,1925.81,1631.1
cell_1431,1927.86,987.39
cell_1432,1928.96,1588.99
cell_1433,1929.11,1755.19
cell_1434,1929.24,1608.9
cell_1435,1929.96,1725.23
cell_1436,1930.36,999.85
cell_1437,1930.5,825.19
cell_1438,1930.52,1712.71
cell_1439,1931.76,1099.48
cell_1440,1932.05,1175.33
cell_1441,1932.49,853.26
cell_1442,1933.09,1066.04
cell_1443,1933.17,2199.68
cell_1444,1933.36,2172.28
cell_1445,1934.07,1234.7
cell_1446,1934.53,937.31
cell_1447,1935.3,1347.24
cell_1448,1935.87,1083.51
cell_1449,1936.24,1745.88
cell_1450,1936.42,1316.51
cell_1451,1936.59,1793.6
cell_1452,1937.14,1008.52
cell_1453,1937.24,796.92
cell_1454,1938.08,1504.3
cell_1455,1938.57,1132.63
cell_1456,1938.99,1191.69
cell_1457,1939.05,2054.16
cell_1458,1940.81,1102.82
cell_1459,1940.93,1206.04
cell_1460,1941.6,1023.09
cell_1461,1941.79,1154.1
cell_1462,1942.13,1053.66
cell_1463,1942.5,1630.38
cell_1464,1942.81,1824.49
cell_1465,1943.87,1578.92
cell_1466,1944.08,1557.93
cell_1467,1944.31,1719.49
cell_1468,1944.36,1796.43
cell_1469,1944.99,1567.6
cell_1470,1945.21,1394.86
cell_1471,1945.23,1547.75
cell_1472,1945.34,1534.42
cell_1473,1947.09,2309.22
cell_1474,1947.32,1750.12
cell_1475,1947.39,1074.57
cell_1476,1947.4,1780.09
cell_1477,1947.45,1604.26
cell_1478,1947.83,2380.29
cell_1479,1949.1,1129.44
cell_1480,1950.14,1087.33
cell_1481,1950.17,2191.04
cell_1482,1950.33,1803.08
cell_1483,1950.35,1002.33
cell_1484,1950.54,1020.63
cell_1485,1951.67,1615.77
cell_1486,1951.74,1102.88
cell_1487,1952.62,1170.94
cell_1488,1953.21,982.79
cell_1489,1953.22,1702.89
cell_1490,1954.31,1208
cell_1491,1954.92,1119.43
cell_1492,1955.92,1196.83
cell_1493,1957.25,1826.88
cell_1494,1957.41,1572.13
cell_1495,1957.8,1720.75
cell_1496,1958.52,1072.28
cell_1497,1959.06,1593.21
cell_1498,1959.21,1057.46
cell_1499,1959.43,1156.32
cell_1500,1959.61,1370.48
cell_1501,1959.61,1733.89
cell_1502,1959.71,1038.08
cell_1503,1959.82,1583.28
cell_1504,1960.01,1778.17
cell_1505,1960.58,996.29
cell_1506,1961.85,1180.11
cell_1507,1962.67,975.7
cell_1508,1962.92,1020.62
cell_1509,1963.36,1095.34
cell_1510,1963.37,1009.27
cell_1511,1963.65,1818.25
cell_1512,1965.17,2115.15
cell_1513,1965.27,948.89
cell_1514,1965.37,2378.79
cell_1515,1966.22,820.18
cell_1516,1966.91,1113.46
cell_1517,1967.59,1784.3
cell_1518,1968.73,1752.6
cell_1519,1969.33,1132.71
cell_1520,1969.58,1673.14
cell_1521,1969.69,1807
cell_1522,1969.94,1629.18
cell_1523,1971.35,1043.06
cell_1524,1971.83,2320.83
cell_1525,1972.05,999.95
cell_1526,1972.87,1740.5
cell_1527,1972.99,1550.04
cell_1528,1973.09,1053.92
cell_1529,1973.09,1076.47
cell_1530,1973.3,1276.42
cell_1531,1973.95,1709.83
cell_1532,1974.34,1029.52
cell_1533,1974.4,972.32
cell_1534,1975.71,1779.58
cell_1535,1975.76,2192.5
cell_1536,1976.67,1574.21
cell_1537,1976.67,1649.02
cell_1538,1977.43,1755.65
cell_1539,1978.08,1091.79
cell_1540,1978.54,1729.52
cell_1541,1978.73,1178
cell_1542,1978.93,1563.28
cell_1543,1979.73,1800.78
cell_1544,1980.05,1589.81
cell_1545,1981.28,1672.73
cell_1546,1981.87,1203.96
cell_1547,1982.4,1818.58
cell_1548,1982.52,1117.74
cell_1549,1982.63,1158.03
cell_1550,1982.84,1831.31
cell_1551,1983.43,2220.14
cell_1552,1983.6,1194.79
cell_1553,1984.49,1720.82
cell_1554,1984.66,1612.2
cell_1555,1984.97,1776.71
cell_1556,1986.34,1748.3
cell_1557,1986.46,1058.54
cell_1558,1987.21,1686.43
cell_1559,1987.5,1014.73
cell_1560,1987.74,1762.35
cell_1561,1988.73,2333.56
cell_1562,1990.11,1528.67
cell_1563,1990.9,1147.55
cell_1564,1991.53,1046.21
cell_1565,1991.69,1802.88
cell_1566,1991.73,996.84
cell_1567,1992.06,1027.73
cell_1568,1992.28,1229.89
cell_1569,1992.72,2398.2
cell_1570,1993.1,1070.05
cell_1571,1995.29,1399.55
cell_1572,1995.39,1185.56
cell_1573,1995.51,1665.85
cell_1574,1995.88,1650.54
cell_1575,1996.07,1602.9
cell_1576,1996.47,1778.31
cell_1577,1997.54,2379.48
cell_1578,1998.56,1097.86
cell_1579,1998.74,1048.4
cell_1580,1998.88,1255.67
cell_1581,1998.9,1697.8
cell_1582,1998.98,1732.11
cell_1583,1999.49,1061.61
cell_1584,2000.01,974.12
cell_1585,2000.34,2337.27
cell_1586,2000.35,1613.45
cell_1587,2000.77,989.71
cell_1588,2000.82,2144.4
cell_1589,2001.97,1161.71
cell_1590,2002.17,1581.19
cell_1591,2002.36,1032.89
cell_1592,2002.51,1786.82
cell_1593,2002.54,1507.94
cell_1594,2003.82,2167.58
cell_1595,2004.97,1178.17
cell_1596,2005.05,1745.27
cell_1597,2005.16,2325.11
cell_1598,2006.34,1200.35
cell_1599,2007.1,1044.21
cell_1600,2007.16,1119.46
cell_1601,2008.72,988.94
cell_1602,2011.18,2136.09
cell_1603,2011.19,1659.79
cell_1604,2011.76,1792.82
cell_1605,2011.96,1566.85
cell_1606,2012.63,1710.9
cell_1607,2013.35,2313.75
cell_1608,2014.5,1011.43
cell_1609,2015.02,1590.39
cell_1610,2015.54,2388.42
cell_1611,2015.91,1621.32
cell_1612,2016.26,824.04
cell_1613,2016.41,1201.62
cell_1614,2017.16,1063.72
cell_1615,2018.06,1090.52
cell_1616,2018.07,1525.99
cell_1617,2018.86,2186.03
cell_1618,2019.4,1752.42
cell_1619,2019.7,2197.99
cell_1620,2019.75,1506.9
cell_1621,2020.14,1164.61
cell_1622,2020.39,970.8
cell_1623,2020.45,806.35
cell_1624,2022.53,1795.35
cell_1625,2023.51,1027.64
cell_1626,2023.62,1276.04
cell_1627,2024.03,1602.44
cell_1628,2024.22,1174.63
cell_1629,2024.58,981.34
cell_1630,2025.34,2152.04
cell_1631,2027.01,1036.01
cell_1632,2027.48,1771.09
cell_1633,2028.85,1129.52
cell_1634,2029.06,2338.9
cell_1635,2029.44,1484.56
cell_1636,2030.73,990.12
cell_1637,2030.87,938.7
cell_1638,2031.34,1754.31
cell_1639,2031.43,2395.25
cell_1640,2032.18,922.42
cell_1641,2033.94,1099.19
cell_1642,2034.08,1042.9
cell_1643,2034.23,1185.13
cell_1644,2034.36,238.25
cell_1645,2035.98,2128.94
cell_1646,2036.33,911.61
cell_1647,2036.46,1370.63
cell_1648,2036.62,1606.86
cell_1649,2036.75,1199.17
cell_1650,2036.96,999.91
cell_1651,2037.82,1767.36
cell_1652,2038.46,1725.78
cell_1653,2038.53,951.54
cell_1654,2039.25,1793.84
cell_1655,2040.17,1545.24
cell_1656,2040.39,1113.02
cell_1657,2040.73,972.55
cell_1658,2041.12,1776.2
cell_1659,2041.59,1746.82
cell_1660,2043.03,2410.44
cell_1661,2043.08,771.11
cell_1662,2043.15,1520.23
cell_1663,2043.81,1153.12
cell_1664,2044.14,1046.27
cell_1665,2045.15,1694.3
cell_1666,2045.52,1013.27
cell_1667,2046.37,1351.29
cell_1668,2046.5,1595.62
cell_1669,2047.18,2224.28
cell_1670,2047.42,935.34
cell_1671,2048.27,951
cell_1672,2049.13,1803.41
cell_1673,2050.32,989.32
cell_1674,2050.49,1097.64
cell_1675,2051.56,2142.86
cell_1676,2052.28,1062.87
cell_1677,2052.67,1766.08
cell_1678,2052.91,2195.48
cell_1679,2053.12,1165.52
cell_1680,2053.82,1079.73
cell_1681,2055.05,1132.26
cell_1682,2055.76,2335.79
cell_1683,2056.11,1825.96
cell_1684,2056.4,961.3
cell_1685,2056.5,1784.88
cell_1686,2056.84,1434.4
cell_1687,2056.98,1607.42
cell_1688,2056.99,1247.17
cell_1689,2057.77,1009.06
cell_1690,2057.86,2374.27
cell_1691,2058.78,1644.96
cell_1692,2059.13,974.53
cell_1693,2059.81,905.92
cell_1694,2060.78,1101.75
cell_1695,2061.01,1067.83
cell_1696,2062.63,942.42
cell_1697,2062.75,1043.79
cell_1698,2063.26,1524.88
cell_1699,2064.37,999.22
cell_1700,2065.51,1570.65
cell_1701,2065.63,1732.34
cell_1702,2065.66,1833.38
cell_1703,2065.68,1866.31
cell_1704,2066.1,988.64
cell_1705,2066.26,1767.05
cell_1706,2066.48,786.91
cell_1707,2067.64,1628.14
cell_1708,2068.31,1617.38
cell_1709,2068.33,1151.34
cell_1710,2068.53,1091.84
cell_1711,2069.44,1602.91
cell_1712,2069.81,1688.26
cell_1713,2070.47,1793.27
cell_1714,2070.64,2414.67
cell_1715,2071.44,1219.19
cell_1716,2071.46,1014.37
cell_1717,2072.17,910.68
cell_1718,2073.09,1116.27
cell_1719,2073.75,1031.55
cell_1720,2074.97,975.29
cell_1721,2075.62,1559.01
cell_1722,2075.73,1264.37
cell_1723,2076.19,1780.35
cell_1724,2076.44,953.51
cell_1725,2076.64,1240.66
cell_1726,2077.17,1171.61
cell_1727,2077.49,938.26
cell_1728,2077.53,2386.68
cell_1729,2077.73,1569.89
cell_1730,2078.56,1157.66
cell_1731,2079.19,1089.99
cell_1732,2081.03,996.95
cell_1733,2081.21,986.47
cell_1734,2081.42,1201.25
cell_1735,2082.48,923.72
cell_1736,2082.5,1581.74
cell_1737,2083.78,908.13
cell_1738,2084.04,967.78
cell_1739,2084.16,1133.15
cell_1740,2084.4,2223.56
cell_1741,2084.68,1502.73
cell_1742,2084.72,2203.24
cell_1743,2085.45,1792.5
cell_1744,2085.47,1050.05
cell_1745,2085.81,761.53
cell_1746,2086.72,957.73
cell_1747,2086.77,1028.65
cell_1748,2087.26,1008.94
cell_1749,2087.58,1072.35
cell_1750,2087.63,1779.9
cell_1751,2088.32,1531.62
cell_1752,2088.93,1746.68
cell_1753,2090.18,2417.51
cell_1754,2090.46,1698.38
cell_1755,2090.57,1402.97
cell_1756,2090.66,1847.59
cell_1757,2091.89,2344.83
cell_1758,2092.37,930.95
cell_1759,2092.6,912.32
cell_1760,2093.34,1173.5
cell_1761,2094.31,1636.2
cell_1762,2094.38,1754.71
cell_1763,2095.06,2384.94
cell_1764,2095.94,971.43
cell_1765,2095.97,1158.17
cell_1766,2096.29,1185.66
cell_1767,2096.54,2203.63
cell_1768,2097.16,1235.28
cell_1769,2097.2,1798.24
cell_1770,2097.27,1827.97
cell_1771,2098,1814.52
cell_1772,2099.2,1775.89
cell_1773,2099.54,1119.44
cell_1774,2099.59,935.27
cell_1775,210.27,2321.57
cell_1776,2100.86,2180.34
cell_1777,2100.97,1004.64
cell_1778,2101.01,1059.28
cell_1779,2101.05,1563.97
cell_1780,2101.99,1610.19
cell_1781,2102.04,1076.77
cell_1782,2102.25,1667.2
cell_1783,2102.79,915.12
cell_1784,2103.1,1686.94
cell_1785,2103.94,1853.03
cell_1786,2105.19,1025.15
cell_1787,2105.24,1038.15
cell_1788,2105.59,1621.41
cell_1789,2105.62,1737.44
cell_1790,2106.15,1090.86
cell_1791,2106.3,2344.38
cell_1792,2106.42,1344.59
cell_1793,2106.45,1212.46
cell_1794,2106.91,964.43
cell_1795,2107.97,2096.81
cell_1796,2108.02,1159.19
cell_1797,2108.37,1822.71
cell_1798,2108.4,1284.76
cell_1799,2108.57,1175.65
cell_1800,2108.73,1186.24
cell_1801,2109.53,2354.4
cell_1802,2111.04,943.09
cell_1803,2111.1,921.35
cell_1804,2111.17,1761.87
cell_1805,2112.14,1778.91
cell_1806,2112.3,1051.63
cell_1807,2112.68,990.94
cell_1808,2112.71,1008.29
cell_1809,2113.03,1603.6
cell_1810,2113.72,1577.93
cell_1811,2114.72,1140.61
cell_1812,2114.79,2171.96
cell_1813,2115.03,2369.09
cell_1814,2115.35,1721.04
cell_1815,2115.58,1750.27
cell_1816,2115.61,775.09
cell_1817,2115.81,1797.38
cell_1818,2115.93,2424.41
cell_1819,2116.94,1080.31
cell_1820,2117.52,1034.05
cell_1821,2117.91,1019.5
cell_1822,2118.17,930.62
cell_1823,2118.49,1873.33
cell_1824,2118.69,1097.45
cell_1825,2118.73,1381.93
cell_1826,2119.01,1531.93
cell_1827,2119.51,1816.39
cell_1828,2120.89,964.74
cell_1829,2121.46,2204.73
cell_1830,2121.79,1652.26
cell_1831,2122.38,1196.42
cell_1832,2122.57,991.85
cell_1833,2123.16,1737.7
cell_1834,2123.24,952.66
cell_1835,2123.48,1062.73
cell_1836,2123.5,1050.94
cell_1837,2124.4,980
cell_1838,2124.72,751.94
cell_1839,2125.33,1778.67
cell_1840,2125.66,2178.88
cell_1841,2125.75,1833.18
cell_1842,2126.91,1622.82
cell_1843,2127.48,2342.79
cell_1844,2127.49,1005.38
cell_1845,2128.28,1810.62
cell_1846,2128.8,1867.08
cell_1847,2128.89,1514.25
cell_1848,2129.49,1693.67
cell_1849,2129.69,2394.18
cell_1850,2129.71,859.19
cell_1851,2129.75,771.75
cell_1852,2130.02,872.26
cell_1853,2130.3,1600.74
cell_1854,2130.44,1139.1
cell_1855,2132.53,1535.71
cell_1856,2132.55,1854.08
cell_1857,2133.22,1092.21
cell_1858,2133.65,1769.78
cell_1859,2133.75,944.52
cell_1860,2134.08,1047.45
cell_1861,2134.1,2369.85
cell_1862,2134.55,1844.02
cell_1863,2134.78,1829.99
cell_1864,2135.36,2183.99
cell_1865,2135.86,1809.96
cell_1866,2136.22,1631.64
cell_1867,2136.4,1063.25
cell_1868,2136.58,1789.6
cell_1869,2136.72,1010.61
cell_1870,2137.4,1023.06
cell_1871,2137.53,1740.23
cell_1872,2137.57,1754.77
cell_1873,2138.06,1704.61
cell_1874,2138.9,1126.45
cell_1875,2138.98,2414.91
cell_1876,2140.7,952.47
cell_1877,2142.87,1003.48
cell_1878,2142.93,839.46
cell_1879,2143.64,989.15
cell_1880,2143.78,871.27
cell_1881,2144.06,1071.56
cell_1882,2144.37,1873.53
cell_1883,2144.5,2212.95
cell_1884,2144.68,1231.48
cell_1885,2145.24,1583.14
cell_1886,2145.67,852.79
cell_1887,2145.97,1844.06
cell_1888,2146.45,972.05
cell_1889,2147.61,1735.91
cell_1890,2148.25,1795.59
cell_1891,2149.6,1678.25
cell_1892,2150.06,1859.09
cell_1893,2150.62,1532.86
cell_1894,2150.63,1114.28
cell_1895,2150.66,837.2
cell_1896,2150.78,765.76
cell_1897,2151.45,1706.95
cell_1898,2152.52,1006.86
cell_1899,2153.25,1191.58
cell_1900,2154.7,1820.5
cell_1901,2155.24,864.84
cell_1902,2155.46,1036.25
cell_1903,2155.57,1843.41
cell_1904,2155.67,982.13
cell_1905,2156.43,2432.87
cell_1906,2156.64,831.84
cell_1907,2156.95,931.81
cell_1908,2158.45,2165.63
cell_1909,2158.67,742.82
cell_1910,2159.09,1769.18
cell_1911,2159.39,914.53
cell_1912,2159.95,2355.52
cell_1913,216.14,1253.59
cell_1914,2160.26,2230.52
cell_1915,2160.29,942.3
cell_1916,2160.38,886.32
cell_1917,2162.69,1688.5
cell_1918,2162.77,1870.76
cell_1919,2163.09,2220.87
cell_1920,2163.26,1101.22
cell_1921,2163.3,991.13
cell_1922,2164.27,1076.61
cell_1923,2164.46,1209.01
cell_1924,2165.7,1753.59
cell_1925,2166.32,1734.02
cell_1926,2166.92,1860.3
cell_1927,2167.04,2445.21
cell_1928,2167.26,1639.4
cell_1929,2167.59,1551.63
cell_1930,2167.92,1786.62
cell_1931,2168.88,2423.7
cell_1932,2169.28,893.88
cell_1933,2169.64,848.67
cell_1934,2170.11,1060.96
cell_1935,2170.61,1353.15
cell_1936,2171.02,1271.09
cell_1937,2171.08,2195.68
cell_1938,2171.09,1589
cell_1939,2171.84,1169.04
cell_1940,2172.4,1193.53
cell_1941,2173.05,1816.35
cell_1942,2173.22,991.85
cell_1943,2173.28,1005.28
cell_1944,2174.14,915.26
cell_1945,2174.52,2243.02
cell_1946,2174.75,936.09
cell_1947,2175.28,2405.63
cell_1948,2175.88,2158.56
cell_1949,2176.11,873.74
cell_1950,2177.35,2212.3
cell_1951,2177.73,2181.67
cell_1952,2177.83,1793.82
cell_1953,2179.16,841.29
cell_1954,2179.6,1707.77
cell_1955,2179.68,1053.6
cell_1956,2179.83,1539.8
cell_1957,2180.52,855.24
cell_1958,2180.78,1784.32
cell_1959,2181.87,1086.31
cell_1960,2181.92,1010.34
cell_1961,2182.19,905.5
cell_1962,2182.77,1720.41
cell_1963,2183.65,1683.87
cell_1964,2184.12,979.13
cell_1965,2185.97,2347.96
cell_1966,2186.15,1815.53
cell_1967,2187.26,1623.57
cell_1968,2187.43,1067.98
cell_1969,2187.65,920.89
cell_1970,2187.81,1015.52
cell_1971,2188.24,1517.83
cell_1972,2189.58,1795.16
cell_1973,2189.61,829.84
cell_1974,2189.96,2239.74
cell_1975,2190.63,870.08
cell_1976,2190.99,1045.93
cell_1977,2191.32,1601.63
cell_1978,2191.77,1132.62
cell_1979,2192.43,1183.2
cell_1980,2192.59,1024.01
cell_1981,2192.88,1173.68
cell_1982,2193.61,1828
cell_1983,2193.82,1611.49
cell_1984,2193.93,855.13
cell_1985,2194.15,2436.37
cell_1986,2194.44,729.77
cell_1987,2195.17,1580.8
cell_1988,2195.46,1918.37
cell_1989,2195.83,1729.23
cell_1990,2195.88,1114.36
cell_1991,2196.15,2401.6
cell_1992,2196.24,881.21
cell_1993,2196.83,932.52
cell_1994,2196.92,906.16
cell_1995,2197.04,1631.1
cell_1996,2197.87,951.03
cell_1997,2198.62,1791.54
cell_1998,2199.23,2361.71
cell_1999,2199.6,1079.34
cell_2000,2200.17,1275.87
cell_2001,2200.44,1094.38
cell_2002,2200.54,1929.41
cell_2003,2200.54,982.16
cell_2004,2201.97,871.62
cell_2005,2202.29,860.85
cell_2006,2202.97,1440.16
cell_2007,2203.38,1767.71
cell_2008,2203.75,1917.5
cell_2009,2203.75,965.69
cell_2010,2204,900.56
cell_2011,2204.07,1483.34
cell_2012,2204.21,1034.49
cell_2013,2204.34,1746.24
cell_2014,2204.55,1637.88
cell_2015,2204.76,1588.5
cell_2016,2205.29,847.22
cell_2017,2205.54,1653.18
cell_2018,2205.65,992.12
cell_2019,2205.66,1210.85
cell_2020,2206.24,2171.77
cell_2021,2206.26,913.36
cell_2022,2207.07,1258.33
cell_2023,2207.17,1904.55
cell_2024,2207.18,1357.94
cell_2025,2207.77,888.39
cell_2026,2208.5,2188.61
cell_2027,2209.81,957.29
cell_2028,221.19,2100.82
cell_2029,2210.25,1695.78
cell_2030,2210.72,1939.5
cell_2031,2211.04,2422.11
cell_2032,2211.08,2444.03
cell_2033,2211.23,1122.26
cell_2034,2211.33,1064.29
cell_2035,2211.34,1892.51
cell_2036,2211.64,1751.09
cell_2037,2211.76,925.25
cell_2038,2211.78,1043.65
cell_2039,2211.99,2624.61
cell_2040,2213.19,1913.74
cell_2041,2213.64,832.7
cell_2042,2213.8,867.88
cell_2043,2213.94,898.65
cell_2044,2214.43,1525.88
cell_2045,2214.74,1927.86
cell_2046,2215.32,2241.26
cell_2047,2215.59,1765.68
cell_2048,2215.64,1636.88
cell_2049,2216.17,1572.98
cell_2050,2216.6,2130.32
cell_2051,2217.41,939.16
cell_2052,2217.55,1022.68
cell_2053,2217.65,1619.88
cell_2054,2218.39,742.49
cell_2055,2218.49,977.63
cell_2056,2218.8,763.41
cell_2057,2219.14,1011.98
cell_2058,2219.15,1078.1
cell_2059,2219.92,1145.93
cell_2060,2220.29,1787.26
cell_2061,2220.53,2216.79
cell_2062,2220.88,1821.78
cell_2063,2221.02,908.21
cell_2064,2221.55,849.26
cell_2065,2221.9,1166.95
cell_2066,2221.9,1219.93
cell_2067,2222.68,862.67
cell_2068,2222.71,961.99
cell_2069,2223.06,2386.24
cell_2070,2223.12,1046.34
cell_2071,2223.86,919.62
cell_2072,2224.1,1847.93
cell_2073,2224.98,1751.69
cell_2074,2225.3,1716.69
cell_2075,2225.82,1628.88
cell_2076,2226.55,1036.46
cell_2077,2226.74,835.61
cell_2078,2226.76,933.85
cell_2079,2226.9,1876.09
cell_2080,2227.01,1793.81
cell_2081,2227.03,2354.11
cell_2082,2227.76,1811.57
cell_2083,2228.19,2404.6
cell_2084,2229.44,1079.54
cell_2085,2230.49,1825.75
cell_2086,2230.86,852.62
cell_2087,2231.02,1915.79
cell_2088,2231.18,1356.28
cell_2089,2232.35,1020.08
cell_2090,2232.53,890.12
cell_2091,2232.61,987.47
cell_2092,2233.42,1137.78
cell_2093,2233.5,2253.36
cell_2094,2233.68,1868.31
cell_2095,2234.18,1095.42
cell_2096,2234.18,772.04
cell_2097,2234.46,912.36
cell_2098,2234.65,2446.95
cell_2099,2234.94,938.26
cell_2100,2235.15,975.23
cell_2101,2235.2,1200.66
cell_2102,2235.59,1782.01
cell_2103,2236.36,1069.81
cell_2104,2236.54,838.63
cell_2105,2237.57,1854.74
cell_2106,2237.59,1703.25
cell_2107,2238.06,2158.39
cell_2108,2239.05,1570.68
cell_2109,2240.25,953.6
cell_2110,2240.59,1043.55
cell_2111,2240.64,739.42
cell_2112,2240.84,760.81
cell_2113,2241,1921.98
cell_2114,2241.1,1122.27
cell_2115,2241.91,848.54
cell_2116,2242.6,1013.78
cell_2117,2242.85,1027.22
cell_2118,2243.01,2413.25
cell_2119,2243.47,1636.25
cell_2120,2244.22,2147.81
cell_2121,2244.25,2377.39
cell_2122,2244.28,1802.39
cell_2123,2244.32,1850
cell_2124,2244.51,1456.32
cell_2125,2245,939.04
cell_2126,2245.21,1675.03
cell_2127,2245.28,1584.95
cell_2128,2245.61,1942.8
cell_2129,2245.89,969.26
cell_2130,2246.05,908.46
cell_2131,2246.3,1903.13
cell_2132,2246.56,926.03
cell_2133,2247.14,1063.15
cell_2134,2247.37,1220.53
cell_2135,2248.1,983.63
cell_2136,2248.89,856.82
cell_2137,2249.33,1917.44
cell_2138,2249.39,1812.1
cell_2139,2249.42,1152.83
cell_2140,2249.48,1867.91
cell_2141,225.83,1061.77
cell_2142,2250.51,1790.7
cell_2143,2250.65,1438.13
cell_2144,2250.92,995.2
cell_2145,2252.79,1523.86
cell_2146,2253.43,2194.23
cell_2147,2254.06,956.11
cell_2148,2254.61,1799.83
cell_2149,2254.69,895.71
cell_2150,2254.73,1858.49
cell_2151,2254.81,2206.31
cell_2152,2255.38,918.73
cell_2153,2256.68,1233.61
cell_2154,2256.72,1890.26
cell_2155,2257.55,1190.86
cell_2156,2257.7,927.45
cell_2157,2257.75,1158.11
cell_2158,2257.83,1778.42
cell_2159,2258.02,1057.73
cell_2160,2258.4,1727.29
cell_2161,2258.7,1131.15
cell_2162,2259.28,1942.44
cell_2163,2259.8,2237.81
cell_2164,2260.66,2410.62
cell_2165,2260.82,1081.45
cell_2166,2261.23,2391.85
cell_2167,2261.63,981.85
cell_2168,2262.4,1852.93
cell_2169,2262.52,1903.38
cell_2170,2262.57,1793.21
cell_2171,2262.8,1142.59
cell_2172,2263.01,2436.9
cell_2173,2263.73,1804.11
cell_2174,2264.08,726.22
cell_2175,2264.31,1198.57
cell_2176,2264.32,1006.85
cell_2177,2264.32,1569.5
cell_2178,2265.01,941.12
cell_2179,2265.25,1877.53
cell_2180,2267.5,1920.43
cell_2181,2267.51,1093.66
cell_2182,2267.68,1183.26
cell_2183,2268.32,1772.07
cell_2184,2268.43,1843.17
cell_2185,2268.47,2257.77
cell_2186,2269.31,1643.13
cell_2187,2269.47,1058.92
cell_2188,2269.6,912.29
cell_2189,2270.37,1938.46
cell_2190,2270.73,739.71
cell_2191,2271.46,1207.19
cell_2192,2271.88,985.63
cell_2193,2273.01,1174.96
cell_2194,2273.02,1663.87
cell_2195,2273.27,1125.91
cell_2196,2273.39,752.43
cell_2197,2273.53,1030.89
cell_2198,2273.53,1714.96
cell_2199,2274.3,1484.97
cell_2200,2274.42,1872.91
cell_2201,2276.57,899.39
cell_2202,2276.76,1837.79
cell_2203,2277.82,965.05
cell_2204,2278.1,2210.41
cell_2205,2278.53,1800.1
cell_2206,2279.19,916.11
cell_2207,2279.8,941.38
cell_2208,2280.05,1529.63
cell_2209,2280.86,1777.64
cell_2210,2281.11,2368.17
cell_2211,2281.65,1193.49
cell_2212,2281.78,1183.69
cell_2213,2281.96,2414.98
cell_2214,2282.07,1580.39
cell_2215,2282.09,1163.94
cell_2216,2283.41,1756.08
cell_2217,2283.81,1078.71
cell_2218,2284.39,1104.69
cell_2219,2284.46,2443.29
cell_2220,2284.52,1014.92
cell_2221,2284.79,929.31
cell_2222,2285.91,957.85
cell_2223,2286.15,732.06
cell_2224,2286.55,1052.75
cell_2225,2286.7,1154.2
cell_2226,2289.15,1746.67
cell_2227,2289.25,1809.3
cell_2228,2289.52,1137.67
cell_2229,2290.1,1873.27
cell_2230,2290.12,2399.24
cell_2231,2290.21,1063.04
cell_2232,2290.37,1821.39
cell_2233,2290.77,882.02
cell_2234,2290.93,1271.93
cell_2235,2291.05,901.15
cell_2236,2291.16,1857.21
cell_2237,2291.51,1799
cell_2238,2292.82,1215.27
cell_2239,2294.68,936.46
cell_2240,2294.85,1890.49
cell_2241,2294.92,2379.14
cell_2242,2294.92,970.35
cell_2243,2295.07,1231.48
cell_2244,2295.5,1203.28
cell_2245,2296.22,1032.81
cell_2246,2296.98,2189.22
cell_2247,2297.61,913.07
cell_2248,2297.72,1090.7
cell_2249,2299.01,742.44
cell_2250,2299.72,1908.35
cell_2251,2299.9,1779.71
cell_2252,2300.5,2450.78
cell_2253,2300.64,820.35
cell_2254,2301.26,1733.5
cell_2255,2301.34,1165.76
cell_2256,2302.29,1192.15
cell_2257,2302.43,1103.08
cell_2258,2304.14,1676.65
cell_2259,2304.58,892
cell_2260,2304.69,1001.04
cell_2261,2305.19,1044.21
cell_2262,2305.66,1180.05
cell_2263,2306.26,1802.14
cell_2264,2306.41,1821.19
cell_2265,2306.62,1655.8
cell_2266,2307.8,2257.53
cell_2267,2307.92,1861.64
cell_2268,2308.15,2418.48
cell_2269,2308.33,725.57
cell_2270,2308.39,935.16
cell_2271,2308.41,1028.64
cell_2272,2308.73,1064.73
cell_2273,2309.24,1537.14
cell_2274,2309.31,2467.93
cell_2275,2310.07,1014.39
cell_2276,2310.09,944.84
cell_2277,2310.2,1875.75
cell_2278,2310.26,1723.99
cell_2279,2311.16,2211.81
cell_2280,2311.46,992.44
cell_2281,2311.75,797.42
cell_2282,2313.19,2401.11
cell_2283,2313.21,1747.79
cell_2284,2313.56,1777.41
cell_2285,2314.12,1138.4
cell_2286,2314.36,1696.41
cell_2287,2314.36,2230.87
cell_2288,2314.73,953.73
cell_2289,2315.46,1837.21
cell_2290,2315.89,465.4
cell_2291,2316.11,789
cell_2292,2316.92,1899.03
cell_2293,2318.17,1057.75
cell_2294,2318.41,2425.06
cell_2295,2318.52,1664.89
cell_2296,2318.6,2452.4
cell_2297,2318.79,1585.23
cell_2298,2319.43,817.91
cell_2299,2319.96,1160.01
cell_2300,2320.05,1099.66
cell_2301,2320.08,1848.31
cell_2302,2321.45,2381.98
cell_2303,2321.76,1763.92
cell_2304,2322.39,2189.17
cell_2305,2322.46,1201.45
cell_2306,2322.73,1881.1
cell_2307,2322.89,1825.8
cell_2308,2323.21,1016.58
cell_2309,2323.24,1118.96
cell_2310,2323.59,1810.78
cell_2311,2325.4,1681.36
cell_2312,2326.23,781.7
cell_2313,2326.41,1786.73
cell_2314,2326.44,2407.73
cell_2315,2326.61,1003.08
cell_2316,2327.26,866.38
cell_2317,2327.95,1912.43
cell_2318,2328.41,1699.23
cell_2319,2328.79,1056.99
cell_2320,2328.83,1211.56
cell_2321,2329.19,798.24
cell_2322,2329.87,1864.82
cell_2323,2330.88,1085.17
cell_2324,2331.07,1634.72
cell_2325,2331.09,905.1
cell_2326,2331.21,2214.86
cell_2327,2332.1,1621.4
cell_2328,2333.14,1228.43
cell_2329,2333.55,1767.18
cell_2330,2333.92,1845.23
cell_2331,2334.29,1727.58
cell_2332,2334.78,973.56
cell_2333,2335.03,814.85
cell_2334,2335.05,2243.07
cell_2335,2335.67,890.24
cell_2336,2335.77,1826.79
cell_2337,2337.35,1681.39
cell_2338,2337.45,692.84
cell_2339,2337.65,791.37
cell_2340,2338.3,2253.91
cell_2341,2338.47,2266.53
cell_2342,2338.64,1192.18
cell_2343,2338.82,824.83
cell_2344,2338.88,1134.73
cell_2345,2339.18,777.16
cell_2346,2339.39,718.77
cell_2347,2340.12,905.16
cell_2348,2340.18,1151.63
cell_2349,2340.42,2464.79
cell_2350,2340.63,1902.93
cell_2351,2341.53,1645.66
cell_2352,2341.96,981.2
cell_2353,2342.4,1656.91
cell_2354,2342.58,1110.51
cell_2355,2343.71,1880.32
cell_2356,2343.74,992.75
cell_2357,2343.77,1615.39
cell_2358,2344.3,1599.44
cell_2359,2345.81,1170.91
cell_2360,2346.62,1065.46
cell_2361,2347.55,1143.49
cell_2362,2347.75,846.26
cell_2363,2347.94,1040.46
cell_2364,2348.87,1732.52
cell_2365,2349.12,810.65
cell_2366,2349.32,1093.51
cell_2367,2350.42,680.02
cell_2368,2350.68,876.12
cell_2369,2350.71,1018.34
cell_2370,2351.49,1226.05
cell_2371,2351.65,1854.9
cell_2372,2352.47,1807.9
cell_2373,2352.7,831.18
cell_2374,2352.97,1828.13
cell_2375,2354.68,1162.52
cell_2376,2354.69,1684.35
cell_2377,2355.52,1662.77
cell_2378,2356.23,1707.69
cell_2379,2356.75,866.15
cell_2380,2357.08,716.37
cell_2381,2357.22,2264.32
cell_2382,2357.36,784.59
cell_2383,2358.08,1440.6
cell_2384,2358.48,2204.38
cell_2385,2358.65,1984.19
cell_2386,2358.66,942.75
cell_2387,2359.47,1934.8
cell_2388,2359.97,2456.35
cell_2389,2360.01,2438.11
cell_2390,2360.31,769.6
cell_2391,2360.71,1130.03
cell_2392,2360.74,819.39
cell_2393,2360.78,929.12
cell_2394,2361.2,1925.21
cell_2395,2361.26,1868.89
cell_2396,2361.35,2007.64
cell_2397,2361.66,840.86
cell_2398,2362.43,1915.2
cell_2399,2362.45,798.9
cell_2400,2363.65,1635.74
cell_2401,2364.05,1962.27
cell_2402,2364.79,952.1
cell_2403,2364.95,1076.78
cell_2404,2365.07,1977.75
cell_2405,2365.1,727.85
cell_2406,2365.77,1191.01
cell_2407,2366.19,1597.41
cell_2408,2366.22,1646.16
cell_2409,2367,1832.11
cell_2410,2367.46,1015.92
cell_2411,2368.5,1725
cell_2412,2368.59,869.22
cell_2413,2369.49,1608.25
cell_2414,2370.56,1778.98
cell_2415,2370.56,846.04
cell_2416,2371.12,2388.51
cell_2417,2371.34,1061.86
cell_2418,2371.88,1912.03
cell_2419,2372.2,857.16
cell_2420,2372.88,943.88
cell_2421,2373.07,967.43
cell_2422,2373.35,1819.82
cell_2423,2374.01,1081
cell_2424,2374.69,931.25
cell_2425,2375.1,824.34
cell_2426,2375.14,1199.06
cell_2427,2375.53,1115.73
cell_2428,2375.91,1933
cell_2429,2375.93,877.5
cell_2430,2376.08,773.06
cell_2431,2376.65,2408.19
cell_2432,2376.98,2204.34
cell_2433,2377.09,2806.85
cell_2434,2377.4,978.4
cell_2435,2377.82,1858.7
cell_2436,2379.84,1472.99
cell_2437,2379.94,850.6
cell_2438,2379.95,1031.25
cell_2439,2379.98,2438.64
cell_2440,2380.54,922.21
cell_2441,2382.05,790.8
cell_2442,2382.61,1836.12
cell_2443,2383.42,1944.43
cell_2444,2383.67,1044.11
cell_2445,2383.69,1668.41
cell_2446,2384.92,1550.45
cell_2447,2385.31,2214.31
cell_2448,2385.52,871.38
cell_2449,2385.7,887.81
cell_2450,2385.88,942.43
cell_2451,2385.96,2230.16
cell_2452,2386.85,2246.47
cell_2453,2387.11,1647.89
cell_2454,2387.16,1795.31
cell_2455,2387.36,722.74
cell_2456,2388.66,1760.65
cell_2457,2389.13,1924.71
cell_2458,2390.38,1898.35
cell_2459,2390.48,1820.15
cell_2460,2390.5,1128.1
cell_2461,2390.54,1965.2
cell_2462,2390.61,1138.44
cell_2463,2390.98,1598.71
cell_2464,2391.26,839.08
cell_2465,2391.31,2443.22
cell_2466,2391.51,2473.39
cell_2467,2391.55,696.13
cell_2468,2391.6,1975.84
cell_2469,2391.68,2023.96
cell_2470,2391.72,954.61
cell_2471,2391.97,900.97
cell_2472,2392.12,1619.09
cell_2473,2392.14,925.25
cell_2474,2392.73,811.91
cell_2475,2393.82,999.74
cell_2476,2393.86,2407.12
cell_2477,2393.86,791.54
cell_2478,2394.03,849.98
cell_2479,2394.18,1634.4
cell_2480,2394.54,1223.34
cell_2481,2394.71,974.95
cell_2482,2394.74,1069.3
cell_2483,2396.32,943.78
cell_2484,2396.66,1052.11
cell_2485,2396.75,1655.15
cell_2486,2397.18,2235.42
cell_2487,2397.5,1012.7
cell_2488,2397.92,1835.08
cell_2489,2398.18,2211.67
cell_2490,2398.28,827.01
cell_2491,2398.96,778.3
cell_2492,2399.14,1900.63
cell_2493,2399.22,871.16
cell_2494,2400.04,1853.96
cell_2495,2400.37,1915.05
cell_2496,2401.57,2020.13
cell_2497,2402.28,1023.91
cell_2498,2402.49,923.81
cell_2499,2403.02,819.5
cell_2500,2403.38,1700.85
cell_2501,2404.24,1744.08
cell_2502,2404.36,1955.66
cell_2503,2405.16,1257.15
cell_2504,2405.29,1118.29
cell_2505,2405.37,836.82
cell_2506,2405.74,860.43
cell_2507,2405.96,2459.66
cell_2508,2406.31,887.4
cell_2509,2406.35,1035.18
cell_2510,2406.37,1146.48
cell_2511,2406.4,2413.96
cell_2512,2408.13,1782.95
cell_2513,2408.35,1011.02
cell_2514,2408.48,1931.08
cell_2515,2409.32,933.67
cell_2516,2410.59,847.52
cell_2517,2411.49,993.6
cell_2518,2411.61,1904.26
cell_2519,2411.64,1849.95
cell_2520,2411.82,2276.6
cell_2521,2412.56,1971.64
cell_2522,2412.71,1138.06
cell_2523,2412.74,1070.14
cell_2524,2412.74,1222.96
cell_2525,2412.79,830.19
cell_2526,2413.44,1026.89
cell_2527,2413.94,1918.12
cell_2528,2415.54,1119.03
cell_2529,2416.28,1041.02
cell_2530,2417.11,702.7
cell_2531,2417.33,1669.04
cell_2532,2418.23,2219.55
cell_2533,2418.84,841.89
cell_2534,2418.93,921.49
cell_2535,2419.1,1844.1
cell_2536,2419.29,1058.06
cell_2537,2420.72,1764.37
cell_2538,2420.78,971.71
cell_2539,2421.38,2237.97
cell_2540,2421.78,2397.02
cell_2541,2422.19,1726.87
cell_2542,2422.37,1932.11
cell_2543,2422.46,1198.42
cell_2544,2422.72,1986.37
cell_2545,2422.77,907.32
cell_2546,2423.27,881.04
cell_2547,2423.41,1910.56
cell_2548,2423.92,1778.04
cell_2549,2424.17,129.38
cell_2550,2424.38,694.13
cell_2551,2425.03,1081.13
cell_2552,2425.17,854.21
cell_2553,2425.46,1631.34
cell_2554,2425.88,864.38
cell_2555,2425.91,1046.82
cell_2556,2427.81,1836.95
cell_2557,2427.83,2411.23
cell_2558,2428.32,1738.32
cell_2559,2428.65,921.25
cell_2560,2428.68,1602.63
cell_2561,2428.71,1849.12
cell_2562,2428.88,1684.22
cell_2563,2429.83,2004.31
cell_2564,243.49,2105.97
cell_2565,2430.02,1887.6
cell_2566,2430.12,800.04
cell_2567,2431.5,896.31
cell_2568,2432.9,2223.37
cell_2569,2432.98,2252.52
cell_2570,2433.04,811.72
cell_2571,2433.54,971.19
cell_2572,2433.63,1994.14
cell_2573,2433.84,1119.12
cell_2574,2434.47,1814.63
cell_2575,2435.3,1010.76
cell_2576,2435.3,1155.61
cell_2577,2435.57,1953.25
cell_2578,2435.68,1172.38
cell_2579,2435.68,1614.32
cell_2580,2436.08,2197.96
cell_2581,2436.21,2232.78
cell_2582,2436.4,950.29
cell_2583,2436.65,1138.44
cell_2584,2437.09,1482.66
cell_2585,2437.5,887.73
cell_2586,2437.55,1093.23
cell_2587,2437.62,1974.64
cell_2588,2437.85,1769.27
cell_2589,2437.86,1127.19
cell_2590,2438.27,920.44
cell_2591,2438.56,1831.92
cell_2592,2438.9,871.33
cell_2593,2439.04,820
cell_2594,2439.35,1870.33
cell_2595,2439.64,1671.02
cell_2596,2439.99,2495.41
cell_2597,2441.7,1893.12
cell_2598,2442.23,1989.21
cell_2599,2442.43,1921.61
cell_2600,2442.57,1754.55
cell_2601,2443.69,828.14
cell_2602,2443.7,1025.99
cell_2603,2443.77,941.19
cell_2604,2444.68,971.57
cell_2605,2445.3,1882.23
cell_2606,2445.72,891.45
cell_2607,2446,1113.97
cell_2608,2446.07,1722.7
cell_2609,2447.05,2245.99
cell_2610,2447.09,1980.65
cell_2611,2447.55,684.15
cell_2612,2447.98,1048.18
cell_2613,2448.05,1811.2
cell_2614,2448.41,992.45
cell_2615,2448.65,867.48
cell_2616,2449.22,880.82
cell_2617,2449.27,1872.68
cell_2618,2449.31,1826.75
cell_2619,2449.77,910.95
cell_2620,2452.1,1738.64
cell_2621,2452.3,1158.33
cell_2622,2452.7,1856.91
cell_2623,2453.4,1101.2
cell_2624,2453.44,1188.79
cell_2625,2454.32,1628
cell_2626,2454.81,2505.89
cell_2627,2455.27,1026.19
cell_2628,2455.98,1681.8
cell_2629,2456.23,1905.6
cell_2630,2456.38,1146.4
cell_2631,2457.28,953.41
cell_2632,2458.23,891.05
cell_2633,2458.26,2237.48
cell_2634,2458.7,1883.98
cell_2635,2458.87,876.32
cell_2636,2458.9,2419.62
cell_2637,2459.16,1054.26
cell_2638,2459.87,988.06
cell_2639,2459.94,860.95
cell_2640,2460.19,926.29
cell_2641,2460.42,1831.87
cell_2642,2460.61,1798.95
cell_2643,2462.78,2490.82
cell_2644,2463.91,716.59
cell_2645,2464.23,1925.33
cell_2646,2465,1771.5
cell_2647,2465.16,905.88
cell_2648,2465.24,1040.63
cell_2649,2465.25,689.97
cell_2650,2465.82,817.74
cell_2651,2465.84,672.79
cell_2652,2466.13,1862.95
cell_2653,2466.35,868.92
cell_2654,2466.37,2257.03
cell_2655,2466.47,1151.76
cell_2656,2466.48,1137
cell_2657,2466.97,181.37
cell_2658,2467.07,2518.5
cell_2659,2467.48,967.91
cell_2660,2468.12,1612.49
cell_2661,2469.03,1165.7
cell_2662,2469.44,2233.39
cell_2663,2469.95,880.64
cell_2664,2470.32,1885.58
cell_2665,2471.53,1077.47
cell_2666,2471.64,1178.44
cell_2667,2471.99,1109.44
cell_2668,2473.16,1921.78
cell_2669,2473.22,862.36
cell_2670,2473.68,2274.32
cell_2671,2475.82,1810.15
cell_2672,2475.84,1742.33
cell_2673,2475.87,1876.69
cell_2674,2476.07,1122.58
cell_2675,2476.11,948.48
cell_2676,2476.39,2286.14
cell_2677,2476.54,990.35
cell_2678,2476.62,1713.72
cell_2679,2477.72,1065.93
cell_2680,2478.06,884.18
cell_2681,2478.83,929.61
cell_2682,2479.01,1844.27
cell_2683,2479.59,2417.8
cell_2684,2480,867.84
cell_2685,2480.11,901.56
cell_2686,2480.18,1909.02
cell_2687,2480.39,2227.89
cell_2688,2480.88,2251.32
cell_2689,2481.4,1899.14
cell_2690,2482.3,969.59
cell_2691,2482.41,1014.53
cell_2692,2482.5,1654.95
cell_2693,2482.64,1599.58
cell_2694,2482.92,1044.94
cell_2695,2482.97,817.02
cell_2696,2483.37,835.04
cell_2697,2483.91,1748.88
cell_2698,2484.9,1621.32
cell_2699,2484.92,1675.51
cell_2700,2485.25,682.17
cell_2701,2485.4,1208.55
cell_2702,2485.69,1632.35
cell_2703,2485.71,1785.87
cell_2704,2486.2,944.89
cell_2705,2486.43,848.78
cell_2706,2487.02,1028.75
cell_2707,2488.27,1889.65
cell_2708,2488.52,908.94
cell_2709,2489.8,714.12
cell_2710,2490.93,1923.42
cell_2711,2491.24,1691.26
cell_2712,2491.35,993.36
cell_2713,2491.66,1860.41
cell_2714,2491.79,1140.7
cell_2715,2491.91,1827.59
cell_2716,2491.91,1904.89
cell_2717,2492.33,870.51
cell_2718,2492.57,1844.07
cell_2719,2493.96,927.3
cell_2720,2494.16,1757.58
cell_2721,2494.35,1816.85
cell_2722,2494.37,2510.89
cell_2723,2494.7,1884.58
cell_2724,2494.76,1944.03
cell_2725,2494.88,1972.74
cell_2726,2495.07,1357.68
cell_2727,2495.29,2242.7
cell_2728,2495.32,822.02
cell_2729,2495.35,1071.92
cell_2730,2495.92,1160.89
cell_2731,2495.93,953.34
cell_2732,2495.94,2483.84
cell_2733,2496.16,1100.33
cell_2734,2496.49,1151.39
cell_2735,2497.41,1179.92
cell_2736,2497.7,971.61
cell_2737,2497.97,849.4
cell_2738,2498.24,1470.73
cell_2739,2498.26,1769.11
cell_2740,2498.27,1731.28
cell_2741,2498.78,530.75
cell_2742,2499.99,1030.4
cell_2743,2500.49,1876.17
cell_2744,2500.93,887.08
cell_2745,2501.9,839.42
cell_2746,2502.18,2274.91
cell_2747,2502.74,996.51
cell_2748,2503.01,1961.34
cell_2749,2503.52,1900.48
cell_2750,2503.64,926.93
cell_2751,2504.36,1924.41
cell_2752,2505.07,1007.74
cell_2753,2505.78,1683.98
cell_2754,2505.82,1579.44
cell_2755,2506.14,1950.71
cell_2756,2506.56,858.06
cell_2757,2506.65,1106.38
cell_2758,2508.44,2296.52
cell_2759,2508.54,1886.64
cell_2760,2508.7,1977.43
cell_2761,2509.18,1811.58
cell_2762,2509.36,1667.8
cell_2763,2509.39,1695.63
cell_2764,2509.45,1744.81
cell_2765,2510.32,1864.8
cell_2766,2510.74,1611.86
cell_2767,2510.77,2224.63
cell_2768,2511.23,657.4
cell_2769,2511.51,1797.89
cell_2770,2511.54,1770.96
cell_2771,2511.81,868.18
cell_2772,2511.89,1542.18
cell_2773,2512.26,967.6
cell_2774,2512.47,881.26
cell_2775,2513.54,2505.88
cell_2776,2514.06,2424.44
cell_2777,2514.17,1646.16
cell_2778,2514.51,946.43
cell_2779,2515.03,979.49
cell_2780,2515.11,1822.88
cell_2781,2516.07,1015.75
cell_2782,2516.61,1972.41
cell_2783,2517.06,1090.78
cell_2784,2517.3,1906.02
cell_2785,2518.08,1892.47
cell_2786,2519.19,1324.66
cell_2787,2520.43,1676.98
cell_2788,2520.54,1925.14
cell_2789,2520.8,2496.2
cell_2790,2521.02,1782.22
cell_2791,2521.34,937
cell_2792,2521.71,1953.34
cell_2793,2522.38,1914.88
cell_2794,2522.71,779.53
cell_2795,2522.91,1143.77
cell_2796,2523.36,1863.44
cell_2797,2523.59,950.75
cell_2798,2523.61,1837.84
cell_2799,2523.7,793.84
cell_2800,2524.57,1687.93
cell_2801,2524.84,1734.48
cell_2802,2525.49,993.62
cell_2803,2526.07,1009.34
cell_2804,2526.33,1795.49
cell_2805,2526.36,693.77
cell_2806,2527.48,1448.63
cell_2807,2527.56,1709.54
cell_2808,2527.93,1943.92
cell_2809,2528.17,763.68
cell_2810,2528.2,2285.1
cell_2811,2528.25,985.12
cell_2812,2528.66,1960.11
cell_2813,2529.26,839.01
cell_2814,2530.34,1101.96
cell_2815,2530.41,819.24
cell_2816,2530.88,828.53
cell_2817,2531.31,2256.21
cell_2818,2531.53,2245.2
cell_2819,2531.85,1181.12
cell_2820,2531.88,1911.5
cell_2821,2531.98,1035.45
cell_2822,2532.62,674.26
cell_2823,2532.72,1894.36
cell_2824,2533.52,1816.98
cell_2825,2533.78,1935.92
cell_2826,2533.88,948.02
cell_2827,2534.42,781.17
cell_2828,2534.79,1547.23
cell_2829,2535.37,1855.49
cell_2830,2536.52,1023.98
cell_2831,2536.55,971.61
cell_2832,2536.82,1778.01
cell_2833,2539.6,1907.08
cell_2834,2539.78,1583.22
cell_2835,2539.78,2227.86
cell_2836,2539.98,814.68
cell_2837,2540.04,2492.96
cell_2838,2540.06,749.64
cell_2839,2540.32,773.85
cell_2840,2540.49,1918.93
cell_2841,2540.82,961.91
cell_2842,2540.9,1393.93
cell_2843,2541.29,868.22
cell_2844,2541.89,926.3
cell_2845,2542.03,1115.63
cell_2846,2542.04,1681.04
cell_2847,2542.29,1763.67
cell_2848,2542.29,662.03
cell_2849,2542.45,1930.8
cell_2850,2542.57,1741.38
cell_2851,2543.09,1790.83
cell_2852,2543.43,1886.69
cell_2853,2543.58,1127.61
cell_2854,2544.34,1696.42
cell_2855,2544.61,1654.9
cell_2856,2545,1213.77
cell_2857,2545.4,1006.42
cell_2858,2545.55,1157.17
cell_2859,2545.62,841.45
cell_2860,2545.65,2510.73
cell_2861,2545.84,1838.3
cell_2862,2546.69,954.04
cell_2863,2546.89,933.46
cell_2864,2547.09,691.79
cell_2865,2547.24,1713.57
cell_2866,2547.53,1644.69
cell_2867,2547.6,983.46
cell_2868,2547.71,767.58
cell_2869,2548.71,1605.9
cell_2870,2548.72,1070.58
cell_2871,2548.76,808.35
cell_2872,2551.2,1443.52
cell_2873,2551.82,878.23
cell_2874,2552.13,1888.11
cell_2875,2552.65,1849.09
cell_2876,2552.77,2494.77
cell_2877,2552.95,1769.47
cell_2878,2553.23,2190.89
cell_2879,2553.66,1547.81
cell_2880,2553.82,1900.05
cell_2881,2553.83,940.75
cell_2882,2553.92,965.89
cell_2883,2553.94,759.99
cell_2884,2554.03,744.05
cell_2885,2554.16,409.79
cell_2886,2554.2,1187.62
cell_2887,2554.86,990.68
cell_2888,2555.17,1732.41
cell_2889,2555.44,2285.44
cell_2890,2555.8,2324.33
cell_2891,2555.94,2309.71
cell_2892,2556.13,1564.78
cell_2893,2557.07,1128.26
cell_2894,2557.08,1206.02
cell_2895,2558.14,949.03
cell_2896,2558.87,800.98
cell_2897,2559.12,1324.18
cell_2898,2559.2,1071.91
cell_2899,2559.32,1353.73
cell_2900,2559.68,646.44
cell_2901,2559.8,838.77
cell_2902,2561.98,2274.97
cell_2903,2562.09,1415.79
cell_2904,2562.14,957.05
cell_2905,2562.28,1869.71
cell_2906,2562.44,1698.15
cell_2907,2563.1,692.48
cell_2908,2563.53,773.83
cell_2909,2564.42,1719.74
cell_2910,2564.65,1109.77
cell_2911,2565.14,1055.77
cell_2912,2565.4,1848.2
cell_2913,2566.06,812.98
cell_2914,2566.13,741.6
cell_2915,2566.46,986.3
cell_2916,2566.96,967.7
cell_2917,2567.11,2241.78
cell_2918,2568.53,827.66
cell_2919,2568.55,1581.46
cell_2920,2568.62,2233.04
cell_2921,2569.02,1595.64
cell_2922,2569.65,863.38
cell_2923,2569.66,780.86
cell_2924,2570.08,1092.03
cell_2925,2570.94,895.5
cell_2926,2572.13,2298.4
cell_2927,2572.23,803.25
cell_2928,2572.99,818.64
cell_2929,2573.42,1076.22
cell_2930,2573.45,1544.89
cell_2931,2573.46,1001.91
cell_2932,2574.18,2418.98
cell_2933,2574.65,1756.65
cell_2934,2574.98,1628.57
cell_2935,2575,845.94
cell_2936,2575.3,2500.77
cell_2937,2575.31,760.87
cell_2938,2575.33,1843.89
cell_2939,2575.68,973.5
cell_2940,2576.69,1792.79
cell_2941,2576.7,1129.2
cell_2942,2577.22,1878.6
cell_2943,2577.29,744.01
cell_2944,2578.24,879.5
cell_2945,2578.87,1833.71
cell_2946,2579.04,694.06
cell_2947,2579.09,857.17
cell_2948,2579.62,1696.24
cell_2949,2579.77,1990.33
cell_2950,258.88,2096.16
cell_2951,2580.06,2013.15
cell_2952,2580.08,836.01
cell_2953,2580.18,794.32
cell_2954,2580.58,1157.09
cell_2955,2581.41,1683.72
cell_2956,2581.77,1037.39
cell_2957,2582.49,2031.52
cell_2958,2582.86,1924.44
cell_2959,2582.95,2464.19
cell_2960,2583.14,898.62
cell_2961,2583.79,1459.46
cell_2962,2583.91,1982.21
cell_2963,2584.21,823.43
cell_2964,2584.21,985.32
cell_2965,2584.51,912.48
cell_2966,2585.04,2020.15
cell_2967,2585.68,1637.9
cell_2968,2585.97,921.63
cell_2969,2586.29,874.35
cell_2970,2587.36,1362.94
cell_2971,2587.61,1874.53
cell_2972,2587.79,658.02
cell_2973,2588.02,1939.93
cell_2974,2588.04,742.73
cell_2975,2588.46,891.1
cell_2976,2588.61,758.41
cell_2977,2588.81,931.36
cell_2978,2589.35,1714.32
cell_2979,2589.35,639.12
cell_2980,2589.56,1625.45
cell_2981,2589.56,1822.88
cell_2982,2590.34,775.91
cell_2983,2590.43,1959.69
cell_2984,2590.76,1972.76
cell_2985,2590.86,996.19
cell_2986,2590.93,2041.3
cell_2987,2591.09,807.16
cell_2988,2591.62,2256.56
cell_2989,2591.83,1850.93
cell_2990,2591.97,828.19
cell_2991,2592.02,863.32
cell_2992,2592.43,791.2
cell_2993,2593.99,1560.41
cell_2994,2594.27,908.85
cell_2995,2594.67,942.67
cell_2996,2594.92,2316.92
cell_2997,2594.93,1886.31
cell_2998,2596.17,2011.04
cell_2999,2596.23,2027.97
cell_3000,2596.31,1016.46
cell_3001,2596.37,1051.24
cell_3002,2596.82,1785.84
cell_3003,2597.26,1074.21
cell_3004,2597.67,2055.51
cell_3005,2597.81,821.6
cell_3006,2598.09,1760.77
cell_3007,2598.27,744.56
cell_3008,2598.78,954.26
cell_3009,2598.89,1631.58
cell_3010,2599.29,876.35
cell_3011,2599.5,1101.31
cell_3012,2599.55,1871.67
cell_3013,2599.89,2244.67
cell_3014,260.83,2107.57
cell_3015,2600.17,1732.58
cell_3016,2600.32,761.27
cell_3017,2600.61,778.47
cell_3018,2600.68,904.4
cell_3019,2601.19,839.25
cell_3020,2601.22,963.6
cell_3021,2601.37,2042.26
cell_3022,2601.48,1157.79
cell_3023,2602.64,934.85
cell_3024,2602.91,806.33
cell_3025,2603.1,858.45
cell_3026,2603.77,2265.96
cell_3027,2604.02,1113.26
cell_3028,2604.26,1578.71
cell_3029,2604.27,794.93
cell_3030,2604.31,1808.12
cell_3031,2604.38,2023.8
cell_3032,2604.6,1931.01
cell_3033,2605.14,1861.71
cell_3034,2605.16,973.58
cell_3035,2606.47,948.84
cell_3036,2606.77,988.13
cell_3037,2607.79,1884.17
cell_3038,2607.83,1836.4
cell_3039,2607.99,1957.14
cell_3040,2608.17,1565.08
cell_3041,2608.99,1032.78
cell_3042,2609.65,669.15
cell_3043,2609.67,757.8
cell_3044,2609.82,887.19
cell_3045,2610.38,915.91
cell_3046,2610.99,2317.68
cell_3047,2611.8,832.9
cell_3048,2611.84,1680.89
cell_3049,2611.99,2506.69
cell_3050,2612.18,2306.02
cell_3051,2612.98,938.17
cell_3052,2613.29,1088.24
cell_3053,2614.15,874.2
cell_3054,2614.9,858.28
cell_3055,2615.12,2204.2
cell_3056,2615.14,771.06
cell_3057,2615.38,1922.63
cell_3058,2615.58,818.22
cell_3059,2616.06,1059.99
cell_3060,2616.06,976
cell_3061,2616.13,900.12
cell_3062,2616.27,1878.49
cell_3063,2616.37,749.02
cell_3064,2616.52,1623.34
cell_3065,2616.67,782.77
cell_3066,2617.08,848.18
cell_3067,2617.13,2522.97
cell_3068,2617.2,1967.95
cell_3069,2617.55,2034.47
cell_3070,2617.67,797
cell_3071,2617.96,1848.39
cell_3072,2618.56,1717.05
cell_3073,2618.9,2463.08
cell_3074,2619.31,2260.79
cell_3075,2619.48,2435.04
cell_3076,2619.54,988.75
cell_3077,2620.21,1736.07
cell_3078,2621.39,2286.01
cell_3079,2622.11,1953.58
cell_3080,2622.14,1796.42
cell_3081,2622.68,2000.57
cell_3082,2623.17,811.53
cell_3083,2624.16,1666.03
cell_3084,2624.77,1924.78
cell_3085,2625.09,756.4
cell_3086,2625.17,1986.55
cell_3087,2625.4,2024.23
cell_3088,2625.43,933.55
cell_3089,2625.48,968.21
cell_3090,2625.74,801.36
cell_3091,2625.85,1826.17
cell_3092,2625.85,877.22
cell_3093,2625.87,1977.28
cell_3094,2625.92,1873.33
cell_3095,2626.33,834.05
cell_3096,2626.34,1003.71
cell_3097,2626.99,2042.35
cell_3098,2628.17,1648.06
cell_3099,2628.28,865.49
cell_3100,2628.87,918.03
cell_3101,2629.42,850.92
cell_3102,2629.84,786.37
cell_3103,2630.17,1139.17
cell_3104,2630.2,658.96
cell_3105,2630.43,1774.05
cell_3106,2631.39,1409.2
cell_3107,2631.91,2499.15
cell_3108,2632.09,1569.04
cell_3109,2632.73,1116.34
cell_3110,2632.83,895.86
cell_3111,2632.93,1968.71
cell_3112,2633.19,2255.24
cell_3113,2633.29,953.58
cell_3114,2633.4,761.72
cell_3115,2633.66,1020.16
cell_3116,2634.16,1658.96
cell_3117,2634.44,2296.6
cell_3118,2634.47,1851.83
cell_3119,2635.69,2035.56
cell_3120,2635.69,817.05
cell_3121,2635.72,1680.54
cell_3122,2635.95,1922.78
cell_3123,2636.29,1793.37
cell_3124,2636.3,1591.9
cell_3125,2636.35,936.83
cell_3126,2637.06,1947.85
cell_3127,2637.42,1959.35
cell_3128,2637.67,630.58
cell_3129,2638.05,2240.14
cell_3130,2638.1,1670.31
cell_3131,2638.15,910.3
cell_3132,2638.44,1995.99
cell_3133,2638.56,1100.47
cell_3134,2638.83,1863.83
cell_3135,2639.16,846.68
cell_3136,2639.43,2010.94
cell_3137,2639.92,2531.32
cell_3138,2640.51,1985.37
cell_3139,2640.6,790.14
cell_3140,2641.43,682.66
cell_3141,2641.44,1894.49
cell_3142,2641.79,768.21
cell_3143,2642.52,878.19
cell_3144,2642.69,991.53
cell_3145,2643.29,862.13
cell_3146,2644.66,803.91
cell_3147,2644.94,833.78
cell_3148,2645.66,1616.39
cell_3149,2645.98,1848.53
cell_3150,2646.16,778.45
cell_3151,2646.62,1975.25
cell_3152,2646.99,2212.23
cell_3153,2647.1,893.41
cell_3154,2647.19,1717.81
cell_3155,2647.46,1134.18
cell_3156,2647.46,904.21
cell_3157,2648.08,951.65
cell_3158,2648.14,1868.66
cell_3159,2648.51,1811.49
cell_3160,2648.76,1737.52
cell_3161,2649.64,1966.24
cell_3162,2649.84,940.03
cell_3163,2650.02,2025.4
cell_3164,2650.29,844.44
cell_3165,2651.25,929.41
cell_3166,2651.7,2543.58
cell_3167,2652.77,2281.22
cell_3168,2652.89,1842.43
cell_3169,2653.12,823.43
cell_3170,2653.4,877.23
cell_3171,2653.57,1982.02
cell_3172,2654.55,807.24
cell_3173,2654.66,2018.28
cell_3174,2656.07,1004.72
cell_3175,2656.36,1050.04
cell_3176,2656.84,627.48
cell_3177,2657.2,2006.31
cell_3178,2657.3,1067.17
cell_3179,2657.55,968.96
cell_3180,2658.06,1938.04
cell_3181,2658.09,1116.33
cell_3182,2658.09,838.65
cell_3183,2658.2,2445.6
cell_3184,2658.54,652.61
cell_3185,2658.68,1650.2
cell_3186,2658.91,2273.47
cell_3187,2659.58,1674.76
cell_3188,2659.68,950.98
cell_3189,2659.82,858.47
cell_3190,2660.15,899.93
cell_3191,2660.79,1801.49
cell_3192,2660.92,2310.9
cell_3193,2661.02,911.99
cell_3194,2661.12,1693.83
cell_3195,2661.56,926.08
cell_3196,2661.94,1947.95
cell_3197,2661.96,1097.16
cell_3198,2662.48,1032.97
cell_3199,2662.7,1861.82
cell_3200,2663.74,1931.08
cell_3201,2664.02,1167.24
cell_3202,2664.26,1900.92
cell_3203,2664.89,1839.29
cell_3204,2665.1,2302.64
cell_3205,2666.1,1629.79
cell_3206,2666.28,808.23
cell_3207,2666.6,848.55
cell_3208,2667.5,2260.56
cell_3209,2668.18,872.97
cell_3210,2668.43,2473.28
cell_3211,2669.78,833.28
cell_3212,2670.01,1000.18
cell_3213,2670.18,885.78
cell_3214,2670.56,2238.38
cell_3215,2670.99,1640.08
cell_3216,2671.01,988.39
cell_3217,2671.11,1876.2
cell_3218,2671.13,931.87
cell_3219,2671.91,1016.42
cell_3220,2672.34,821.69
cell_3221,2672.95,1028.38
cell_3222,2673.43,1606.07
cell_3223,2673.93,843.64
cell_3224,2674.18,1818.35
cell_3225,2674.2,1909.01
cell_3226,2674.3,1133.02
cell_3227,2675.05,2001.11
cell_3228,2675.19,2295.91
cell_3229,2675.38,1787.25
cell_3230,2675.42,1514.67
cell_3231,2675.74,1707.49
cell_3232,2675.75,1927.06
cell_3233,2676.43,2272.04
cell_3234,2676.73,1896.03
cell_3235,2676.73,860.4
cell_3236,2677.06,1856.09
cell_3237,2677.09,1953.98
cell_3238,2678.07,910.63
cell_3239,2678.17,1943.26
cell_3240,2678.7,763.28
cell_3241,2679.04,2328.46
cell_3242,2679.23,1544.2
cell_3243,2680.37,836.5
cell_3244,2680.41,1882.55
cell_3245,2681.55,1655.47
cell_3246,2681.59,816.31
cell_3247,2681.69,789.54
cell_3248,2681.78,2316.19
cell_3249,2682.92,851.53
cell_3250,2683.06,772.41
cell_3251,2683.44,1080
cell_3252,2683.61,1112.95
cell_3253,2683.88,1050.79
cell_3254,2684.27,898.11
cell_3255,2684.47,942.15
cell_3256,2684.66,1866.7
cell_3257,2685.08,1679.93
cell_3258,2685.67,2521.75
cell_3259,2685.7,929.38
cell_3260,2685.83,1009.6
cell_3261,2685.83,634.22
cell_3262,2686,1664.8
cell_3263,2686.15,2280.16
cell_3264,2687.01,1950.58
cell_3265,2687.1,1835.91
cell_3266,2687.54,1991.81
cell_3267,2688.07,1908.28
cell_3268,2688.38,1920.3
cell_3269,2688.39,1964.43
cell_3270,2688.58,1124.87
cell_3271,2691.53,783.69
cell_3272,2691.85,1538.16
cell_3273,2692.08,1934.07
cell_3274,2692.1,765.8
cell_3275,2692.31,837.46
cell_3276,2692.37,801.32
cell_3277,2692.42,1151.71
cell_3278,2693.04,669.19
cell_3279,2693.62,1635.64
cell_3280,2694.03,627.02
cell_3281,2694.14,1804
cell_3282,2694.29,1599.92
cell_3283,2694.61,1620.45
cell_3284,2694.67,1972.59
cell_3285,2694.73,1095.44
cell_3286,2694.88,883.44
cell_3287,2695.23,1893.39
cell_3288,2695.41,1859.74
cell_3289,2695.45,860.27
cell_3290,2696.46,1688.68
cell_3291,2696.82,906.48
cell_3292,2697.01,1881.54
cell_3293,2697.32,1574.65
cell_3294,2697.81,1792.19
cell_3295,2698.18,773.25
cell_3296,2698.34,1703.04
cell_3297,2699.64,842.67
cell_3298,2700.19,939.03
cell_3299,2700.32,2246.22
cell_3300,2700.45,1025.64
cell_3301,2700.47,1815.77
cell_3302,2700.64,1050.42
cell_3303,2701.03,960.97
cell_3304,2701.22,806.27
cell_3305,2701.92,1915.5
cell_3306,2701.94,2289.52
cell_3307,2702.5,1959.55
cell_3308,2702.52,2530.01
cell_3309,2703.98,619
cell_3310,2705.16,893.92
cell_3311,2705.22,779.9
cell_3312,2705.53,1660.55
cell_3313,2705.84,824.89
cell_3314,2705.89,1765.45
cell_3315,2706.11,1037.6
cell_3316,2706.44,1715.88
cell_3317,2707.55,2314.64
cell_3318,2707.75,1780.73
cell_3319,2707.9,1670.29
cell_3320,2708.78,856.89
cell_3321,2709.23,794.97
cell_3322,2709.46,992.02
cell_3323,2709.55,636.38
cell_3324,2709.68,835.22
cell_3325,2709.76,1952.76
cell_3326,2710.43,1861.19
cell_3327,2711.26,1544.58
cell_3328,2711.46,1680.87
cell_3329,2711.47,1836.1
cell_3330,2711.64,1700.86
cell_3331,2711.66,1107.81
cell_3332,2712.56,866.41
cell_3333,2712.74,2266.19
cell_3334,2712.91,2536.29
cell_3335,2713.54,1879.84
cell_3336,2713.71,2328.36
cell_3337,2713.8,1125.58
cell_3338,2713.8,1568.46
cell_3339,2714.08,1096.68
cell_3340,2714.9,1807.85
cell_3341,2717.32,817.32
cell_3342,2718.4,1177.13
cell_3343,2718.89,1744.69
cell_3344,2719.35,909
cell_3345,2719.82,1909.19
cell_3346,272.11,1085.3
cell_3347,272.39,2093.96
cell_3348,2720.08,2236.97
cell_3349,2720.11,990.01
cell_3350,2720.3,1983.87
cell_3351,2721.44,1518.03
cell_3352,2721.75,900.27
cell_3353,2721.84,1847.25
cell_3354,2721.94,627.19
cell_3355,2721.97,1630.1
cell_3356,2722.07,873.24
cell_3357,2722.37,827.16
cell_3358,2722.44,959.22
cell_3359,2722.45,1823.67
cell_3360,2722.98,1946.6
cell_3361,2724.63,1084.75
cell_3362,2724.9,852.04
cell_3363,2725.62,918.93
cell_3364,2725.85,1789.65
cell_3365,2726.24,1001.22
cell_3366,2726.43,2287.62
cell_3367,2726.44,663.26
cell_3368,2726.75,2275.84
cell_3369,2726.77,1054.09
cell_3370,2726.83,2320.73
cell_3371,2726.97,1879
cell_3372,2727.33,2531.75
cell_3373,2728.89,835.25
cell_3374,2729.4,1659.49
cell_3375,2731.06,1905.41
cell_3376,2731.34,1097.54
cell_3377,2731.73,967.62
cell_3378,2731.78,905.43
cell_3379,2731.99,1955.67
cell_3380,2732.33,866.34
cell_3381,2732.95,2256.77
cell_3382,2733.17,1708.37
cell_3383,2734.51,1744.45
cell_3384,2734.74,1546.8
cell_3385,2734.83,956.17
cell_3386,2735.04,1925.06
cell_3387,2735.2,891.87
cell_3388,2735.86,1849.53
cell_3389,2736.19,928.57
cell_3390,2737.58,643.91
cell_3391,2738.24,1039.07
cell_3392,2738.58,1794.32
cell_3393,2738.91,878.41
cell_3394,2739.29,1763.64
cell_3395,2741.16,1011.35
cell_3396,2741.41,2050.99
cell_3397,2741.66,1971.09
cell_3398,2743.63,2233.01
cell_3399,2744.52,1201.32
cell_3400,2744.57,800.62
cell_3401,2744.72,1951.38
cell_3402,2745.82,1627.09
cell_3403,2746.45,1105.61
cell_3404,2746.59,2036.1
cell_3405,2746.7,2284.41
cell_3406,2747.08,1726.58
cell_3407,2748.83,1641.41
cell_3408,2749.2,1076.99
cell_3409,2750.04,635.28
cell_3410,2751.09,1714.53
cell_3411,2751.53,1807.81
cell_3412,2751.93,900.46
cell_3413,2752.75,2491.53
cell_3414,2753.16,1096.25
cell_3415,2753.16,613.67
cell_3416,2753.26,2262.57
cell_3417,2754.34,876.39
cell_3418,2754.64,2026.83
cell_3419,2754.65,2324.48
cell_3420,2756.24,1770.97
cell_3421,2756.25,1869.24
cell_3422,2756.73,1839.07
cell_3423,2757.84,920.36
cell_3424,2757.86,1738.99
cell_3425,2758.31,887.53
cell_3426,2760.72,1826.61
cell_3427,2760.83,815.99
cell_3428,2761.05,1704.92
cell_3429,2761.45,1160.74
cell_3430,2761.66,2110.1
cell_3431,2761.72,2540.33
cell_3432,2763.87,897.17
cell_3433,2765,1798.33
cell_3434,2765.55,2310.54
cell_3435,2766.05,1969.08
cell_3436,2766.22,1664.93
cell_3437,2766.42,2097.92
cell_3438,2766.73,758.86
cell_3439,2766.84,2292.69
cell_3440,2766.9,777.7
cell_3441,2767.96,1337.93
cell_3442,2768.09,1960.77
cell_3443,2769.03,1897.88
cell_3444,2769.68,799.96
cell_3445,2769.75,786.69
cell_3446,2770.15,2232.9
cell_3447,2770.34,2115.11
cell_3448,2772.39,1600.71
cell_3449,2772.8,1093.02
cell_3450,2773.47,1846.3
cell_3451,2773.58,2558.6
cell_3452,2773.66,2284.58
cell_3453,2773.83,815.83
cell_3454,2774.41,1812.95
cell_3455,2775.97,1656.62
cell_3456,2777.03,1795.12
cell_3457,2778.13,1860.31
cell_3458,2779.2,731.82
cell_3459,2779.26,933.93
cell_3460,2779.7,2090.3
cell_3461,2780.21,1775.86
cell_3462,2781.15,1937.86
cell_3463,2781.17,766.55
cell_3464,2781.58,2010.09
cell_3465,2781.78,2045.91
cell_3466,2782.67,1761.75
cell_3467,2782.7,1989.87
cell_3468,2783.77,1968.3
cell_3469,2783.94,1680.79
cell_3470,2784.04,609.46
cell_3471,2784.47,2299.44
cell_3472,2786.54,779.65
cell_3473,2786.78,1534.29
cell_3474,2786.8,1230.7
cell_3475,2786.8,2256.91
cell_3476,2787.59,867.93
cell_3477,2787.82,1996.91
cell_3478,2788.2,2036.43
cell_3479,2788.91,1498.64
cell_3480,2789.06,2327
cell_3481,2789.32,1827.55
cell_3482,2789.67,724.22
cell_3483,2790.41,1960.86
cell_3484,2790.78,2269.82
cell_3485,2790.84,629.2
cell_3486,2791.56,1712.16
cell_3487,2791.71,1796.97
cell_3488,2791.97,1922.8
cell_3489,2792.38,2012.24
cell_3490,2792.78,980.86
cell_3491,2793.57,2095.27
cell_3492,2794.1,1731.35
cell_3493,2794.35,885.77
cell_3494,2794.48,953.29
cell_3495,2794.65,753.35
cell_3496,2794.99,2081.7
cell_3497,2795.02,1034.29
cell_3498,2795.2,801.57
cell_3499,2795.26,1974.33
cell_3500,2795.32,768.64
cell_3501,2795.47,2132.52
cell_3502,2795.48,2111.67
cell_3503,2795.49,2495
cell_3504,2795.72,1750.89
cell_3505,2796.11,1107.06
cell_3506,2796.8,650.02
cell_3507,2797.36,1939.07
cell_3508,2797.69,1005.79
cell_3509,2798.72,1987.55
cell_3510,2799.16,2064.57
cell_3511,2800.18,857.15
cell_3512,2801.7,898.88
cell_3513,2801.74,828.38
cell_3514,2802.23,2030.74
cell_3515,2802.53,2471.02
cell_3516,2802.76,930.01
cell_3517,2802.99,2043.21
cell_3518,2803.07,1623.75
cell_3519,2803.51,815.48
cell_3520,2803.82,1961.08
cell_3521,2804.03,2001.78
cell_3522,2804.48,962.84
cell_3523,2804.6,915.94
cell_3524,2805.75,2305.98
cell_3525,2805.86,1806.64
cell_3526,2806.2,2518.61
cell_3527,2806.3,2082.18
cell_3528,2806.56,876.45
cell_3529,2806.63,846.91
cell_3530,2807.48,1773.55
cell_3531,2807.6,2111.54
cell_3532,2808.54,1912.42
cell_3533,2809.91,983.61
cell_3534,2811.15,1030.09
cell_3535,2811.85,1938.14
cell_3536,2811.97,2095.95
cell_3537,2812.2,2017.44
cell_3538,2812.49,2058.11
cell_3539,2812.74,866.02
cell_3540,2813.06,1992.53
cell_3541,2813.21,811.02
cell_3542,2813.25,2295.7
cell_3543,2813.36,941.58
cell_3544,2813.69,599.57
cell_3545,2813.92,1903.54
cell_3546,2813.96,2040.85
cell_3547,2814.15,1795.1
cell_3548,2814.36,1757.08
cell_3549,2815.47,1688.84
cell_3550,2815.85,1976.65
cell_3551,2816.03,1712.4
cell_3552,2816.61,895.01
cell_3553,2816.68,2270.27
cell_3554,2817.02,791.9
cell_3555,2817.29,1957.76
cell_3556,2817.71,2005.38
cell_3557,2818.17,1667.46
cell_3558,2818.74,853.65
cell_3559,2818.89,1000.32
cell_3560,2818.9,2241.36
cell_3561,2819.07,1740.67
cell_3562,2819.24,871.29
cell_3563,2819.95,1853.93
cell_3564,2820.71,2094.38
cell_3565,2820.77,1919.46
cell_3566,2821.14,831.42
cell_3567,2822.14,1811.3
cell_3568,2822.4,1893.57
cell_3569,2822.72,801.36
cell_3570,2822.87,2327.95
cell_3571,2823.54,2049.95
cell_3572,2824.04,1946.6
cell_3573,2824.06,936.99
cell_3574,2824.43,909.21
cell_3575,2825.22,1966.47
cell_3576,2825.31,1650.99
cell_3577,2825.48,2129.94
cell_3578,2825.58,1632.36
cell_3579,2825.59,2505.99
cell_3580,2825.8,2313.99
cell_3581,2826.13,1842.6
cell_3582,2826.66,2106.96
cell_3583,2826.76,1927.48
cell_3584,2826.9,1984.65
cell_3585,2827.02,2560.69
cell_3586,2827.16,2022.07
cell_3587,2828.5,849.7
cell_3588,2828.7,2090.67
cell_3589,2828.73,1661.31
cell_3590,2829.17,2034.87
cell_3591,2829.19,2012.22
cell_3592,2829.25,894.3
cell_3593,2829.6,1881.71
cell_3594,2829.81,951.42
cell_3595,2829.96,2269.15
cell_3596,2830.56,1760.25
cell_3597,2831.17,735.29
cell_3598,2831.95,2489.62
cell_3599,2832.13,1828.18
cell_3600,2833.03,1904.3
cell_3601,2833.82,838.94
cell_3602,2834.58,988.23
cell_3603,2836.39,1069.99
cell_3604,2836.46,1419.3
cell_3605,2836.81,2100.89
cell_3606,2837.02,910.22
cell_3607,2837.19,1680.13
cell_3608,2837.22,868.96
cell_3609,2837.22,974.3
cell_3610,2837.47,1970.57
cell_3611,2838.12,1099.29
cell_3612,2838.32,1918.11
cell_3613,2838.33,1941.54
cell_3614,2839.04,2117.77
cell_3615,2839.29,2284.41
cell_3616,2839.52,1876.83
cell_3617,2840.1,947.3
cell_3618,2840.43,816.83
cell_3619,2840.48,1864.23
cell_3620,2840.97,854.39
cell_3621,2841.72,1565.08
cell_3622,2841.79,1830.59
cell_3623,2841.97,2081.78
cell_3624,2842.32,893.87
cell_3625,2842.65,1046.48
cell_3626,2842.98,2535.44
cell_3627,2843.37,2021.8
cell_3628,2843.5,1642.98
cell_3629,2843.52,834.12
cell_3630,2843.64,2566.06
cell_3631,2843.69,1991.51
cell_3632,2843.7,1887.97
cell_3633,2845.14,1957.99
cell_3634,2845.31,742.69
cell_3635,2846.84,586.32
cell_3636,2847.19,2056.6
cell_3637,2847.55,2041.13
cell_3638,2847.61,2095.47
cell_3639,2848.14,1853.81
cell_3640,2848.73,1982.79
cell_3641,2848.76,2111.4
cell_3642,2848.84,1739.99
cell_3643,2849.06,913.7
cell_3644,2849.26,2011.6
cell_3645,2849.72,1193.02
cell_3646,285.44,2108.53
cell_3647,2850.1,2067.34
cell_3648,2850.61,1726.1
cell_3649,2850.62,886.7
cell_3650,2851.03,1669.36
cell_3651,2851.42,729.69
cell_3652,2851.44,1935.45
cell_3653,2852.46,968.3
cell_3654,2852.61,1879.66
cell_3655,2853.37,2479.88
cell_3656,2853.69,1773.74
cell_3657,2853.88,1007.68
cell_3658,2854.09,931.85
cell_3659,2854.12,1975.86
cell_3660,2854.58,824.37
cell_3661,2854.95,1895.16
cell_3662,2856.56,1658.95
cell_3663,2856.86,855
cell_3664,2856.9,844.23
cell_3665,2857.12,878.23
cell_3666,2857.31,914.64
cell_3667,2858.15,2511.08
cell_3668,2858.23,2038.27
cell_3669,2858.26,1954.02
cell_3670,2858.83,1062.75
cell_3671,2858.85,2090.26
cell_3672,2859.26,1996.97
cell_3673,2859.98,625.59
cell_3674,2860.17,1460.59
cell_3675,2860.21,2063.49
cell_3676,2860.63,1854.91
cell_3677,2860.66,1912.2
cell_3678,2860.72,942.59
cell_3679,2860.93,2264.29
cell_3680,2860.97,591.43
cell_3681,2861.58,1834.77
cell_3682,2863.21,1939.98
cell_3683,2863.26,1882.16
cell_3684,2863.31,1720.18
cell_3685,2863.63,2530.93
cell_3686,2864.25,1678.99
cell_3687,2864.57,865.01
cell_3688,2864.81,2474.53
cell_3689,2864.91,765.94
cell_3690,2865.79,2025.26
cell_3691,2866.19,2041.98
cell_3692,2866.42,1981.6
cell_3693,2866.99,2056.03
cell_3694,2867.93,754.24
cell_3695,2868.05,1891.04
cell_3696,2868.07,1080.12
cell_3697,2868.22,843.2
cell_3698,2868.24,827.15
cell_3699,2868.25,2564.96
cell_3700,2868.66,916.11
cell_3701,2868.67,895.81
cell_3702,2868.76,1789.37
cell_3703,2868.76,2013.74
cell_3704,2868.97,785.67
cell_3705,2869.05,416.16
cell_3706,2869.38,2101.47
cell_3707,2869.96,1815.7
cell_3708,2870.04,2078.69
cell_3709,2870.6,988.3
cell_3710,2870.66,1646.71
cell_3711,2870.78,2004.47
cell_3712,2871.04,1912.65
cell_3713,2872.07,1960.65
cell_3714,2873.73,1750.41
cell_3715,2874.46,1014.43
cell_3716,2874.72,2041.83
cell_3717,2875.8,811.22
cell_3718,2876.17,1994.06
cell_3719,2876.86,1938
cell_3720,2877.08,857.93
cell_3721,2877.12,2286.53
cell_3722,2877.47,945.34
cell_3723,2877.95,1855.8
cell_3724,2878.03,1824.93
cell_3725,2878.3,742.39
cell_3726,2878.84,768.58
cell_3727,2879.05,2263.14
cell_3728,2879.64,2504.7
cell_3729,2879.66,2539.12
cell_3730,2879.92,1946.4
cell_3731,288.06,1131.8
cell_3732,2880.01,2014.8
cell_3733,2880.03,1693.14
cell_3734,2880.18,753.52
cell_3735,2880.27,1980.73
cell_3736,2880.36,1082.55
cell_3737,2880.51,1702.87
cell_3738,2881.73,2024.04
cell_3739,2881.87,928.76
cell_3740,2881.99,2073.91
cell_3741,2882.05,613.02
cell_3742,2883.47,1802.15
cell_3743,2883.62,1666.88
cell_3744,2884.34,1060.9
cell_3745,2884.48,1426.08
cell_3746,2884.53,1875.86
cell_3747,2884.71,851.3
cell_3748,2884.96,1958.14
cell_3749,2884.98,2056.04
cell_3750,2885.12,2088.19
cell_3751,2885.22,349
cell_3752,2885.32,813.67
cell_3753,2886.44,1682.59
cell_3754,2886.5,628.03
cell_3755,2887.05,841.25
cell_3756,2887.31,2485.95
cell_3757,2888.31,897.43
cell_3758,2888.35,1923.59
cell_3759,2888.92,1856.35
cell_3760,2889.37,1821.33
cell_3761,2890.39,2047.63
cell_3762,2890.77,591.23
cell_3763,2890.87,1964.7
cell_3764,2891.12,2030.09
cell_3765,2892.05,2038.22
cell_3766,2892.3,821.94
cell_3767,2892.97,877.81
cell_3768,2893.01,2308.3
cell_3769,2893.26,1895.72
cell_3770,2893.27,807.21
cell_3771,2893.41,1029.77
cell_3772,2893.54,1992.33
cell_3773,2893.55,1787.17
cell_3774,2894.3,1296.92
cell_3775,2894.48,1973.24
cell_3776,2894.84,918.32
cell_3777,2895.01,2558.1
cell_3778,2895.51,2081.24
cell_3779,2895.82,1867.48
cell_3780,2896.33,2578.19
cell_3781,2897.81,944.67
cell_3782,2898.26,1934.63
cell_3783,2900.13,1360.52
cell_3784,2900.13,844.03
cell_3785,2900.28,829.47
cell_3786,2900.33,2025.67
cell_3787,2900.61,574.13
cell_3788,2900.86,1845.85
cell_3789,2900.94,2068.75
cell_3790,2901.22,1829.12
cell_3791,2901.5,2046.02
cell_3792,2901.7,1955.01
cell_3793,2901.92,1880.4
cell_3794,2901.92,1983.43
cell_3795,2902.16,863.24
cell_3796,2902.57,612.39
cell_3797,2902.77,1773.72
cell_3798,2902.94,1798.11
cell_3799,2903.23,1273.37
cell_3800,2903.66,2007.3
cell_3801,2904.65,1641.26
cell_3802,2905.52,1019.95
cell_3803,2905.55,781.39
cell_3804,2905.86,1921.8
cell_3805,2906.3,798.8
cell_3806,2906.54,878.89
cell_3807,2906.56,906.33
cell_3808,2906.71,1972.25
cell_3809,2906.76,1085.32
cell_3810,2908.09,1670.93
cell_3811,2909.2,1941.31
cell_3812,2910.16,593.84
cell_3813,2910.28,1810.53
cell_3814,2910.39,814.67
cell_3815,2910.59,849.11
cell_3816,2910.62,1102.14
cell_3817,2911.46,2016.32
cell_3818,2912.18,1900.15
cell_3819,2912.29,1140.72
cell_3820,2912.4,1882.72
cell_3821,2912.5,829.31
cell_3822,2912.8,2572.84
cell_3823,2912.81,1751.27
cell_3824,2912.86,1864.29
cell_3825,2912.91,2318.58
cell_3826,2913.52,2250.68
cell_3827,2913.85,601.7
cell_3828,2914.12,789.41
cell_3829,2914.46,1785.45
cell_3830,2914.47,1564.23
cell_3831,2914.69,863.83
cell_3832,2915.67,1298.2
cell_3833,2915.68,1836.28
cell_3834,2915.89,1740.43
cell_3835,2916.04,1997.4
cell_3836,2916.2,994.35
cell_3837,2916.32,610.96
cell_3838,2916.53,2295.7
cell_3839,2917.42,877.44
cell_3840,2917.46,1912.61
cell_3841,2917.88,1156.51
cell_3842,2917.9,1684.12
cell_3843,2918.25,2033.61
cell_3844,2918.41,1988.18
cell_3845,2918.42,1713.46
cell_3846,2918.58,1975.81
cell_3847,2918.81,1816.53
cell_3848,2919.88,777.04
cell_3849,2919.9,1849.16
cell_3850,2919.93,1945.01
cell_3851,2920.21,833.32
cell_3852,2921.76,1334.88
cell_3853,2921.81,799.75
cell_3854,2921.85,814.81
cell_3855,2922.05,1730.99
cell_3856,2923.39,842.19
cell_3857,2923.6,1826.65
cell_3858,2923.73,853.55
cell_3859,2924.19,2022.69
cell_3860,2924.2,1920.24
cell_3861,2924.4,2577.47
cell_3862,2924.57,565.69
cell_3863,2925.02,2011.43
cell_3864,2925.95,1967.29
cell_3865,2926.12,1800.19
cell_3866,2926.49,1086.51
cell_3867,2926.59,866.2
cell_3868,2926.6,965.26
cell_3869,2927.2,2511.41
cell_3870,2928.27,1651.77
cell_3871,2928.42,2522.46
cell_3872,2929.08,2548.94
cell_3873,2929.13,1889.66
cell_3874,2929.39,941.77
cell_3875,2930.05,1867.08
cell_3876,2931.24,1778.68
cell_3877,2931.33,815.66
cell_3878,2932.2,1987.49
cell_3879,2932.47,1683.34
cell_3880,2932.88,466.58
cell_3881,2933.12,1918.43
cell_3882,2933.35,830.28
cell_3883,2933.43,849.18
cell_3884,2933.93,1251.4
cell_3885,2934.61,2295.4
cell_3886,2934.7,2260.21
cell_3887,2934.71,883.28
cell_3888,2934.88,1754.19
cell_3889,2935.18,1956.59
cell_3890,2936.59,2242.83
cell_3891,2937.45,1114.58
cell_3892,2937.75,1805.96
cell_3893,2938.03,2018.89
cell_3894,2938.92,1931.12
cell_3895,2939.97,1944.84
cell_3896,2940.49,1902.33
cell_3897,2940.49,817.31
cell_3898,2940.72,2271.5
cell_3899,2941.42,1975.31
cell_3900,2941.52,587.66
cell_3901,2941.94,2562.12
cell_3902,2943.13,2045.79
cell_3903,2945,853.12
cell_3904,2945.12,1992.18
cell_3905,2945.37,2346.47
cell_3906,2945.41,829.3
cell_3907,2945.93,879.94
cell_3908,2946.92,902.6
cell_3909,2947.55,2259.9
cell_3910,2947.63,1774.9
cell_3911,2947.64,1865.31
cell_3912,2948.3,2007.6
cell_3913,2948.77,1965.86
cell_3914,2949.42,2583.93
cell_3915,2949.6,563.91
cell_3916,295.02,1071.01
cell_3917,2951.28,994.58
cell_3918,2951.42,2329.06
cell_3919,2951.56,1928.62
cell_3920,2951.73,2543.66
cell_3921,2951.97,1669.85
cell_3922,2952.62,852.26
cell_3923,2952.66,1756.71
cell_3924,2953.06,1979.6
cell_3925,2953.07,1893.25
cell_3926,2953.54,1118.46
cell_3927,2953.67,2300.52
cell_3928,2953.7,1855.77
cell_3929,2954.19,1911.48
cell_3930,2954.43,1648.38
cell_3931,2955.08,810.3
cell_3932,2956.09,1996
cell_3933,2956.13,827.12
cell_3934,2956.67,609.8
cell_3935,2957.22,1828.23
cell_3936,2957.47,887.61
cell_3937,2957.92,574.01
cell_3938,2958.13,2030.3
cell_3939,2958.83,1687.88
cell_3940,2958.94,2018.68
cell_3941,2959.79,1939.27
cell_3942,2959.86,2556.94
cell_3943,2959.87,2588.54
cell_3944,2960.4,598.8
cell_3945,2960.85,1961.74
cell_3946,2961.04,2007.18
cell_3947,2961.11,1764.78
cell_3948,2961.3,904.26
cell_3949,2961.58,2512.41
cell_3950,2962.14,1877.78
cell_3951,2963.6,1984.99
cell_3952,2964.06,881.67
cell_3953,2964.11,920.25
cell_3954,2964.45,747.42
cell_3955,2965.02,736.44
cell_3956,2965.29,2344.01
cell_3957,2966.14,2286.8
cell_3958,2966.67,1152.38
cell_3959,2967.57,2325.11
cell_3960,2967.59,856.44
cell_3961,2968.08,1194.39
cell_3962,2968.16,2533.73
cell_3963,2968.78,867.12
cell_3964,2969,2044
cell_3965,2969.13,2152.01
cell_3966,2970.33,964.92
cell_3967,2970.36,1968.94
cell_3968,2970.64,898.21
cell_3969,2971.95,2075.04
cell_3970,2972.59,754.72
cell_3971,2972.73,876.02
cell_3972,2972.75,2006
cell_3973,2972.96,1799.57
cell_3974,2973.88,2030.76
cell_3975,2973.98,1991.4
cell_3976,2973.99,1880.66
cell_3977,2974.04,1831.51
cell_3978,2974.6,2137.75
cell_3979,2974.62,2019.56
cell_3980,2975.02,2103.93
cell_3981,2976.13,2128
cell_3982,2976.37,1658.85
cell_3983,2976.58,984.32
cell_3984,2977.08,2315.85
cell_3985,2979.77,2092.56
cell_3986,2980.3,726.22
cell_3987,2980.8,1864.5
cell_3988,2981.29,1642.44
cell_3989,2981.31,1904.76
cell_3990,2981.8,1945.84
cell_3991,2981.94,766.35
cell_3992,2981.95,1770.85
cell_3993,2982.14,891.06
cell_3994,2982.47,912.6
cell_3995,2983.12,2161.28
cell_3996,2983.46,1933.94
cell_3997,2984.02,2574.39
cell_3998,2984.26,1055.96
cell_3999,2985.4,923.94
cell_4000,2987.45,561.32
cell_4001,2987.5,2141.42
cell_4002,2987.99,1855.8
cell_4003,2988.56,735.98
cell_4004,2988.79,1876.43
cell_4005,2992.86,1927.83
cell_4006,2992.99,1194.56
cell_4007,2993.23,1237.12
cell_4008,2993.63,2566.56
cell_4009,2993.67,2266.16
cell_4010,2994.21,717.48
cell_4011,2994.64,2130.99
cell_4012,2995.35,2328.27
cell_4013,2995.46,969.51
cell_4014,2995.59,2593.7
cell_4015,2995.67,940.63
cell_4016,2995.7,1903.28
cell_4017,2995.73,1175.78
cell_4018,2995.92,889.19
cell_4019,2996.34,985.41
cell_4020,2996.43,1149.61
cell_4021,2996.9,2343.99
cell_4022,2996.96,903.36
cell_4023,2997.71,2299.24
cell_4024,2998.76,1045.92
cell_4025,2999.29,590.73
cell_4026,2999.43,1291.55
cell_4027,3000.19,1819.8
cell_4028,3000.53,1940.25
cell_4029,3001.81,710.64
cell_4030,3002.28,2019.22
cell_4031,3002.98,2558.39
cell_4032,3003.1,1890.39
cell_4033,3003.15,1089.67
cell_4034,3003.16,2175.06
cell_4035,3003.22,915.95
cell_4036,3004.19,1059.03
cell_4037,3004.19,2512.25
cell_4038,3004.29,2547.83
cell_4039,3004.36,2358.67
cell_4040,3006.23,2043.85
cell_4041,3007.8,1678.37
cell_4042,3007.85,1756.14
cell_4043,3008.1,1881.29
cell_4044,301.48,1734.64
cell_4045,3010.48,989.38
cell_4046,3011.34,925.52
cell_4047,3011.57,2601.44
cell_4048,3011.92,611.39
cell_4049,3012.31,2582.64
cell_4050,3012.38,1735.97
cell_4051,3012.72,1867.97
cell_4052,3013.19,2084.61
cell_4053,3014,2322.01
cell_4054,3014.06,971.86
cell_4055,3014.47,2179.39
cell_4056,3015.79,937.74
cell_4057,3015.82,1898.07
cell_4058,3016.54,824.44
cell_4059,3016.54,834.94
cell_4060,3016.63,847.28
cell_4061,3017.14,863.65
cell_4062,3017.6,1438.37
cell_4063,3017.6,1857.36
cell_4064,3018.4,2163.83
cell_4065,3018.63,1726.28
cell_4066,3018.7,1033.23
cell_4067,3019.39,1920.78
cell_4068,3020.16,1811.85
cell_4069,3021.18,951.76
cell_4070,3021.87,2041.2
cell_4071,3022.16,880.33
cell_4072,3022.24,2335.6
cell_4073,3022.82,2029.14
cell_4074,3023.13,1235.76
cell_4075,3023.55,2551.8
cell_4076,3023.57,2363.24
cell_4077,3024.18,1770.94
cell_4078,3024.54,2574.11
cell_4079,3026.43,1884.63
cell_4080,3026.66,814.89
cell_4081,3026.75,2121.66
cell_4082,3027.03,1981.12
cell_4083,3027.48,2305.57
cell_4084,3027.63,978.45
cell_4085,3027.82,2111.3
cell_4086,3027.83,1361.26
cell_4087,3027.92,845.25
cell_4088,3028.92,1910.32
cell_4089,3029.33,796.45
cell_4090,3029.55,1969.41
cell_4091,3029.57,1087.22
cell_4092,3029.58,1867.3
cell_4093,3029.87,2144.14
cell_4094,3030.5,950.41
cell_4095,3030.64,2605.4
cell_4096,3030.75,1994.56
cell_4097,3030.76,894.03
cell_4098,3031.41,2022.63
cell_4099,3031.5,871.16
cell_4100,3031.77,828.95
cell_4101,3032.56,2101.25
cell_4102,3032.75,191.31
cell_4103,3033.25,911.1
cell_4104,3033.56,1682.22
cell_4105,3033.71,583.86
cell_4106,3035.35,2586.44
cell_4107,3036.41,1899.11
cell_4108,3036.71,806.94
cell_4109,3037.15,863.89
cell_4110,3037.47,2046.53
cell_4111,3037.72,1031.2
cell_4112,3037.88,2003.17
cell_4113,3037.97,791.9
cell_4114,3038.92,959.89
cell_4115,3038.94,2089.49
cell_4116,3039.4,558.62
cell_4117,3039.87,1141.84
cell_4118,3041.64,1991.38
cell_4119,3041.65,884.2
cell_4120,3041.84,849.87
cell_4121,3042.14,947.51
cell_4122,3042.3,818.12
cell_4123,3044.61,902.17
cell_4124,3044.65,2322.82
cell_4125,3044.98,1752.5
cell_4126,3045.39,711.51
cell_4127,3045.63,1887.77
cell_4128,3046.09,2006.39
cell_4129,3046.18,2020.18
cell_4130,3046.72,1850.76
cell_4131,3047.16,976.71
cell_4132,3047.25,1695.22
cell_4133,3047.63,2163.76
cell_4134,3047.65,2119.18
cell_4135,3047.75,2130.99
cell_4136,3048.14,833.94
cell_4137,3048.15,2097.11
cell_4138,3048.74,842.8
cell_4139,3048.75,1938.72
cell_4140,3048.8,2374.96
cell_4141,3049.13,1953.73
cell_4142,3050.37,919.36
cell_4143,3050.69,2179.68
cell_4144,3051.35,861.56
cell_4145,3051.62,2293.41
cell_4146,3051.73,1972.7
cell_4147,3051.76,1666.47
cell_4148,3052.55,1992.43
cell_4149,3053.11,1871.37
cell_4150,3053.32,1781.07
cell_4151,3055.44,814.47
cell_4152,3055.59,2522.78
cell_4153,3056.06,966.72
cell_4154,3056.25,590.09
cell_4155,3056.47,2145.07
cell_4156,3056.61,2056.72
cell_4157,3056.73,541.53
cell_4158,3056.84,2611.71
cell_4159,3057.4,565.75
cell_4160,3057.62,1712.98
cell_4161,3057.78,1184.92
cell_4162,3058.39,1075.79
cell_4163,3059.09,2020.63
cell_4164,3059.1,1977.16
cell_4165,3059.83,1105.71
cell_4166,3059.93,1894.03
cell_4167,3060.57,726.14
cell_4168,3061.32,1914.63
cell_4169,3061.96,1804.63
cell_4170,3063.14,2008.34
cell_4171,3063.15,2127.53
cell_4172,3063.16,824.45
cell_4173,3063.34,937.17
cell_4174,3063.43,1034.91
cell_4175,3063.54,846.07
cell_4176,3063.74,2162.41
cell_4177,3064.99,871.88
cell_4178,3065.36,1991.18
cell_4179,3067.11,781.15
cell_4180,3067.45,1132.53
cell_4181,3067.81,2139.62
cell_4182,3067.83,1848.68
cell_4183,3068.38,2109.97
cell_4184,3069.64,2048.05
cell_4185,3070.3,2027.49
cell_4186,3070.43,1871.08
cell_4187,3070.84,587.75
cell_4188,3070.97,915.37
cell_4189,3070.99,1967.16
cell_4190,3071.34,1997.78
cell_4191,3071.72,820.28
cell_4192,3071.98,2377.11
cell_4193,3072.43,952.79
cell_4194,3072.72,2521.41
cell_4195,3072.79,1721.64
cell_4196,3073.06,833.14
cell_4197,3073.77,2099.22
cell_4198,3073.94,2533.66
cell_4199,3073.94,557.28
cell_4200,3074.02,678.07
cell_4201,3074.15,1759.4
cell_4202,3074.16,2013.2
cell_4203,3074.21,1181.37
cell_4204,3074.63,1694.06
cell_4205,3074.64,734.08
cell_4206,3075.29,2566.98
cell_4207,3075.86,889.13
cell_4208,3075.91,2155.79
cell_4209,3075.96,2123.81
cell_4210,3076.21,1402.35
cell_4211,3076.27,2599.16
cell_4212,3076.33,807.03
cell_4213,3076.49,2308.66
cell_4214,3076.75,925.62
cell_4215,3076.92,1936.27
cell_4216,3077.24,1910.36
cell_4217,3077.59,1947.22
cell_4218,3078.38,1016.87
cell_4219,3078.67,1602.59
cell_4220,3078.67,2035.14
cell_4221,3078.9,1887.71
cell_4222,3078.97,2171.94
cell_4223,3079.61,864.64
cell_4224,3080.01,2335.98
cell_4225,3080.26,770.13
cell_4226,3081.14,1804.5
cell_4227,3082.41,1921.83
cell_4228,3082.43,531.58
cell_4229,3082.54,846.31
cell_4230,3082.77,1747.02
cell_4231,3082.95,1864.08
cell_4232,3083.16,944.55
cell_4233,3083.34,2024.25
cell_4234,3083.66,1953.2
cell_4235,3084.08,2110.54
cell_4236,3084.16,2135.72
cell_4237,3084.7,2149.41
cell_4238,3084.91,1731.89
cell_4239,3085.07,1067.04
cell_4240,3085.15,1051.75
cell_4241,3085.37,825.15
cell_4242,3085.74,2061.14
cell_4243,3085.81,1997.72
cell_4244,3086.54,975.72
cell_4245,3086.79,2560.3
cell_4246,3087.97,1933.1
cell_4247,3088.16,892.11
cell_4248,3088.18,1363.73
cell_4249,3088.46,565.6
cell_4250,3088.54,802.41
cell_4251,3088.81,1126.4
cell_4252,3088.86,2072.89
cell_4253,3089.02,2010.24
cell_4254,309.26,1170.21
cell_4255,3090.02,1979.06
cell_4256,3090.03,1823.5
cell_4257,3090.19,2121.33
cell_4258,3090.9,755.24
cell_4259,3091.12,854.84
cell_4260,3091.89,1098.38
cell_4261,3091.97,767.59
cell_4262,3092.21,1870.52
cell_4263,3092.23,1912.63
cell_4264,3092.68,929.82
cell_4265,3092.87,2095.43
cell_4266,3093.65,697.69
cell_4267,3094.38,2367.19
cell_4268,3094.46,1602.62
cell_4269,3094.51,1672.43
cell_4270,3095.8,951.33
cell_4271,3096.14,2626.08
cell_4272,3097.11,2027.75
cell_4273,3097.81,2394.91
cell_4274,3097.94,711.29
cell_4275,3098.12,2110.13
cell_4276,3098.23,679.5
cell_4277,3098.34,803.3
cell_4278,3098.52,825.25
cell_4279,3098.91,881.13
cell_4280,3099.17,815.44
cell_4281,3099.44,1779.8
cell_4282,3099.47,1930.94
cell_4283,3099.77,1984.37
cell_4284,3099.81,772.76
cell_4285,3099.89,1704.57
cell_4286,3099.9,898.67
cell_4287,3100.52,1180.76
cell_4288,3100.7,1040.66
cell_4289,3100.94,2542.69
cell_4290,3101.4,842.73
cell_4291,3101.67,1960.46
cell_4292,3101.79,2015.54
cell_4293,3102.82,2038.5
cell_4294,3102.98,2560.75
cell_4295,3103.43,1993.68
cell_4296,3104.32,1814.13
cell_4297,3104.83,2079
cell_4298,3105.05,967.06
cell_4299,3105.37,1753.77
cell_4300,3105.42,791.94
cell_4301,3105.78,577.06
cell_4302,3106.11,759.41
cell_4303,3106.88,2592.76
cell_4304,3107.28,2295.78
cell_4305,3107.33,444.08
cell_4306,3107.51,1969.48
cell_4307,3108.01,1793.83
cell_4308,3108.46,1079.17
cell_4309,3108.5,2003.92
cell_4310,3108.52,824.38
cell_4311,3108.74,1721.42
cell_4312,3109.07,542.8
cell_4313,3109.44,1857.21
cell_4314,3109.87,2093.51
cell_4315,3110.75,932.32
cell_4316,3111.64,1317.16
cell_4317,3111.99,854.31
cell_4318,3112.4,748.56
cell_4319,3112.42,2607.32
cell_4320,3113.29,1022.41
cell_4321,3113.39,1820.56
cell_4322,3113.42,2584.92
cell_4323,3113.42,955.85
cell_4324,3113.82,2052.3
cell_4325,3113.86,1899.14
cell_4326,3114.11,1952.4
cell_4327,3114.33,1992.9
cell_4328,3114.46,2313.96
cell_4329,3114.75,774.06
cell_4330,3114.83,1624.78
cell_4331,3115.26,2353.27
cell_4332,3115.53,2392.11
cell_4333,3115.64,569.32
cell_4334,3116.1,2623.2
cell_4335,3116.25,1884.97
cell_4336,3116.6,978.19
cell_4337,3117.37,1930.86
cell_4338,3118.01,881.26
cell_4339,3118.02,2101.19
cell_4340,3118.63,907.71
cell_4341,3118.99,831.44
cell_4342,3119.28,742.89
cell_4343,3120.24,2040.12
cell_4344,3120.42,2570.85
cell_4345,3121.51,760.95
cell_4346,3121.62,1776.85
cell_4347,3122.15,928.02
cell_4348,3122.93,1978.72
cell_4349,3123.38,1080.94
cell_4350,3123.49,813.66
cell_4351,3124.06,2112.78
cell_4352,3124.3,1845.52
cell_4353,3124.59,2012.38
cell_4354,3124.79,1997.74
cell_4355,3124.89,2028.29
cell_4356,3125.27,1795.05
cell_4357,3125.27,798.53
cell_4358,3125.59,529.94
cell_4359,3126.21,873.41
cell_4360,3126.64,1961.56
cell_4361,3126.94,823.28
cell_4362,3127.02,557.81
cell_4363,3127.62,2540.7
cell_4364,3127.84,2372.5
cell_4365,3128.17,747.71
cell_4366,3128.57,1824.3
cell_4367,3128.99,2129.45
cell_4368,3129.2,2308.97
cell_4369,3129.49,1893.58
cell_4370,3129.89,1670.66
cell_4371,3129.89,1693.53
cell_4372,3129.89,732.72
cell_4373,313.37,2094.03
cell_4374,3131.05,910.58
cell_4375,3131.3,2096.68
cell_4376,3131.49,1941.54
cell_4377,3131.49,712.53
cell_4378,3132.29,981.45
cell_4379,3132.39,856.73
cell_4380,3132.77,1656.84
cell_4381,3132.84,1922.6
cell_4382,3133.11,2001.71
cell_4383,3133.35,722.41
cell_4384,3134.25,2392.58
cell_4385,3134.39,1975.71
cell_4386,3135.55,1954.97
cell_4387,3136.21,1794.09
cell_4388,3136.42,2586.46
cell_4389,3136.91,790.18
cell_4390,3136.92,570.57
cell_4391,3137.05,880.86
cell_4392,3137.12,831.66
cell_4393,3137.28,750.6
cell_4394,3137.48,955.91
cell_4395,3137.64,821.1
cell_4396,3137.71,1294.36
cell_4397,3138.36,545.68
cell_4398,3138.74,1842.08
cell_4399,3139.03,1768.22
cell_4400,3139.3,1750.57
cell_4401,3139.35,1986.82
cell_4402,3139.7,2032.09
cell_4403,3139.76,2050.73
cell_4404,3140.5,2111.03
cell_4405,3140.9,1069.85
cell_4406,3141.16,771.85
cell_4407,3141.4,2007.69
cell_4408,3141.64,1252.83
cell_4409,3141.64,1896.77
cell_4410,3141.66,1878.19
cell_4411,3142.05,1777.6
cell_4412,3142.62,1945.07
cell_4413,3144.93,2381.64
cell_4414,3145.4,999.77
cell_4415,3145.8,2597.81
cell_4416,3145.91,1812.01
cell_4417,3145.98,749.92
cell_4418,3146.1,515.77
cell_4419,3146.63,2309.32
cell_4420,3147.33,2635.41
cell_4421,3147.44,951.1
cell_4422,3147.62,1922.67
cell_4423,3147.62,2074.2
cell_4424,3148.02,1993.18
cell_4425,3148.18,849.56
cell_4426,3148.59,1123.97
cell_4427,3149.36,549.46
cell_4428,3150.17,1960.78
cell_4429,3150.54,2362.71
cell_4430,3150.79,572.37
cell_4431,3150.95,2003.07
cell_4432,3151.29,818.32
cell_4433,3151.47,2060.35
cell_4434,3151.58,2029.82
cell_4435,3151.83,1187.25
cell_4436,3152.23,984.81
cell_4437,3152.35,776.15
cell_4438,3152.42,1854.24
cell_4439,3152.61,1980.75
cell_4440,3153.69,1876.67
cell_4441,3153.87,787.3
cell_4442,3155.21,926.51
cell_4443,3155.74,2613.32
cell_4444,3156.03,869.78
cell_4445,3156.86,1746.38
cell_4446,3157.12,767.91
cell_4447,3157.5,802.74
cell_4448,3157.99,524.77
cell_4449,3158.62,1992.47
cell_4450,3159.98,2565.16
cell_4451,3160.12,884.42
cell_4452,3160.56,1775.46
cell_4453,3160.74,2322.84
cell_4454,3160.84,817.48
cell_4455,3160.99,1683.98
cell_4456,3161.2,1761.74
cell_4457,3161.36,1939.42
cell_4458,3161.49,1819.53
cell_4459,3161.54,2011.62
cell_4460,3161.88,1727.39
cell_4461,3162.89,936.54
cell_4462,3163.41,2351.27
cell_4463,3163.76,2079.99
cell_4464,3165.57,999.59
cell_4465,3165.93,1698.88
cell_4466,3166.48,847.37
cell_4467,3166.77,1713.88
cell_4468,3166.88,1917.77
cell_4469,3166.89,2053.98
cell_4470,3166.97,2033.86
cell_4471,3166.97,2400.66
cell_4472,3167.88,950.92
cell_4473,3168.24,1749.53
cell_4474,3168.49,2380.06
cell_4475,3168.82,769.75
cell_4476,3168.91,1888
cell_4477,3169.04,2016.59
cell_4478,3169.1,1989.31
cell_4479,3169.12,1975.02
cell_4480,3169.29,1265.56
cell_4481,3169.43,896.49
cell_4482,3169.54,1855.81
cell_4483,3169.58,798.26
cell_4484,3169.91,2108.77
cell_4485,3171.89,1597.69
cell_4486,3172.29,825.37
cell_4487,3173.38,1395.3
cell_4488,3173.76,2065.58
cell_4489,3174.91,1830.6
cell_4490,3175.4,2537.59
cell_4491,3176.12,2092.84
cell_4492,3176.7,1940.89
cell_4493,3176.73,931.92
cell_4494,3177.41,2003.72
cell_4495,3178.61,2078.15
cell_4496,3178.71,775.82
cell_4497,3179.04,2213.58
cell_4498,3179.37,840.2
cell_4499,3179.4,2043.58
cell_4500,3179.79,1959.61
cell_4501,3180.4,1767.59
cell_4502,3180.63,557.13
cell_4503,3180.75,1843.64
cell_4504,3181.05,1871.99
cell_4505,3181.92,2359.51
cell_4506,3182.76,784.44
cell_4507,3182.8,858.77
cell_4508,3183.08,542.25
cell_4509,3183.5,1184.66
cell_4510,3183.61,2554.22
cell_4511,3183.69,795.5
cell_4512,3183.83,1976.57
cell_4513,3183.93,502.67
cell_4514,3183.97,2061.01
cell_4515,3184.11,2022.12
cell_4516,3185.3,812.95
cell_4517,3185.84,1716.25
cell_4518,3186.3,1617.8
cell_4519,3186.52,997.57
cell_4520,3188.01,1951.05
cell_4521,3188.82,1991.44
cell_4522,3188.91,2099.23
cell_4523,3189.08,2195.21
cell_4524,3189.17,887.88
cell_4525,3189.38,2037.84
cell_4526,3189.7,2008.89
cell_4527,3190.64,906.96
cell_4528,3190.78,1883.28
cell_4529,3191.46,1753.44
cell_4530,3191.56,950.63
cell_4531,3191.88,803.44
cell_4532,3193.24,844.98
cell_4533,3193.38,1793.37
cell_4534,3193.71,2384.64
cell_4535,3194,878.25
cell_4536,3194.04,1925.46
cell_4537,3194.31,864.6
cell_4538,3194.54,2174.61
cell_4539,3195.13,1721.88
cell_4540,3195.76,1780.61
cell_4541,3196.49,1857.51
cell_4542,3196.65,2216.57
cell_4543,3196.87,507.68
cell_4544,3197.32,2018.54
cell_4545,3197.44,1679.38
cell_4546,3197.59,1988.05
cell_4547,3198,2053.01
cell_4548,3198.08,2154.17
cell_4549,3198.15,2043.13
cell_4550,3199.01,2071.75
cell_4551,3199.15,560.29
cell_4552,3199.41,2000.71
cell_4553,3199.59,1915.01
cell_4554,3199.84,837.63
cell_4555,3200.73,1957.25
cell_4556,3201.16,2355.87
cell_4557,3202.26,2625.38
cell_4558,3202.28,819.11
cell_4559,3202.65,2588.5
cell_4560,3202.87,2202.97
cell_4561,3203.29,1832.42
cell_4562,3203.45,1697.9
cell_4563,3203.55,892.19
cell_4564,3204.19,2135.49
cell_4565,3204.64,2605.27
cell_4566,3204.64,515.13
cell_4567,3204.88,696.13
cell_4568,3205.76,1765.94
cell_4569,3206.24,747.33
cell_4570,3206.72,931.99
cell_4571,3207.75,1193.21
cell_4572,3207.81,2568.2
cell_4573,3208.72,1940.67
cell_4574,3209.15,2000.92
cell_4575,3210.38,1958.18
cell_4576,3210.38,2179.68
cell_4577,3210.47,1620.44
cell_4578,3210.56,850.24
cell_4579,3210.94,2123.52
cell_4580,3212.17,2615.52
cell_4581,3212.6,1105.26
cell_4582,3212.75,2194.1
cell_4583,3212.82,1164.15
cell_4584,3213.16,2164.43
cell_4585,3214.5,1987.23
cell_4586,3214.57,2146.12
cell_4587,3215.18,1045.49
cell_4588,3215.69,702.52
cell_4589,3215.8,1858.13
cell_4590,3215.8,2388.8
cell_4591,3216.1,955.07
cell_4592,3216.15,2233.25
cell_4593,3216.88,857.45
cell_4594,3217.39,877.82
cell_4595,3217.62,745.32
cell_4596,3219.05,784.86
cell_4597,3219.06,541.22
cell_4598,3219.84,891.71
cell_4599,3220.27,2361.5
cell_4600,3220.36,1751.31
cell_4601,3220.45,1577.03
cell_4602,3221.42,2594.02
cell_4603,3221.43,691.84
cell_4604,3222.81,1814.61
cell_4605,3223.05,1953.78
cell_4606,3223.5,2411.12
cell_4607,3223.82,1739.54
cell_4608,3223.93,2566.98
cell_4609,3224.27,795.82
cell_4610,3224.47,866.12
cell_4611,3224.8,757.39
cell_4612,3224.84,1996.47
cell_4613,3224.92,2172.27
cell_4614,3225.4,1015.65
cell_4615,3225.8,2106.31
cell_4616,3226.55,993.2
cell_4617,3226.61,1912.8
cell_4618,3227.25,2215.34
cell_4619,3227.32,2348.18
cell_4620,3227.43,1086.03
cell_4621,3227.53,2229.15
cell_4622,3228.09,1682.75
cell_4623,3228.41,1150.24
cell_4624,3228.69,735.08
cell_4625,3228.81,1759.77
cell_4626,3229.64,683.14
cell_4627,3229.98,1789.64
cell_4628,323.05,1084.98
cell_4629,323.08,2109.75
cell_4630,3230.64,888.81
cell_4631,3231.1,704.18
cell_4632,3231.61,1964.66
cell_4633,3231.66,750.25
cell_4634,3231.95,2587.75
cell_4635,3232,2203.75
cell_4636,3232.05,2099.66
cell_4637,3232.1,522.19
cell_4638,3232.9,2160.43
cell_4639,3232.95,813.1
cell_4640,3233.26,1853.06
cell_4641,3233.8,1976.49
cell_4642,3234.43,826.01
cell_4643,3234.53,2611.45
cell_4644,3234.56,1946.55
cell_4645,3235.67,1987.13
cell_4646,3235.84,2244.41
cell_4647,3236.12,2081.18
cell_4648,3236.73,1121.13
cell_4649,3236.92,2136.92
cell_4650,3237.25,715.98
cell_4651,3237.5,2230.5
cell_4652,3238.01,2046.37
cell_4653,3238.43,1189.97
cell_4654,3239.25,843.3
cell_4655,3239.31,873.8
cell_4656,3239.4,1931.13
cell_4657,3239.48,2213.37
cell_4658,3239.51,2392.56
cell_4659,3239.51,948.03
cell_4660,3239.64,2095
cell_4661,3239.94,741.7
cell_4662,3241.76,2108.22
cell_4663,3241.93,790.8
cell_4664,3243.04,527.99
cell_4665,3243.44,726.29
cell_4666,3244.14,779.36
cell_4667,3244.31,2122.28
cell_4668,3245.05,1235.35
cell_4669,3245.16,710.73
cell_4670,3245.29,1618.65
cell_4671,3245.56,2606.38
cell_4672,3245.66,758.2
cell_4673,3245.83,807.67
cell_4674,3247.02,888.14
cell_4675,3247.78,2233.9
cell_4676,3248.38,2037.62
cell_4677,3248.71,1848.52
cell_4678,3249.19,1743.54
cell_4679,3249.31,1950.55
cell_4680,3249.36,1203.12
cell_4681,3249.54,1717.65
cell_4682,3249.61,737.69
cell_4683,3250.1,2399.53
cell_4684,3250.42,2622.11
cell_4685,3250.81,2366.98
cell_4686,3251.47,769.35
cell_4687,3251.83,721.24
cell_4688,3252.13,1708.44
cell_4689,3252.33,2058.5
cell_4690,3252.4,1690.97
cell_4691,3252.92,951.1
cell_4692,3253.05,1810.56
cell_4693,3254,2134.75
cell_4694,3254.12,2086.9
cell_4695,3254.18,854.99
cell_4696,3254.39,2109.17
cell_4697,3254.55,2025.33
cell_4698,3254.91,2169.3
cell_4699,3255.48,786.97
cell_4700,3255.84,2654.86
cell_4701,3256.22,2153.18
cell_4702,3256.34,1129.25
cell_4703,3256.4,529.3
cell_4704,3256.5,900.89
cell_4705,3256.92,2192.09
cell_4706,3257.04,754.57
cell_4707,3257.14,1959.6
cell_4708,3257.37,1092.98
cell_4709,3258.21,2035.69
cell_4710,3259.48,2045.85
cell_4711,3259.8,1946.22
cell_4712,3260.3,2016.98
cell_4713,3260.36,498.89
cell_4714,3260.68,1888.11
cell_4715,3260.91,717.76
cell_4716,3261.36,1769.11
cell_4717,3262.73,2580.29
cell_4718,3262.85,509.94
cell_4719,3263.05,1165.65
cell_4720,3263.78,2059.47
cell_4721,3263.78,2093.87
cell_4722,3264,829.7
cell_4723,3264.22,2637.85
cell_4724,3264.65,908.21
cell_4725,3265.16,1184.25
cell_4726,3265.26,871.35
cell_4727,3265.34,2144.12
cell_4728,3266.1,1847.02
cell_4729,3266.28,773.32
cell_4730,3266.32,2162.51
cell_4731,3266.51,1262.85
cell_4732,3267.8,1658.87
cell_4733,3267.95,727.33
cell_4734,3267.99,1231.44
cell_4735,3268.23,2077.49
cell_4736,3268.25,1611.85
cell_4737,3268.33,2424.17
cell_4738,3268.36,1793.54
cell_4739,3268.7,534.89
cell_4740,3269.24,2332.51
cell_4741,3269.31,2179.77
cell_4742,3269.81,2004.13
cell_4743,3270.14,842.48
cell_4744,3271.43,2232.63
cell_4745,3271.45,2217.51
cell_4746,3271.77,791.96
cell_4747,3272.55,2085.38
cell_4748,3272.56,2188.07
cell_4749,3272.56,809.33
cell_4750,3273.17,751.76
cell_4751,3273.41,2170.82
cell_4752,3273.78,2596.13
cell_4753,3273.93,892.1
cell_4754,3273.94,2120.34
cell_4755,3275.02,869.48
cell_4756,3275.26,2035.42
cell_4757,3275.33,2052.73
cell_4758,3275.34,2358.08
cell_4759,3275.96,1906.66
cell_4760,3276.15,1988.09
cell_4761,3277.71,1688.03
cell_4762,3277.71,1925.6
cell_4763,3277.86,734.11
cell_4764,3277.87,506.38
cell_4765,3277.99,2068.96
cell_4766,3278.6,957.22
cell_4767,3279.32,1710.65
cell_4768,3280.05,2248.33
cell_4769,3280.31,2136.28
cell_4770,3280.88,2001.46
cell_4771,3281.32,2225.3
cell_4772,3281.35,782.33
cell_4773,3281.7,907.48
cell_4774,3282.06,765.1
cell_4775,3282.17,2085.66
cell_4776,3282.37,1875.13
cell_4777,3282.51,2660.18
cell_4778,3283.14,2158.91
cell_4779,3283.18,2170.66
cell_4780,3283.49,716.45
cell_4781,3283.69,1776.75
cell_4782,3283.8,1969.41
cell_4783,3284.07,1849.08
cell_4784,3284.2,2585.39
cell_4785,3284.3,2342.75
cell_4786,3284.34,2018.09
cell_4787,3284.37,2196.6
cell_4788,3284.63,2044.62
cell_4789,3284.66,1953.29
cell_4790,3284.82,1086.42
cell_4791,3284.95,984.5
cell_4792,3285.27,2028.58
cell_4793,3285.51,746.22
cell_4794,3286.54,817.49
cell_4795,3286.69,724.55
cell_4796,3287.27,895.72
cell_4797,3287.29,2616.41
cell_4798,3287.33,929.61
cell_4799,3287.73,1936.18
cell_4800,3288.88,2119.5
cell_4801,3289.28,512.53
cell_4802,3289.43,705.2
cell_4803,3289.93,877.98
cell_4804,3290.32,2375.21
cell_4805,3290.35,2412.8
cell_4806,3290.46,2079.2
cell_4807,3290.68,666.23
cell_4808,3291.01,469.26
cell_4809,3291.29,1766.18
cell_4810,3291.81,2138.68
cell_4811,3291.89,787.56
cell_4812,3291.91,1232.26
cell_4813,3292.23,770.94
cell_4814,3292.85,2063.63
cell_4815,3293.04,2179.04
cell_4816,3293.16,855.12
cell_4817,3293.74,1180.3
cell_4818,3294.32,2427.82
cell_4819,3294.45,1651.72
cell_4820,3294.46,806.86
cell_4821,3294.57,755.96
cell_4822,3294.85,1718.5
cell_4823,3295.63,2162.58
cell_4824,3295.74,737.63
cell_4825,3296.45,2217.45
cell_4826,3296.77,2647.79
cell_4827,3296.83,2241.56
cell_4828,3296.93,2573.96
cell_4829,3297.59,714.7
cell_4830,3297.9,834.72
cell_4831,3298.45,2054.77
cell_4832,3298.62,2125.6
cell_4833,3298.93,661.49
cell_4834,3299.05,1267.79
cell_4835,3299.12,867.39
cell_4836,3299.14,1944.63
cell_4837,3299.38,954.33
cell_4838,3299.77,1699.76
cell_4839,3300.09,2152.61
cell_4840,3300.51,784.58
cell_4841,3300.7,2010.39
cell_4842,3300.71,688.23
cell_4843,3301.38,1791.13
cell_4844,3301.66,854.28
cell_4845,3301.87,2088.41
cell_4846,3301.92,1925.07
cell_4847,3302.25,2033.91
cell_4848,3302.65,1777.23
cell_4849,3303.37,2347.43
cell_4850,3304.12,751.16
cell_4851,3304.19,699.71
cell_4852,3304.21,1629.91
cell_4853,3304.31,2108.5
cell_4854,3304.83,2138.24
cell_4855,3305.01,2186.81
cell_4856,3305.35,1847.39
cell_4857,3306.03,2379.97
cell_4858,3306.17,918.91
cell_4859,3306.27,1099.94
cell_4860,3307.28,770.34
cell_4861,3307.37,876.33
cell_4862,3307.49,2588.31
cell_4863,3308.52,1983.23
cell_4864,3308.61,1948.83
cell_4865,3308.66,2230.97
cell_4866,3309.29,733.49
cell_4867,3310.27,2037.5
cell_4868,3311,857.77
cell_4869,3311.07,1761.36
cell_4870,3311.36,2162.66
cell_4871,3311.4,2400.75
cell_4872,3312.7,2069.27
cell_4873,3312.91,836.59
cell_4874,3313.26,2110.78
cell_4875,3313.83,1926.68
cell_4876,3314.11,712.81
cell_4877,3314.27,2121.77
cell_4878,3314.31,2148.63
cell_4879,3314.49,1897.45
cell_4880,3315.3,1590.62
cell_4881,3316.04,2348.98
cell_4882,3316.55,701.95
cell_4883,3316.74,2227.9
cell_4884,3316.84,1723.7
cell_4885,3317.16,1953.72
cell_4886,3317.32,801.18
cell_4887,3317.42,2569.75
cell_4888,3317.46,2648.66
cell_4889,3317.62,2138.44
cell_4890,3317.63,746.45
cell_4891,3317.64,2041.67
cell_4892,3317.88,2092.62
cell_4893,3317.89,1773.14
cell_4894,3318.49,488.36
cell_4895,3318.6,849.31
cell_4896,3318.88,905.85
cell_4897,3319.15,2177.16
cell_4898,3319.35,462.01
cell_4899,3319.56,1998.71
cell_4900,3320.1,961.15
cell_4901,3320.21,933.96
cell_4902,3321.76,879.91
cell_4903,3321.79,780.99
cell_4904,3321.81,769.47
cell_4905,3322.09,2048.8
cell_4906,3323.52,689.38
cell_4907,3323.69,1683.85
cell_4908,3324.01,2079.4
cell_4909,3324.12,2163.27
cell_4910,3324.16,1916.86
cell_4911,3324.34,2635.25
cell_4912,3324.5,2151.72
cell_4913,3324.99,2669.07
cell_4914,3325.04,1827.37
cell_4915,3325.09,503.27
cell_4916,3325.45,729.25
cell_4917,3325.6,1173.32
cell_4918,3326.38,717.32
cell_4919,3326.6,2057.93
cell_4920,3326.75,2102.87
cell_4921,3326.85,817.97
cell_4922,3327.08,703.32
cell_4923,3327.55,2008.16
cell_4924,3328.09,2230.15
cell_4925,3328.64,744.63
cell_4926,3329.3,835.02
cell_4927,3329.76,1988.62
cell_4928,3329.78,904.36
cell_4929,3329.83,1668.74
cell_4930,3330.51,1756.2
cell_4931,3330.58,1976.74
cell_4932,3330.62,1877.58
cell_4933,3331,475.9
cell_4934,3331.3,1264.16
cell_4935,3331.93,794.07
cell_4936,3332.2,880.35
cell_4937,3332.97,1795.03
cell_4938,3333.68,859.38
cell_4939,3333.89,1960.77
cell_4940,3334.22,2120.24
cell_4941,3334.47,2629.19
cell_4942,3334.49,1908.4
cell_4943,3334.87,2145.42
cell_4944,3335.04,922.45
cell_4945,3335.1,2089.12
cell_4946,3335.18,1742.73
cell_4947,3335.37,731.32
cell_4948,3335.5,2610
cell_4949,3335.79,2131.71
cell_4950,3336.15,2175.33
cell_4951,3336.17,2035.3
cell_4952,3336.33,1698.19
cell_4953,3336.54,1888.94
cell_4954,3336.6,715.96
cell_4955,3336.81,687.93
cell_4956,3336.88,2065.08
cell_4957,3337.84,2076.76
cell_4958,3337.98,1937.99
cell_4959,3338.27,768.18
cell_4960,3339.41,2403.56
cell_4961,3339.92,751.82
cell_4962,3340.19,812.33
cell_4963,3340.51,1986.55
cell_4964,3340.97,1766.58
cell_4965,3341.25,463.97
cell_4966,3342.12,2588.67
cell_4967,3342.68,885.95
cell_4968,3342.81,2102.2
cell_4969,3343.64,2055.33
cell_4970,3343.7,929.3
cell_4971,3344.28,1852.46
cell_4972,3344.7,1170.69
cell_4973,3345.07,1808.22
cell_4974,3345.19,787.25
cell_4975,3345.21,866
cell_4976,3345.9,1072.11
cell_4977,3346.36,1914.51
cell_4978,3346.48,1775.97
cell_4979,3347.66,2178.02
cell_4980,3348.38,512.2
cell_4981,3348.69,2123.72
cell_4982,3348.85,484.41
cell_4983,3348.96,2078.92
cell_4984,3349.25,1642.63
cell_4985,3349.84,898.85
cell_4986,3349.87,2670.49
cell_4987,3350.02,2089.35
cell_4988,3350.62,836.32
cell_4989,3350.77,2191.61
cell_4990,3350.85,2163.02
cell_4991,3351.82,721.16
cell_4992,3352.45,2444.29
cell_4993,3352.45,689.9
cell_4994,3352.56,2035.99
cell_4995,3352.77,1975.12
cell_4996,3353.61,766.77
cell_4997,3354.08,1026.99
cell_4998,3354.1,1711.11
cell_4999,3354.88,2352.79
cell_5000,3355.12,1131.8
cell_5001,3355.21,919.13
cell_5002,3355.26,2367.41
cell_5003,3355.29,882.78
cell_5004,3355.6,810.07
cell_5005,3356.61,1952.42
cell_5006,3356.96,1744.07
cell_5007,3357.28,988.93
cell_5008,3358.24,1659.32
cell_5009,3358.41,2012.68
cell_5010,3358.46,793.13
cell_5011,3358.57,475.4
cell_5012,3358.76,2203.61
cell_5013,3359.4,1897.98
cell_5014,3359.66,940.18
cell_5015,336.58,2116.12
cell_5016,3360.26,1918.07
cell_5017,3360.68,846.12
cell_5018,3360.78,2060.95
cell_5019,3361.12,719.11
cell_5020,3361.16,1476.12
cell_5021,3361.28,753.2
cell_5022,3361.89,1855.73
cell_5023,3362.26,2110.03
cell_5024,3362.55,2091.51
cell_5025,3362.56,1729.99
cell_5026,3363.51,774.48
cell_5027,3363.58,2021.65
cell_5028,3364.23,882.36
cell_5029,3364.91,1996.36
cell_5030,3365.24,1930.98
cell_5031,3365.45,1883.44
cell_5032,3365.61,2660.65
cell_5033,3366.61,2431.41
cell_5034,3366.84,2170.66
cell_5035,3367.16,1708.4
cell_5036,3367.19,1832.39
cell_5037,3367.21,463.85
cell_5038,3368.17,1794.07
cell_5039,3368.19,2631.67
cell_5040,3368.5,1957.56
cell_5041,3368.56,2375.04
cell_5042,3368.63,974.81
cell_5043,3368.92,495.31
cell_5044,3369.23,2127.86
cell_5045,3369.75,2116.27
cell_5046,3370,800
cell_5047,3370.29,1695.95
cell_5048,3370.35,2595.87
cell_5049,3370.54,2355.87
cell_5050,3372.37,2036.74
cell_5051,3372.52,2676.88
cell_5052,3372.82,896.24
cell_5053,3372.87,878.34
cell_5054,3373.35,779.31
cell_5055,3373.67,2081.72
cell_5056,3374,2004.69
cell_5057,3374.03,1071.01
cell_5058,3374.61,852.51
cell_5059,3374.7,734.65
cell_5060,3374.75,2065.15
cell_5061,3375.36,1909.47
cell_5062,3376.19,1773.79
cell_5063,3376.7,706.99
cell_5064,3377.43,1860.03
cell_5065,3377.51,1971.23
cell_5066,3378.03,1234.95
cell_5067,3378.07,455.04
cell_5068,3379.16,2614.21
cell_5069,3379.92,1931.76
cell_5070,3380.14,1764.74
cell_5071,3380.82,933
cell_5072,3381.3,816.38
cell_5073,3381.31,2040.17
cell_5074,3381.82,877.32
cell_5075,3382.27,839.01
cell_5076,3382.3,786.36
cell_5077,3382.35,2415.89
cell_5078,3383.44,907.02
cell_5079,3383.66,1148.28
cell_5080,3384.22,711.3
cell_5081,3384.23,2642.32
cell_5082,3384.24,1896.74
cell_5083,3384.46,2003.31
cell_5084,3384.66,803.25
cell_5085,3385.12,1981.79
cell_5086,3385.25,1477.01
cell_5087,3386.16,1027.48
cell_5088,3386.18,1923.94
cell_5089,3386.77,2653.29
cell_5090,3387.06,442.98
cell_5091,3387.24,1841.06
cell_5092,3387.46,1947.23
cell_5093,3387.81,2595.61
cell_5094,3388,2392.79
cell_5095,3388.27,893.23
cell_5096,3388.68,2068.16
cell_5097,3388.98,1741.39
cell_5098,3389.35,2031.86
cell_5099,3389.4,983.71
cell_5100,3389.58,456.01
cell_5101,3389.6,2096.71
cell_5102,3391.86,1587.75
cell_5103,3392.49,1783.39
cell_5104,3392.63,728.86
cell_5105,3393.19,1669.82
cell_5106,3394.01,2624.35
cell_5107,3394.38,1960.45
cell_5108,3394.47,1705.38
cell_5109,3394.87,2678.58
cell_5110,3395.53,1821.56
cell_5111,3395.7,1252.84
cell_5112,3395.7,2605.44
cell_5113,3396.49,1630.96
cell_5114,3396.84,2109.25
cell_5115,3396.94,2082.13
cell_5116,3397.29,1896.76
cell_5117,3397.5,485.32
cell_5118,3398.06,1297.76
cell_5119,3398.71,1747.46
cell_5120,3399.09,1984.61
cell_5121,3399.75,2432.74
cell_5122,3399.95,828.92
cell_5123,3399.99,1724.11
cell_5124,3400.57,916.18
cell_5125,3400.77,2163.4
cell_5126,3401.26,1930.02
cell_5127,3402.19,1102.88
cell_5128,3402.34,1909.78
cell_5129,3402.48,750.69
cell_5130,3402.53,1949.88
cell_5131,3403.02,2616.62
cell_5132,3403.08,2049.1
cell_5133,3403.26,1803.74
cell_5134,3403.73,1769.78
cell_5135,3404.01,2282.43
cell_5136,3404.33,2595.9
cell_5137,3405.9,2032.22
cell_5138,3406.54,2091.56
cell_5139,3407.92,1227.19
cell_5140,3408.18,900.7
cell_5141,3408.33,2408.74
cell_5142,3408.66,1758.09
cell_5143,3409.08,448.93
cell_5144,3409.08,814.59
cell_5145,3409.09,2685.87
cell_5146,3409.35,469.34
cell_5147,3409.42,777.47
cell_5148,3409.56,723.5
cell_5149,3409.56,871.3
cell_5150,3410.16,755.82
cell_5151,3410.91,1595.74
cell_5152,3411.59,836.54
cell_5153,3411.95,2008.19
cell_5154,3412.06,2643.54
cell_5155,3412.41,2052.35
cell_5156,3412.56,2113.53
cell_5157,3412.57,1853.6
cell_5158,3412.63,2621.41
cell_5159,3412.78,1959.74
cell_5160,3415.76,2067.05
cell_5161,3415.92,2126.67
cell_5162,3416.31,792.27
cell_5163,3416.54,891.12
cell_5164,3416.89,730.95
cell_5165,3416.92,500.66
cell_5166,3417.08,2440.19
cell_5167,3417.71,2371.14
cell_5168,3418.01,929.69
cell_5169,3418.11,949.91
cell_5170,3418.24,848.59
cell_5171,3418.39,2140.19
cell_5172,3418.49,1924.7
cell_5173,3419.25,912.58
cell_5174,3419.57,2674.49
cell_5175,3419.66,974.63
cell_5176,3419.68,1778.49
cell_5177,3420.46,1043
cell_5178,3420.59,1900.79
cell_5179,3420.68,431.65
cell_5180,3420.72,1700.36
cell_5181,3420.8,1812.57
cell_5182,3421.2,235.57
cell_5183,3421.66,2160.92
cell_5184,3422.49,1975.19
cell_5185,3422.97,2120.16
cell_5186,3423.51,2455.27
cell_5187,3423.85,681.58
cell_5188,3424.61,1745.04
cell_5189,3424.88,2061.97
cell_5190,3425.64,1625.45
cell_5191,3425.9,662.44
cell_5192,3426.09,798.62
cell_5193,3426.31,752.79
cell_5194,3426.64,2089.01
cell_5195,3426.99,2690.67
cell_5196,3427.05,2046.27
cell_5197,3427.44,1999.53
cell_5198,3428.46,2103.67
cell_5199,3428.82,832.59
cell_5200,3428.88,877.45
cell_5201,3429.36,948.71
cell_5202,3430.38,2146.9
cell_5203,3430.73,2672.1
cell_5204,3431.43,1984.63
cell_5205,3431.52,1715.33
cell_5206,3432.36,653.66
cell_5207,3432.58,688.42
cell_5208,3432.8,2124.33
cell_5209,3432.84,1091.7
cell_5210,3432.85,1763.59
cell_5211,3432.9,1003.68
cell_5212,3433.99,769.63
cell_5213,3434.11,482.56
cell_5214,3435.51,822.09
cell_5215,3436.19,497.72
cell_5216,3436.81,2635.95
cell_5217,3437.42,699.58
cell_5218,3437.87,2111.98
cell_5219,3438.32,1061.04
cell_5220,3438.76,1916.74
cell_5221,3439.02,1892.16
cell_5222,3439.4,1875.11
cell_5223,3439.55,2005.83
cell_5224,3440.42,2420.3
cell_5225,3440.5,1773.91
cell_5226,3440.58,1972.65
cell_5227,3440.61,2666.61
cell_5228,3440.77,2081.57
cell_5229,3440.83,1179.14
cell_5230,3441.06,2069.77
cell_5231,3441.7,657.43
cell_5232,3442.15,2657.37
cell_5233,3442.32,2031.03
cell_5234,3442.35,1792.45
cell_5235,3443.48,689.41
cell_5236,3444.13,1821.24
cell_5237,3444.57,2221.2
cell_5238,3444.84,833.27
cell_5239,3444.9,2056.04
cell_5240,3445.66,789.02
cell_5241,3445.95,810.86
cell_5242,3446.99,2235.36
cell_5243,3447.31,905.42
cell_5244,3447.47,2679.37
cell_5245,3447.71,2046.36
cell_5246,3448.2,2467.6
cell_5247,3448.82,673.93
cell_5248,3449.59,2441.68
cell_5249,3449.65,2001.97
cell_5250,3449.66,644.27
cell_5251,3450.81,2020.43
cell_5252,3451.06,2202.95
cell_5253,3451.3,1036.76
cell_5254,3451.92,1020.12
cell_5255,3452.94,1672.38
cell_5256,3453.54,1972.12
cell_5257,3453.62,487.13
cell_5258,3453.82,719.47
cell_5259,3454.51,628.91
cell_5260,3454.71,432.45
cell_5261,3454.72,2632.55
cell_5262,3455.26,461.4
cell_5263,3455.48,1984.77
cell_5264,3455.48,655.43
cell_5265,3455.6,2225.84
cell_5266,3455.74,1903.7
cell_5267,3455.99,731.35
cell_5268,3456.21,690.82
cell_5269,3456.39,2243.51
cell_5270,3456.5,2413.38
cell_5271,3456.72,2214.64
cell_5272,3457.21,2598.65
cell_5273,3457.36,800.32
cell_5274,3457.61,2669.67
cell_5275,3457.99,2033.08
cell_5276,3458.15,668.77
cell_5277,3458.17,1856.13
cell_5278,3458.2,2008.93
cell_5279,3459.56,1737.94
cell_5280,3459.78,1928.45
cell_5281,3460.5,2394.3
cell_5282,3460.59,917.21
cell_5283,3460.91,2381.92
cell_5284,3461.61,1711.64
cell_5285,3461.86,2694.52
cell_5286,3462.37,1994.15
cell_5287,3463.01,1876.38
cell_5288,3463.35,878.2
cell_5289,3463.39,1794.17
cell_5290,3463.94,2425.3
cell_5291,3464.19,417.13
cell_5292,3464.41,737.43
cell_5293,3464.61,810.19
cell_5294,3464.98,1772.31
cell_5295,3465.22,657.95
cell_5296,3465.32,1229.97
cell_5297,3465.32,2641.08
cell_5298,3465.97,1975.76
cell_5299,3466.4,2255
cell_5300,3466.64,640.58
cell_5301,3466.67,2025.48
cell_5302,3467.34,684.81
cell_5303,3467.48,746.98
cell_5304,3468.04,830.33
cell_5305,3468.3,1815.02
cell_5306,3468.33,621.14
cell_5307,3468.37,988.28
cell_5308,3468.42,1759.59
cell_5309,3468.82,1962.35
cell_5310,3469.54,1123.78
cell_5311,3470.15,2089.94
cell_5312,3470.2,706.11
cell_5313,3470.87,936.78
cell_5314,3471.1,1690.84
cell_5315,3471.26,2243.96
cell_5316,3471.4,862.47
cell_5317,3471.66,2015.7
cell_5318,3472.09,1998.43
cell_5319,3473.05,439.1
cell_5320,3473.38,1070.34
cell_5321,3474.78,2213.96
cell_5322,3475,2699.57
cell_5323,3475.05,813.24
cell_5324,3475.24,732.92
cell_5325,3475.28,664.71
cell_5326,3475.67,1892.59
cell_5327,3476.46,878.01
cell_5328,3476.69,652.38
cell_5329,3477.1,2232.72
cell_5330,3477.63,2673.7
cell_5331,3477.94,2097.13
cell_5332,3478.65,692.2
cell_5333,3479.2,2461.3
cell_5334,3479.39,2421.3
cell_5335,3479.72,1029.86
cell_5336,3480.92,1725.31
cell_5337,3481.09,1946.11
cell_5338,3481.18,849.55
cell_5339,3481.44,2263.12
cell_5340,3481.54,2599.98
cell_5341,3481.69,2083.14
cell_5342,3481.74,1470.54
cell_5343,3481.82,616.93
cell_5344,3482.48,2646.2
cell_5345,3482.63,1819.56
cell_5346,3482.95,861.97
cell_5347,3483.01,1842.1
cell_5348,3483.48,2441.8
cell_5349,3484.47,2127.48
cell_5350,3484.94,825.76
cell_5351,3485.47,2614.98
cell_5352,3485.48,2227.86
cell_5353,3485.51,737.1
cell_5354,3486.1,641.89
cell_5355,3486.95,1963.21
cell_5356,3487.21,714.84
cell_5357,3487.46,2689.76
cell_5358,3487.81,1176.57
cell_5359,3487.99,2104.07
cell_5360,3488.02,1998.65
cell_5361,3488.41,1746.82
cell_5362,3488.78,1927.25
cell_5363,3489.65,2205.45
cell_5364,3489.67,1708.31
cell_5365,3490.13,1735.76
cell_5366,3490.26,1879.62
cell_5367,3491.06,2074.79
cell_5368,3491.31,701.81
cell_5369,3491.58,684.34
cell_5370,3491.93,2092.81
cell_5371,3492.05,668.72
cell_5372,3492.13,654.09
cell_5373,3493.42,2628.86
cell_5374,3493.48,769.92
cell_5375,3493.57,840.35
cell_5376,3493.9,1950.42
cell_5377,3494.08,994.7
cell_5378,3494.79,2219.13
cell_5379,3495.5,629.16
cell_5380,3495.66,2689.74
cell_5381,3496.29,2120.43
cell_5382,3496.36,2274.91
cell_5383,3496.46,783.64
cell_5384,3496.66,801.47
cell_5385,3497.21,724.31
cell_5386,3498.26,647.5
cell_5387,3498.38,600.97
cell_5388,3499.04,1982.04
cell_5389,3499.24,1993.43
cell_5390,350.24,1197.09
cell_5391,3500.07,1119.99
cell_5392,3500.3,714.34
cell_5393,3500.37,1820.8
cell_5394,3500.38,2060.5
cell_5395,3500.82,2070.86
cell_5396,3500.83,2698.16
cell_5397,3501,1967.85
cell_5398,3501.71,2107.81
cell_5399,3501.83,1728.52
cell_5400,3502.03,755.04
cell_5401,3503.25,1661.51
cell_5402,3504.13,1925.47
cell_5403,3504.38,1479.65
cell_5404,3504.47,1956.63
cell_5405,3504.92,2631.34
cell_5406,3505.04,865.01
cell_5407,3505.39,2083.44
cell_5408,3505.48,2225.18
cell_5409,3505.78,855.5
cell_5410,3505.8,413.81
cell_5411,3505.87,797.76
cell_5412,3506.05,681.79
cell_5413,3506.2,1758.2
cell_5414,3506.44,2260.45
cell_5415,3506.97,433.32
cell_5416,3507.18,635.72
cell_5417,3507.5,663.56
cell_5418,3507.84,399.69
cell_5419,3508.17,455.31
cell_5420,3508.44,1874.72
cell_5421,3508.55,876.3
cell_5422,3508.99,2469.65
cell_5423,3509.22,1743.5
cell_5424,3509.4,2377.31
cell_5425,3509.43,1719.63
cell_5426,3509.54,826.11
cell_5427,3509.63,1683.05
cell_5428,351.68,1404.97
cell_5429,3510.13,780.52
cell_5430,3510.42,2063.49
cell_5431,3511.25,1843.79
cell_5432,3511.7,739.21
cell_5433,3512.1,2110.98
cell_5434,3512.28,2096.55
cell_5435,3512.37,1149.17
cell_5436,3512.46,815.15
cell_5437,3513.02,648.64
cell_5438,3513.14,713.65
cell_5439,3513.67,846.24
cell_5440,3514.19,2691.64
cell_5441,3514.88,629.28
cell_5442,3514.93,762.87
cell_5443,3515.13,2217.7
cell_5444,3515.14,2272.43
cell_5445,3516.06,621.08
cell_5446,3516.19,689.48
cell_5447,3517.49,1814.43
cell_5448,3517.88,591.31
cell_5449,3518.15,2704.75
cell_5450,3518.18,829.11
cell_5451,3518.73,798.39
cell_5452,3518.87,2120.74
cell_5453,3519.59,2080.93
cell_5454,3519.77,699.17
cell_5455,3519.9,1093.21
cell_5456,3520.6,2059.02
cell_5457,3521.72,2683.66
cell_5458,3522.33,779.36
cell_5459,3522.56,1068.2
cell_5460,3522.73,1953.8
cell_5461,3522.97,870.41
cell_5462,3523.36,417.8
cell_5463,3523.82,658.34
cell_5464,3524.12,2207.19
cell_5465,3525.48,739.27
cell_5466,3525.54,2620.98
cell_5467,3525.84,2648.26
cell_5468,3525.95,1657.45
cell_5469,3526.05,2419.97
cell_5470,3526.17,2192.6
cell_5471,3526.18,763.4
cell_5472,3526.43,2169.33
cell_5473,3526.51,1922.62
cell_5474,3527.07,683
cell_5475,3527.1,1832.43
cell_5476,3527.25,2042.1
cell_5477,3527.44,1724.99
cell_5478,3527.52,2269.45
cell_5479,3528.44,1034.12
cell_5480,3529.28,649.88
cell_5481,3529.5,1712.55
cell_5482,3529.85,668.36
cell_5483,3530.21,2471.9
cell_5484,3530.29,2079.55
cell_5485,3530.3,2142.07
cell_5486,3530.51,597.89
cell_5487,3530.69,1967.13
cell_5488,3530.7,2113.76
cell_5489,3530.75,2127.88
cell_5490,3531.05,1149.53
cell_5491,3531.2,2019.73
cell_5492,3531.36,2053.96
cell_5493,3531.49,1817.43
cell_5494,3531.64,1851.03
cell_5495,3531.64,1936.31
cell_5496,3531.84,401.68
cell_5497,3532.38,979.93
cell_5498,3532.64,2159.17
cell_5499,3533.37,2100.67
cell_5500,3534.07,1686.27
cell_5501,3534.07,1747.36
cell_5502,3534.39,2178.38
cell_5503,3534.81,704.88
cell_5504,3534.82,730.59
cell_5505,3534.85,922.07
cell_5506,3535.18,764.75
cell_5507,3536.06,1891.36
cell_5508,3536.58,2202.83
cell_5509,3537.51,2404.33
cell_5510,3537.66,1945.76
cell_5511,3538.07,604.67
cell_5512,3538.1,910.63
cell_5513,3539.33,880.79
cell_5514,3539.86,750.93
cell_5515,3540.08,663.69
cell_5516,3541.04,685.08
cell_5517,3541.67,2461.34
cell_5518,3541.75,2085.23
cell_5519,3542.2,2704.55
cell_5520,3542.51,863.23
cell_5521,3542.67,2059.84
cell_5522,3542.7,238.75
cell_5523,3542.91,2692.84
cell_5524,3543.44,612.08
cell_5525,3543.58,2192.86
cell_5526,3543.68,694.92
cell_5527,3543.74,450.03
cell_5528,3543.91,1764.93
cell_5529,3544.16,1084.18
cell_5530,3544.41,592.85
cell_5531,3545.45,2212.67
cell_5532,3545.54,785.41
cell_5533,3545.9,2151.56
cell_5534,3546.6,2117.49
cell_5535,3547.52,2048.81
cell_5536,3547.87,1977.38
cell_5537,3548.68,1497.23
cell_5538,3548.72,2628.36
cell_5539,3548.81,1918.08
cell_5540,3548.88,1049.55
cell_5541,3549.27,757.88
cell_5542,3549.91,434.36
cell_5543,3550.2,388.44
cell_5544,3550.26,729.35
cell_5545,3550.99,2673.29
cell_5546,3551.45,2643.9
cell_5547,3551.51,2615.33
cell_5548,3551.65,1736.6
cell_5549,3551.82,2024.45
cell_5550,3551.91,2092.85
cell_5551,3553.13,711.53
cell_5552,3553.96,853.75
cell_5553,3554.04,2482.6
cell_5554,3554.25,1726.36
cell_5555,3554.66,930.93
cell_5556,3554.99,690.36
cell_5557,3555.02,2155.99
cell_5558,3555.52,1194.51
cell_5559,3555.82,2140.38
cell_5560,3556.02,2169.88
cell_5561,3556.15,618.58
cell_5562,3556.43,773.22
cell_5563,3556.66,2065.72
cell_5564,3557.06,2189.91
cell_5565,3557.52,1961.45
cell_5566,3557.89,1998.38
cell_5567,3558.71,2120.89
cell_5568,3558.72,1981.68
cell_5569,3559.03,636.03
cell_5570,3559.18,2467.38
cell_5571,3559.2,803.38
cell_5572,3559.48,1854.07
cell_5573,3559.93,833.12
cell_5574,3560.36,589.79
cell_5575,3560.54,2692.68
cell_5576,3560.65,2048.19
cell_5577,3561.36,1029.12
cell_5578,3561.64,1950.13
cell_5579,3561.72,2130.42
cell_5580,3561.72,2663.33
cell_5581,3562.54,2088.83
cell_5582,3563.08,2222.94
cell_5583,3563.16,2204.96
cell_5584,3563.19,2180.72
cell_5585,3563.53,2111.87
cell_5586,3563.61,2718.27
cell_5587,3563.67,715.3
cell_5588,3563.71,748.64
cell_5589,3564.85,1832.3
cell_5590,3564.92,927.48
cell_5591,3564.95,2035.48
cell_5592,3566.33,856.5
cell_5593,3566.35,2096.67
cell_5594,3566.39,683.52
cell_5595,3566.55,2155.26
cell_5596,3566.77,881.36
cell_5597,3566.84,704.04
cell_5598,3566.96,658.35
cell_5599,3567.18,2685.06
cell_5600,3567.44,645.18
cell_5601,3567.61,1808.58
cell_5602,3568.23,796.22
cell_5603,3568.63,824.8
cell_5604,3568.86,1978.76
cell_5605,3568.9,1794.18
cell_5606,3569.24,2007.19
cell_5607,3571.07,1961.22
cell_5608,3571.29,428.67
cell_5609,3571.49,1753.84
cell_5610,3571.55,2212.03
cell_5611,3572.29,2076.58
cell_5612,3572.59,1742.23
cell_5613,3572.8,2162.38
cell_5614,3572.82,2698.86
cell_5615,3573.18,2191.42
cell_5616,3574.17,2651.89
cell_5617,3574.35,1194.52
cell_5618,3574.49,2121.8
cell_5619,3575.02,728
cell_5620,3575.82,2053.97
cell_5621,3576.72,2219.8
cell_5622,3576.85,754.06
cell_5623,3577.28,705.89
cell_5624,3577.82,2143.09
cell_5625,3577.89,1228.96
cell_5626,3579.8,1717.11
cell_5627,3580.09,1839.06
cell_5628,3580.16,915.5
cell_5629,3580.28,2203.57
cell_5630,3580.53,2174.19
cell_5631,3580.66,680.01
cell_5632,3581.07,642.02
cell_5633,3581.1,1785.63
cell_5634,3581.65,94.23
cell_5635,3581.91,1965.85
cell_5636,3582.17,444.17
cell_5637,3582.6,2635.44
cell_5638,3582.86,2457.21
cell_5639,3583.11,777.65
cell_5640,3583.18,1669.53
cell_5641,3583.24,559.14
cell_5642,3583.56,575.82
cell_5643,3583.83,394.21
cell_5644,3584.3,379.36
cell_5645,3584.43,1878.08
cell_5646,3584.89,868.7
cell_5647,3585,689.28
cell_5648,3585.22,655.36
cell_5649,3585.29,826.83
cell_5650,3585.31,2159.13
cell_5651,3585.47,1817.4
cell_5652,3585.65,1774.92
cell_5653,3585.74,1084.66
cell_5654,3585.82,713.79
cell_5655,3586.01,2074.57
cell_5656,3586.47,2214.48
cell_5657,3586.92,1908.62
cell_5658,3587.36,2196.69
cell_5659,3587.39,2103.3
cell_5660,3587.61,737.73
cell_5661,3587.99,2126.65
cell_5662,3588.48,666.86
cell_5663,3589.37,590.89
cell_5664,359.01,1090.51
cell_5665,3590.91,2181.02
cell_5666,3591.77,2116.51
cell_5667,3591.84,1739.68
cell_5668,3592.22,2654.14
cell_5669,3592.5,1007.54
cell_5670,3592.53,888.56
cell_5671,3593.05,2222.58
cell_5672,3593.14,2684.38
cell_5673,3593.44,853.89
cell_5674,3593.89,2148.74
cell_5675,3594.64,615.82
cell_5676,3594.95,2205.37
cell_5677,3595.01,2079.61
cell_5678,3596.38,1800.18
cell_5679,3596.5,241.75
cell_5680,3596.65,2023.16
cell_5681,3596.69,604.05
cell_5682,3596.94,795.66
cell_5683,3597.23,675.29
cell_5684,3597.27,417.86
cell_5685,3597.44,1831.72
cell_5686,3597.58,769.47
cell_5687,3597.59,2641.09
cell_5688,3597.74,1643.33
cell_5689,3597.96,1948.1
cell_5690,3599.35,752.02
cell_5691,3599.88,1697.42
cell_5692,3599.88,1889.54
cell_5693,3600,723.14
cell_5694,3600.22,2169.1
cell_5695,3600.57,2157.38
cell_5696,3600.99,1988.15
cell_5697,3601.13,2187.27
cell_5698,3601.3,2723.01
cell_5699,3601.42,630.16
cell_5700,3602.32,2098.56
cell_5701,3602.76,2118.52
cell_5702,3603.15,377.7
cell_5703,3603.51,2451.6
cell_5704,3603.79,563.78
cell_5705,3604.08,921.22
cell_5706,3604.1,2231.27
cell_5707,3604.3,663.88
cell_5708,3604.33,1853.7
cell_5709,3605.38,2203.03
cell_5710,3605.38,618.53
cell_5711,3605.66,684.38
cell_5712,3605.68,2488.2
cell_5713,3605.94,826.98
cell_5714,3606.17,393.1
cell_5715,3606.5,1054.74
cell_5716,3606.99,883.49
cell_5717,3607,425.94
cell_5718,3607.35,595.1
cell_5719,3607.4,794.64
cell_5720,3607.61,2212.42
cell_5721,3607.74,1761.77
cell_5722,3607.89,2141.69
cell_5723,3608.08,1727.03
cell_5724,3608.58,2049.14
cell_5725,3609.11,713.06
cell_5726,3609.33,1798.77
cell_5727,3610.28,2465.32
cell_5728,3610.75,1995.36
cell_5729,3610.83,950.78
cell_5730,3612.27,1035.75
cell_5731,3612.28,2075.17
cell_5732,3612.35,558.7
cell_5733,3612.64,650.4
cell_5734,3613.1,2191.61
cell_5735,3613.19,2175.17
cell_5736,3613.75,847.97
cell_5737,3614.37,633.87
cell_5738,3614.41,756.43
cell_5739,3614.55,2112.5
cell_5740,3614.65,823.17
cell_5741,3615.51,1212.68
cell_5742,3615.67,807.91
cell_5743,3615.94,613.81
cell_5744,3615.98,2015.83
cell_5745,3616.12,1835.63
cell_5746,3616.14,367.51
cell_5747,3616.23,2055.28
cell_5748,3616.72,2091.23
cell_5749,3617.2,2246.91
cell_5750,3618.06,1818.02
cell_5751,3618.07,1083.58
cell_5752,3618.31,2641.75
cell_5753,3618.9,868.33
cell_5754,3619.01,2129.31
cell_5755,3619.5,1001.66
cell_5756,3619.53,691.07
cell_5757,3619.92,2702.38
cell_5758,362.31,2122.52
cell_5759,3620.55,2146.02
cell_5760,3620.84,1869.73
cell_5761,3621.14,2727.28
cell_5762,3621.32,2037.96
cell_5763,3621.53,675.98
cell_5764,3621.68,2214.71
cell_5765,3621.74,2070.15
cell_5766,3621.83,2655.89
cell_5767,3622.74,731.01
cell_5768,3624.04,773.39
cell_5769,3624.1,412.97
cell_5770,3624.27,798.01
cell_5771,3624.55,1916.27
cell_5772,3625.05,659.26
cell_5773,3625.35,2234.24
cell_5774,3625.38,976.46
cell_5775,3625.43,2223.16
cell_5776,3625.55,939.42
cell_5777,3625.86,1988.8
cell_5778,3626.1,759.45
cell_5779,3626.36,2171.22
cell_5780,3626.37,2682.87
cell_5781,3627.14,635.83
cell_5782,3627.2,614.49
cell_5783,3627.65,1932.81
cell_5784,3627.71,883.4
cell_5785,3627.77,1968.61
cell_5786,3628.07,2483.29
cell_5787,3628.16,1893.35
cell_5788,3628.37,2043.59
cell_5789,3628.43,585.96
cell_5790,3628.74,905.95
cell_5791,3629.15,2152.74
cell_5792,3629.21,2092.76
cell_5793,3629.32,430.29
cell_5794,3629.38,650.87
cell_5795,3629.77,1754.58
cell_5796,3630.21,962.86
cell_5797,3630.29,1714.9
cell_5798,3631.51,703.09
cell_5799,3631.81,813.27
cell_5800,3631.83,1830.68
cell_5801,3632.37,2014.37
cell_5802,3632.48,860.48
cell_5803,3632.58,928.99
cell_5804,3632.73,2716.48
cell_5805,3633.15,1958.46
cell_5806,3633.21,2104.99
cell_5807,3633.51,1731.71
cell_5808,3633.53,2129.78
cell_5809,3633.9,2141.73
cell_5810,3634.22,1995.27
cell_5811,3634.37,755.47
cell_5812,3634.73,2162.21
cell_5813,3634.79,1769.04
cell_5814,3635.08,1043.19
cell_5815,3635.74,684.17
cell_5816,3636.49,740.26
cell_5817,3637.03,1851.65
cell_5818,3637.24,2048.5
cell_5819,3637.69,595.02
cell_5820,3637.87,1017.14
cell_5821,3637.91,1808.99
cell_5822,3638.17,1974.96
cell_5823,3638.17,663.52
cell_5824,3638.53,1787.86
cell_5825,3638.86,608.81
cell_5826,3638.98,1069.94
cell_5827,3639,2458.25
cell_5828,3639.02,1841.19
cell_5829,3639.1,2085.22
cell_5830,3640.58,715.75
cell_5831,3641.09,2025.72
cell_5832,3641.35,2237.27
cell_5833,3641.95,2179.27
cell_5834,3642.14,1905.21
cell_5835,3642.31,1057.56
cell_5836,3642.83,2105
cell_5837,3642.83,2635.4
cell_5838,3643.08,1876.18
cell_5839,3643.46,696.07
cell_5840,3643.6,833.06
cell_5841,3644.22,754.05
cell_5842,3644.49,1859.89
cell_5843,3644.58,644.3
cell_5844,3644.73,2475.96
cell_5845,3644.92,1102.78
cell_5846,3644.96,1819.43
cell_5847,3645.77,366.37
cell_5848,3645.82,2501.89
cell_5849,3645.95,1737.99
cell_5850,3646.61,944.27
cell_5851,3646.96,2156.57
cell_5852,3647.5,912.99
cell_5853,3647.76,2665.36
cell_5854,3647.78,2226.31
cell_5855,3648.61,1982.64
cell_5856,3649.65,2049.74
cell_5857,3649.72,632.77
cell_5858,365.8,1398.17
cell_5859,365.92,1421.08
cell_5860,3650.32,2133.77
cell_5861,3650.38,720.9
cell_5862,3651.5,855.99
cell_5863,3652.23,653.48
cell_5864,3652.28,2736.15
cell_5865,3652.69,619.93
cell_5866,3652.71,2647.04
cell_5867,3652.84,1996.33
cell_5868,3652.93,664.09
cell_5869,3653.69,1038.19
cell_5870,3654.03,412.38
cell_5871,3654.28,678.39
cell_5872,3654.61,1130.88
cell_5873,3654.67,751.94
cell_5874,3654.91,1845.07
cell_5875,3654.99,2015.74
cell_5876,3655,1959.12
cell_5877,3655.09,2685.28
cell_5878,3655.1,1889.4
cell_5879,3655.16,2082.83
cell_5880,3655.37,2215.28
cell_5881,3655.77,701.16
cell_5882,3655.78,1188.38
cell_5883,3655.85,1921.96
cell_5884,3656.11,824.51
cell_5885,3656.55,731.59
cell_5886,3657.28,2203.25
cell_5887,3657.52,1708.58
cell_5888,3657.6,2066.47
cell_5889,3657.7,781.58
cell_5890,3658.2,1756.66
cell_5891,3658.26,2454.99
cell_5892,3658.27,2107.44
cell_5893,3658.62,1944.57
cell_5894,3659.64,2164.17
cell_5895,3660.13,926.19
cell_5896,3660.36,631.63
cell_5897,3660.77,2507.54
cell_5898,3661.89,1828.01
cell_5899,3661.98,746.88
cell_5900,3662.01,1798.28
cell_5901,3662.32,720.8
cell_5902,3662.59,2023.24
cell_5903,3662.78,686.41
cell_5904,3662.83,2153.92
cell_5905,3663.21,1005.95
cell_5906,3663.86,2692.54
cell_5907,3664.27,373.67
cell_5908,3664.38,1275.76
cell_5909,3665.17,640.93
cell_5910,3665.24,1951.83
cell_5911,3665.27,2079.41
cell_5912,3666.5,1906.59
cell_5913,3667.27,2171.8
cell_5914,3667.28,660.74
cell_5915,3667.72,1878.36
cell_5916,3667.79,1999.95
cell_5917,3667.87,709.14
cell_5918,3668.29,826.17
cell_5919,3669.2,910.53
cell_5920,3669.27,2215.95
cell_5921,3669.34,1549.54
cell_5922,3669.66,2132.85
cell_5923,3669.87,1164.39
cell_5924,3670.81,2050.07
cell_5925,3670.97,2188.07
cell_5926,3671.66,2157.68
cell_5927,3671.94,841.22
cell_5928,3671.97,2204.11
cell_5929,3672.16,416.34
cell_5930,3673.16,718.8
cell_5931,3673.3,743.34
cell_5932,3673.66,1766.39
cell_5933,3674.13,2245.93
cell_5934,3674.3,680.05
cell_5935,3674.45,2115.25
cell_5936,3674.62,760.47
cell_5937,3675.37,1032.35
cell_5938,3676.65,967.03
cell_5939,3676.66,1054.44
cell_5940,3676.67,2651.76
cell_5941,3677.15,1226.08
cell_5942,3677.49,2728.65
cell_5943,3678.59,1594.08
cell_5944,3678.82,2146.77
cell_5945,3679.05,2214.1
cell_5946,3679.19,1016.27
cell_5947,3679.67,750.09
cell_5948,368.63,1451.85
cell_5949,3680.02,1956.45
cell_5950,3680.12,1826.46
cell_5951,3680.25,703.96
cell_5952,3680.61,352.29
cell_5953,3680.71,1695.1
cell_5954,3680.71,2660.23
cell_5955,3681.39,2096.65
cell_5956,3681.55,770.75
cell_5957,3682.11,2039.65
cell_5958,3682.72,2165.12
cell_5959,3683.08,2743.42
cell_5960,3683.63,989.92
cell_5961,3684.34,2673.54
cell_5962,3684.4,936.42
cell_5963,3684.44,2074.39
cell_5964,3685.16,2008.72
cell_5965,3685.48,1272.04
cell_5966,3685.7,2713.99
cell_5967,3686.35,564.44
cell_5968,3686.54,2463.39
cell_5969,3686.93,1157.4
cell_5970,3686.93,2136.41
cell_5971,3687.12,529.19
cell_5972,3688.06,2207.26
cell_5973,3688.1,1988.45
cell_5974,3688.11,2174.46
cell_5975,3688.31,1663.84
cell_5976,3688.52,2187.01
cell_5977,3688.59,1752.22
cell_5978,3688.9,1842.46
cell_5979,3688.91,594.79
cell_5980,3689.11,761.19
cell_5981,3690.04,742.49
cell_5982,3691.16,2699.78
cell_5983,3691.51,2049.22
cell_5984,3692.64,2023.19
cell_5985,3692.7,1896.28
cell_5986,3692.97,1050.8
cell_5987,3693.22,2108.71
cell_5988,3693.32,521.76
cell_5989,3694.34,2196.84
cell_5990,3694.96,2736.75
cell_5991,3695,399.03
cell_5992,3695.23,602.37
cell_5993,3695.91,361.17
cell_5994,3696.01,554.65
cell_5995,3696.32,2512.77
cell_5996,3697.11,2489.48
cell_5997,3697.2,2148.6
cell_5998,3697.97,1030.33
cell_5999,3698.11,1757.91
cell_6000,3698.65,777.98
cell_6001,3698.72,1544.44
cell_6002,3699.63,735.39
cell_6003,3700.03,2068.86
cell_6004,3700.22,647.54
cell_6005,3700.41,611.41
cell_6006,3700.53,795.44
cell_6007,3700.72,2209.04
cell_6008,3701.04,1012.47
cell_6009,3701.97,2178.82
cell_6010,3702,2167.68
cell_6011,3702.48,915.87
cell_6012,3703,756.5
cell_6013,3703.32,2117.82
cell_6014,3703.47,2482.54
cell_6015,3703.85,568.15
cell_6016,3704.05,2746.14
cell_6017,3704.23,2706.62
cell_6018,3704.5,2663.73
cell_6019,3704.82,505.52
cell_6020,3705.01,2104.02
cell_6021,3706.32,2047.69
cell_6022,3706.54,517.47
cell_6023,3706.89,496.98
cell_6024,3707,964.6
cell_6025,3707.25,940.67
cell_6026,3707.65,2079.77
cell_6027,3708.05,2651.94
cell_6028,3708.75,2199.94
cell_6029,3708.94,2720.79
cell_6030,3709.78,1168.17
cell_6031,3711.11,1743.4
cell_6032,3711.37,528.37
cell_6033,3711.4,742.5
cell_6034,3712.13,1725.5
cell_6035,3712.23,2182.06
cell_6036,3712.28,789.31
cell_6037,3712.59,179.91
cell_6038,3713.01,559.83
cell_6039,3713.11,2690.31
cell_6040,3713.2,377.6
cell_6041,3713.24,356.18
cell_6042,3713.41,990.84
cell_6043,3713.65,1907.45
cell_6044,3714.14,649
cell_6045,3714.3,659.52
cell_6046,3715.13,2060.2
cell_6047,3715.32,402.7
cell_6048,3715.45,774.42
cell_6049,3715.6,1769.88
cell_6050,3715.61,2110.95
cell_6051,3715.76,684.41
cell_6052,3715.78,1667.1
cell_6053,3716.3,2515.63
cell_6054,3716.32,875.18
cell_6055,3717.58,2023.79
cell_6056,3718.16,494.94
cell_6057,3718.2,2172.51
cell_6058,3718.94,539.38
cell_6059,3719.07,2097.34
cell_6060,3719.65,2732.85
cell_6061,3719.66,2662.48
cell_6062,3720.1,2722.05
cell_6063,3720.15,599.52
cell_6064,3720.41,2459.43
cell_6065,3720.64,1062.64
cell_6066,3720.87,756.21
cell_6067,3721.02,576.41
cell_6068,3721.25,339.05
cell_6069,3721.79,1918.87
cell_6070,3722.79,1779.58
cell_6071,3722.91,1711.55
cell_6072,3723.14,2745.29
cell_6073,3723.48,2076.37
cell_6074,3723.95,2161.88
cell_6075,3724.01,1758.55
cell_6076,3724.92,527.68
cell_6077,3725.19,637.95
cell_6078,3725.26,2127.87
cell_6079,3725.26,565.38
cell_6080,3725.41,1012.96
cell_6081,3727.1,1990.69
cell_6082,3727.12,2040.57
cell_6083,3727.24,680.96
cell_6084,3727.37,489.45
cell_6085,3727.62,1805.03
cell_6086,3728.49,669.83
cell_6087,3728.63,885.16
cell_6088,3728.87,704.07
cell_6089,3729.59,550.05
cell_6090,3729.98,502.18
cell_6091,3730.43,2689.31
cell_6092,3730.44,2150.52
cell_6093,3731.55,1845.86
cell_6094,3732.05,653.64
cell_6095,3732.5,1885.14
cell_6096,3732.58,369.6
cell_6097,3733.04,2749.94
cell_6098,3733.3,2117.36
cell_6099,3733.38,1740.18
cell_6100,3734.57,2063.34
cell_6101,3734.6,525.51
cell_6102,3734.68,539.28
cell_6103,3734.72,2668.33
cell_6104,3735.34,630.84
cell_6105,3735.66,2532.3
cell_6106,3736.11,1824.76
cell_6107,3736.25,386.24
cell_6108,3737.36,2025.53
cell_6109,3738.12,783.37
cell_6110,3738.14,1068.13
cell_6111,3738.19,2649.77
cell_6112,3738.7,2049.76
cell_6113,3738.74,2725.44
cell_6114,3738.75,562.27
cell_6115,3739.22,801.81
cell_6116,3739.45,2207.22
cell_6117,3739.47,2096.67
cell_6118,3739.56,1033.6
cell_6119,3739.6,2192.16
cell_6120,374.32,2124.1
cell_6121,3740.85,647.01
cell_6122,3741.06,2466.65
cell_6123,3741.15,1680.94
cell_6124,3741.24,358.52
cell_6125,3741.26,1220.64
cell_6126,3741.3,493.96
cell_6127,3741.73,764.61
cell_6128,3741.8,330.74
cell_6129,3742.08,2173.91
cell_6130,3742.66,1716.04
cell_6131,3742.91,668.16
cell_6132,3743.11,1052.44
cell_6133,3743.12,580.12
cell_6134,3743.52,627.58
cell_6135,3744.31,2033.61
cell_6136,3744.49,1978.39
cell_6137,3744.53,1629.23
cell_6138,3745.06,2071.04
cell_6139,3745.21,543.01
cell_6140,3745.4,687.31
cell_6141,3745.88,897.35
cell_6142,3746.15,2513.59
cell_6143,3746.35,556.73
cell_6144,3747.58,2208.6
cell_6145,3747.6,344.02
cell_6146,3747.62,530.89
cell_6147,3748.13,2151.71
cell_6148,3748.39,1902.11
cell_6149,3748.46,943.54
cell_6150,3748.7,2092.5
cell_6151,3749.66,1738.87
cell_6152,3749.77,2048.46
cell_6153,3750.07,1278.26
cell_6154,3750.26,864.7
cell_6155,3750.37,2500.35
cell_6156,3750.9,2751.63
cell_6157,3751.37,740.03
cell_6158,3751.52,610.28
cell_6159,3751.83,2718.1
cell_6160,3752.52,2063.22
cell_6161,3753.11,704.83
cell_6162,3753.13,585.32
cell_6163,3753.16,782.48
cell_6164,3753.33,639.46
cell_6165,3753.57,1879.89
cell_6166,3753.61,2083.77
cell_6167,3754.08,1811.48
cell_6168,3754.27,1823.3
cell_6169,3754.8,325.05
cell_6170,3754.84,2540.68
cell_6171,3754.95,493.88
cell_6172,3755.28,1929
cell_6173,3755.34,627.73
cell_6174,3755.36,2023.27
cell_6175,3755.65,2670.39
cell_6176,3755.71,1014.66
cell_6177,3755.87,682.57
cell_6178,3756.84,655.44
cell_6179,3757.1,2210.01
cell_6180,3757.67,806.71
cell_6181,3757.69,751.03
cell_6182,3758.19,1839.48
cell_6183,3758.92,665.36
cell_6184,3759.09,1191.35
cell_6185,3759.58,551.27
cell_6186,376.14,1529.63
cell_6187,3760.12,2000.45
cell_6188,3761.22,1078.72
cell_6189,3761.31,2053.63
cell_6190,3762.16,676.2
cell_6191,3762.28,1944.91
cell_6192,3762.31,2475.63
cell_6193,3762.34,579.65
cell_6194,3762.8,337.17
cell_6195,3762.86,645.32
cell_6196,3762.93,840.18
cell_6197,3763.07,1404.03
cell_6198,3763.28,2191.55
cell_6199,3763.47,714.83
cell_6200,3763.74,2040.86
cell_6201,3764.39,387.2
cell_6202,3765.14,896.89
cell_6203,3765.28,1974.27
cell_6204,3765.39,2076.01
cell_6205,3765.47,2179.93
cell_6206,3765.65,1068.59
cell_6207,3766.28,737.28
cell_6208,3766.4,1609.46
cell_6209,3766.43,497.3
cell_6210,3766.7,600.11
cell_6211,3767.46,1696.41
cell_6212,3767.9,1928.61
cell_6213,3768.18,540.95
cell_6214,3769.45,802.17
cell_6215,3769.6,2230.99
cell_6216,3769.78,1091.74
cell_6217,3769.79,1756.67
cell_6218,377.96,1371.66
cell_6219,3770.72,1739.88
cell_6220,3770.89,1891.4
cell_6221,3771.26,319.17
cell_6222,3771.62,2065.68
cell_6223,3771.72,644.02
cell_6224,3771.9,1819.17
cell_6225,3772.13,1795.21
cell_6226,3772.9,662.27
cell_6227,3772.93,2735.79
cell_6228,3773.01,2679.11
cell_6229,3773.15,673.16
cell_6230,3773.45,692.93
cell_6231,3774.06,2136.92
cell_6232,3774.72,2204.38
cell_6233,3775.28,1959.4
cell_6234,3775.43,568.44
cell_6235,3775.82,840.45
cell_6236,3776.27,623.38
cell_6237,3776.62,175.57
cell_6238,3777.59,721.74
cell_6239,3777.83,2052.15
cell_6240,3778.32,2011.56
cell_6241,3778.4,2162.04
cell_6242,3779.02,918.04
cell_6243,3779.05,2505.97
cell_6244,3779.15,589.61
cell_6245,3779.31,1995.91
cell_6246,3779.55,2029.03
cell_6247,3779.78,2211.15
cell_6248,3780.09,2663.01
cell_6249,3780.27,371.98
cell_6250,3780.33,336.43
cell_6251,3780.85,675.95
cell_6252,3780.89,1938.5
cell_6253,3780.9,1553.59
cell_6254,3781.47,2144.8
cell_6255,3781.56,2537.82
cell_6256,3782.07,2019.19
cell_6257,3782.32,2748.33
cell_6258,3782.36,552.32
cell_6259,3782.5,577.76
cell_6260,3782.95,641.09
cell_6261,3783.15,2483.79
cell_6262,3783.27,763.78
cell_6263,3783.51,1007.39
cell_6264,3783.84,2126.9
cell_6265,3784.16,1026.28
cell_6266,3784.27,710.08
cell_6267,3784.31,946.05
cell_6268,3784.54,1717.69
cell_6269,3784.82,1838.98
cell_6270,3784.83,734.35
cell_6271,3784.94,1060.91
cell_6272,3785.69,1983.79
cell_6273,3785.8,2269.82
cell_6274,3785.8,691.05
cell_6275,3786.58,617.53
cell_6276,3786.63,537.67
cell_6277,3787.2,1476.85
cell_6278,3787.39,631.21
cell_6279,3787.78,785.7
cell_6280,3788.56,807.29
cell_6281,3789.09,2681.02
cell_6282,3789.42,319.86
cell_6283,379.19,1397.11
cell_6284,3790.06,1884.96
cell_6285,3790.18,661.48
cell_6286,3790.41,702.73
cell_6287,3790.97,2280.16
cell_6288,3791.51,2157.74
cell_6289,3791.73,598.39
cell_6290,3792.06,1810.95
cell_6291,3792.23,1237.24
cell_6292,3792.92,551.58
cell_6293,3793.7,776.47
cell_6294,3794.16,2548.7
cell_6295,3794.22,567.02
cell_6296,3794.39,644.65
cell_6297,3794.62,1700.43
cell_6298,3794.82,1777.98
cell_6299,3794.91,1091.12
cell_6300,3795.1,1155.27
cell_6301,3795.13,1998.28
cell_6302,3795.43,1975.41
cell_6303,3795.79,2011.2
cell_6304,3795.87,585.81
cell_6305,3796.11,839.73
cell_6306,3796.96,2168.2
cell_6307,3797.02,331.87
cell_6308,3797.03,2759.48
cell_6309,3797.14,926.64
cell_6310,3797.25,2037.98
cell_6311,3797.54,1175.29
cell_6312,3797.93,1822.65
cell_6313,3798.04,690.19
cell_6314,3798.44,612.51
cell_6315,3798.45,1256.94
cell_6316,3798.48,1073.58
cell_6317,3798.75,2741.02
cell_6318,3798.86,2216.6
cell_6319,3799.3,378.19
cell_6320,3799.39,2025.81
cell_6321,3799.4,2200.53
cell_6322,3799.69,1739.68
cell_6323,3799.96,2269.79
cell_6324,380.06,1419.21
cell_6325,380.75,1347.43
cell_6326,3800.42,1928.55
cell_6327,3800.68,517.16
cell_6328,3801.15,544.71
cell_6329,3801.44,655.9
cell_6330,3801.68,706.9
cell_6331,3801.86,676.52
cell_6332,3801.94,767.87
cell_6333,3802.59,950.48
cell_6334,3802.8,742.14
cell_6335,3802.86,1115.6
cell_6336,3803.07,2287.75
cell_6337,3803.55,861.61
cell_6338,3803.56,1796.67
cell_6339,3803.64,1196.55
cell_6340,3803.95,1138.71
cell_6341,3803.98,1990.2
cell_6342,3804.54,634.79
cell_6343,3805.55,560.4
cell_6344,3805.59,2095.89
cell_6345,3805.85,2128.63
cell_6346,3805.98,533.34
cell_6347,3806.52,2169.48
cell_6348,3806.54,595.39
cell_6349,3806.98,2223.04
cell_6350,3807.56,1298.97
cell_6351,3807.8,1888.32
cell_6352,3808.8,2010.91
cell_6353,3808.9,1027.46
cell_6354,3809.11,1002.18
cell_6355,3809.14,2754.16
cell_6356,3809.52,1842.42
cell_6357,3809.73,2503.7
cell_6358,3810.66,1714.76
cell_6359,3811.22,2153.06
cell_6360,3811.41,516.99
cell_6361,3811.44,646.36
cell_6362,3811.72,606.91
cell_6363,3811.73,1180.95
cell_6364,3812.06,1905.21
cell_6365,3812.51,312.15
cell_6366,3812.6,2175.81
cell_6367,3812.78,1603.4
cell_6368,3812.97,1639.91
cell_6369,3813.27,1970.69
cell_6370,3813.52,788.38
cell_6371,3813.96,548.49
cell_6372,3814.46,2725.94
cell_6373,3814.59,699.98
cell_6374,3814.88,2128.52
cell_6375,3814.94,2255.29
cell_6376,3815.21,2532.55
cell_6377,3815.67,2185.65
cell_6378,3816.06,1069.56
cell_6379,3816.49,749.23
cell_6380,3816.66,1928.21
cell_6381,3817.08,2565.61
cell_6382,3817.16,1157.05
cell_6383,3817.22,2228.06
cell_6384,3817.28,2074.37
cell_6385,3817.3,688.08
cell_6386,3817.46,2690.09
cell_6387,3818.13,1059.77
cell_6388,3818.92,725.29
cell_6389,3819.57,1827.06
cell_6390,3819.68,631.45
cell_6391,382.77,1408.5
cell_6392,3820.4,950.67
cell_6393,3820.51,2241.1
cell_6394,3820.64,2143.3
cell_6395,3821.09,599.47
cell_6396,3822.17,2272.62
cell_6397,3822.47,854.07
cell_6398,3822.82,1083.78
cell_6399,3822.94,2059.88
cell_6400,3822.98,1760.49
cell_6401,3823.26,2729.89
cell_6402,3823.55,2152.29
cell_6403,3823.7,1952.79
cell_6404,3824.08,519.47
cell_6405,3824.12,646.41
cell_6406,3824.35,1740.82
cell_6407,3824.53,2180.38
cell_6408,3824.74,537.1
cell_6409,3825.56,2128.65
cell_6410,3826.12,792.58
cell_6411,3826.32,556.95
cell_6412,3826.52,660.79
cell_6413,3826.64,345.5
cell_6414,3826.9,2748.36
cell_6415,3827.46,2522.63
cell_6416,3828.14,1976.3
cell_6417,3828.16,2676.33
cell_6418,3828.46,2074.16
cell_6419,3828.5,1321.6
cell_6420,3828.51,2097.53
cell_6421,3828.53,1898.56
cell_6422,3828.77,2256.27
cell_6423,3828.97,1926.8
cell_6424,3829.26,2032.57
cell_6425,3829.66,1791.31
cell_6426,3829.94,817.08
cell_6427,383.07,2113.27
cell_6428,3830.99,1942.68
cell_6429,3831.01,2162.13
cell_6430,3831.34,321.06
cell_6431,3831.45,719.71
cell_6432,3832.17,953.43
cell_6433,3832.23,2232.17
cell_6434,3832.23,907.66
cell_6435,3832.66,2209.38
cell_6436,3832.97,2496.2
cell_6437,3833.19,2189.87
cell_6438,3833.35,601.75
cell_6439,3833.44,618.91
cell_6440,3833.76,565.54
cell_6441,3834.18,302.41
cell_6442,3834.35,675.25
cell_6443,3834.71,1287.78
cell_6444,3834.75,2515.29
cell_6445,3834.87,842.6
cell_6446,3835.02,2118.34
cell_6447,3835.06,771.43
cell_6448,3835.09,520.6
cell_6449,3836.06,633.29
cell_6450,3836.71,1103.73
cell_6451,3837.12,2046.8
cell_6452,3837.4,1146.76
cell_6453,3837.46,2223.57
cell_6454,3837.98,2093.09
cell_6455,3838.09,1644.56
cell_6456,3839.54,2082.08
cell_6457,3839.75,1067.02
cell_6458,3839.84,1962.3
cell_6459,3841.14,792.86
cell_6460,3841.61,2170.14
cell_6461,3841.71,1835.4
cell_6462,3841.94,929.01
cell_6463,3842.27,2141.3
cell_6464,3842.43,938.24
cell_6465,3842.91,1084.74
cell_6466,3843.15,2002.67
cell_6467,3843.18,2255.32
cell_6468,3844.7,2209.3
cell_6469,3845.1,2747.73
cell_6470,3845.16,1766.31
cell_6471,3845.16,2556.15
cell_6472,3845.44,663.21
cell_6473,3845.45,1256.02
cell_6474,3845.72,629.77
cell_6475,3845.86,713.46
cell_6476,3845.99,344.28
cell_6477,3846.15,1611.73
cell_6478,3846.62,2030.97
cell_6479,3846.62,652.11
cell_6480,3846.93,2231.11
cell_6481,3847.69,736.77
cell_6482,3847.78,297.37
cell_6483,3848.17,853.27
cell_6484,3848.53,520.02
cell_6485,3848.91,1920.99
cell_6486,3849.32,770.03
cell_6487,3849.33,1752.79
cell_6488,3849.41,2767.52
cell_6489,3849.71,2691.05
cell_6490,3849.74,599.56
cell_6491,385.33,1183.9
cell_6492,3850.01,1809.56
cell_6493,3850.19,1991.62
cell_6494,3850.44,2733.55
cell_6495,3850.5,1074.16
cell_6496,3850.55,2081.28
cell_6497,3850.58,787.29
cell_6498,3850.94,2115.86
cell_6499,3851.2,1973.88
cell_6500,3851.87,1897.13
cell_6501,3852.81,2216.49
cell_6502,3852.96,1027.1
cell_6503,3853.7,2010.74
cell_6504,3853.95,2054.29
cell_6505,3854.38,2240.75
cell_6506,3854.54,665.24
cell_6507,3854.78,2176.62
cell_6508,3854.79,2525.5
cell_6509,3854.94,1675.12
cell_6510,3854.99,357.47
cell_6511,3855.28,631.7
cell_6512,3855.5,812.07
cell_6513,3855.68,2318.85
cell_6514,3856.34,2141.82
cell_6515,3856.5,734.21
cell_6516,3856.81,681.89
cell_6517,3856.96,979.92
cell_6518,3857.06,755.54
cell_6519,3857.58,2153
cell_6520,3857.66,2086.86
cell_6521,3857.94,704.07
cell_6522,3858.21,2192.44
cell_6523,3858.56,2203.9
cell_6524,3858.61,2038.27
cell_6525,386.85,1483.84
cell_6526,3860.25,1943.46
cell_6527,3860.36,1180.95
cell_6528,3860.48,2754.2
cell_6529,3860.53,1727.37
cell_6530,3860.98,616.98
cell_6531,3861.36,1844.69
cell_6532,3861.77,2329.58
cell_6533,3862.07,1793.87
cell_6534,3862.72,1133.43
cell_6535,3862.81,329.63
cell_6536,3862.88,947.2
cell_6537,3862.99,2224.23
cell_6538,3863.08,793.21
cell_6539,3863.61,1968.22
cell_6540,3863.7,661.81
cell_6541,3864.19,287.7
cell_6542,3864.26,726.53
cell_6543,3864.31,639.27
cell_6544,3864.69,1907.68
cell_6545,3864.69,2294.28
cell_6546,3864.72,712.03
cell_6547,3864.92,2093.47
cell_6548,3865.25,688.3
cell_6549,3865.81,2116.31
cell_6550,3865.97,2514.65
cell_6551,3866.05,1873.89
cell_6552,3866.63,2240.61
cell_6553,3866.68,2052.6
cell_6554,3866.76,759
cell_6555,3866.85,1812.39
cell_6556,3867.01,2156.35
cell_6557,3867.48,2319.6
cell_6558,3867.73,2211.11
cell_6559,3868.92,1947.12
cell_6560,3869.22,2756.84
cell_6561,3869.28,819.05
cell_6562,3869.71,1109.6
cell_6563,3869.85,680.02
cell_6564,3870.09,2742.28
cell_6565,3870.43,305.86
cell_6566,3870.67,2681.18
cell_6567,3870.95,595.67
cell_6568,3871.37,577.76
cell_6569,3871.61,2542.48
cell_6570,3871.84,2173.73
cell_6571,3872.47,786.34
cell_6572,3872.53,609.21
cell_6573,3872.58,645.85
cell_6574,3872.59,2311.47
cell_6575,3872.91,2020.98
cell_6576,3872.95,719.16
cell_6577,3873.04,2071.25
cell_6578,3873.39,742.72
cell_6579,3873.44,1445.02
cell_6580,3873.62,1996
cell_6581,3873.78,2340.04
cell_6582,3874.32,1759.71
cell_6583,3874.52,620.24
cell_6584,3874.94,698.42
cell_6585,3874.96,1087.56
cell_6586,3875.06,2196.66
cell_6587,3875.23,1837.87
cell_6588,3875.67,767.76
cell_6589,3876.18,2226.49
cell_6590,3876.4,2118.32
cell_6591,3876.51,848.49
cell_6592,3876.97,891.74
cell_6593,3877.1,1778.46
cell_6594,3877.14,2150.77
cell_6595,3877.33,2215.93
cell_6596,3877.39,1201.88
cell_6597,3877.48,1913.76
cell_6598,3877.64,2007.65
cell_6599,3877.66,806.36
cell_6600,3877.93,2459.41
cell_6601,3879.34,858.58
cell_6602,388.23,1050.7
cell_6603,3881.12,2141.69
cell_6604,3881.17,2084.43
cell_6605,3881.36,2303.27
cell_6606,3881.49,1622.38
cell_6607,3881.6,2567.58
cell_6608,3882.26,785.61
cell_6609,3882.61,1866.92
cell_6610,3883.08,729.78
cell_6611,3883.21,2039.08
cell_6612,3883.23,2267.11
cell_6613,3883.77,583.38
cell_6614,3883.9,2021.17
cell_6615,3883.96,283.06
cell_6616,3884.1,512.95
cell_6617,3884.4,743.8
cell_6618,3884.57,2538.18
cell_6619,3884.84,2330.48
cell_6620,3885.16,2234.7
cell_6621,3885.35,707.72
cell_6622,3885.66,1953.01
cell_6623,3886.01,625.46
cell_6624,3886.08,1810.5
cell_6625,3886.28,977.45
cell_6626,3886.41,526.67
cell_6627,3886.47,766.05
cell_6628,3887.03,2179.45
cell_6629,3887.27,2318.66
cell_6630,3887.4,42.85
cell_6631,3887.85,690.76
cell_6632,3888.13,1792.47
cell_6633,3888.26,2207.55
cell_6634,3888.32,502.7
cell_6635,3888.63,2162.75
cell_6636,3889.22,1888.41
cell_6637,3889.25,832.3
cell_6638,3889.92,2142.12
cell_6639,389.26,1460.23
cell_6640,3890,342.77
cell_6641,3890.48,820.92
cell_6642,3890.9,652.36
cell_6643,3891.78,2088.65
cell_6644,3891.79,2196.73
cell_6645,3892.1,676.06
cell_6646,3892.7,2303.71
cell_6647,3892.95,607.4
cell_6648,3893.23,2048.06
cell_6649,3893.62,328.99
cell_6650,3893.97,719.65
cell_6651,3894.43,793.65
cell_6652,3894.68,1931.56
cell_6653,3894.76,1974.65
cell_6654,3894.92,579.66
cell_6655,3895.21,2036.02
cell_6656,3895.25,2116.68
cell_6657,3895.41,2149.06
cell_6658,3895.59,751.97
cell_6659,3895.72,1150.74
cell_6660,3895.8,637.18
cell_6661,3895.8,772.42
cell_6662,3895.81,303.07
cell_6663,3896.13,2006.55
cell_6664,3896.7,699.76
cell_6665,3896.95,1023.51
cell_6666,3897.43,1176.19
cell_6667,3897.63,540.6
cell_6668,3898.1,615.17
cell_6669,3899.25,998.75
cell_6670,3899.4,2257.83
cell_6671,3899.59,569.75
cell_6672,3899.86,287.69
cell_6673,3900.11,2722.68
cell_6674,3900.21,943.22
cell_6675,3900.35,1343.93
cell_6676,3900.6,2236.86
cell_6677,3900.9,1903.45
cell_6678,3900.96,505.97
cell_6679,3901.04,675.42
cell_6680,3901.15,2170.57
cell_6681,3901.85,2193.1
cell_6682,3901.94,2760.47
cell_6683,3902.52,725.93
cell_6684,3902.83,1133.03
cell_6685,3903.12,1109.24
cell_6686,3903.43,2284.81
cell_6687,3903.49,659.1
cell_6688,3904.64,694.06
cell_6689,3904.76,2300.94
cell_6690,3904.84,2140.56
cell_6691,3905.02,904.8
cell_6692,3905.31,1090.85
cell_6693,3905.7,625.32
cell_6694,3905.82,1073.36
cell_6695,3905.84,2128.87
cell_6696,3906.25,602.76
cell_6697,3906.43,522.77
cell_6698,3906.55,587.63
cell_6699,3906.8,512.05
cell_6700,3906.92,2074.5
cell_6701,3908.65,1197.78
cell_6702,3909.04,533.78
cell_6703,3909.08,2243.43
cell_6704,3909.09,1948.77
cell_6705,3909.33,2201.29
cell_6706,3909.74,2216.68
cell_6707,3909.76,2557.61
cell_6708,3909.78,2109.76
cell_6709,3910.05,2156.71
cell_6710,3910.28,2229.81
cell_6711,3910.49,2177.55
cell_6712,3910.58,1500.22
cell_6713,3910.61,2687.49
cell_6714,3910.66,741.84
cell_6715,3910.73,774.82
cell_6716,3910.93,792.52
cell_6717,3911.19,1982.01
cell_6718,3911.23,2533.93
cell_6719,3911.43,2276.67
cell_6720,3911.8,2017.08
cell_6721,3912.2,1877.98
cell_6722,3912.42,915.35
cell_6723,3912.45,2373.61
cell_6724,3912.69,2189.68
cell_6725,3912.72,555.76
cell_6726,3912.78,2089.19
cell_6727,3913.03,2041.2
cell_6728,3913.76,710.64
cell_6729,3914.2,2388.49
cell_6730,3915.18,1005.32
cell_6731,3915.71,514.93
cell_6732,3915.72,1930.02
cell_6733,3915.77,1167.62
cell_6734,3916.27,638.55
cell_6735,3916.34,2263.56
cell_6736,3916.53,271.47
cell_6737,3916.57,1833.85
cell_6738,3917.36,589.23
cell_6739,3917.76,626.52
cell_6740,3917.95,883.91
cell_6741,3918.67,862.49
cell_6742,3918.84,730.95
cell_6743,3919.71,2098.28
cell_6744,3919.93,2132.8
cell_6745,392.2,1371.09
cell_6746,3920.42,2236.79
cell_6747,3920.45,1800.18
cell_6748,3920.46,694.52
cell_6749,3920.52,2164.04
cell_6750,3920.93,1206.08
cell_6751,3921.37,2115.4
cell_6752,3921.42,1784.44
cell_6753,3921.52,1038.46
cell_6754,3921.62,2197.65
cell_6755,3921.72,605.71
cell_6756,3921.72,841.05
cell_6757,3922.11,548.9
cell_6758,3922.51,44.78
cell_6759,3922.94,2547.21
cell_6760,3923.2,681.9
cell_6761,3923.35,1911.87
cell_6762,3923.65,525.01
cell_6763,3923.73,2755.15
cell_6764,3924.49,926.8
cell_6765,3924.75,2150.56
cell_6766,3924.82,2033.48
cell_6767,3925.01,1892.7
cell_6768,3925.16,2266.34
cell_6769,3925.18,1017.83
cell_6770,3926.03,981.64
cell_6771,3926.07,709.59
cell_6772,3926.18,770.24
cell_6773,3926.56,1762.61
cell_6774,3926.61,311.32
cell_6775,3926.68,2284.05
cell_6776,3926.7,2072.01
cell_6777,3926.71,665.42
cell_6778,3927.14,2045.24
cell_6779,3927.18,1276.52
cell_6780,3927.23,646.63
cell_6781,3927.56,2253.03
cell_6782,3927.7,535.94
cell_6783,3927.88,1935.55
cell_6784,3927.96,578.14
cell_6785,3927.97,2393.93
cell_6786,3927.97,758.52
cell_6787,3928.24,2189.79
cell_6788,3928.78,904.31
cell_6789,3928.81,1952.54
cell_6790,3930.67,2120.08
cell_6791,3931.18,2296.05
cell_6792,3931.21,2105.7
cell_6793,3931.73,2487
cell_6794,3931.8,2555.31
cell_6795,3932.07,2307.76
cell_6796,3932.55,2368.26
cell_6797,3932.71,2733.12
cell_6798,3932.77,251.24
cell_6799,3933.15,776.31
cell_6800,3933.26,591.11
cell_6801,3933.3,2000.97
cell_6802,3933.3,2225.42
cell_6803,3933.38,805.61
cell_6804,3933.55,1027.99
cell_6805,3933.6,846.43
cell_6806,3934.02,2205.05
cell_6807,3934.33,871.58
cell_6808,3934.89,2173.46
cell_6809,3935.45,554.87
cell_6810,3935.57,1966.35
cell_6811,3936.46,2241.33
cell_6812,3936.87,692.07
cell_6813,3936.99,1882.75
cell_6814,3937.75,2048.2
cell_6815,3938.14,2757.41
cell_6816,3938.39,2397.83
cell_6817,3938.48,609.98
cell_6818,3938.58,2540.2
cell_6819,3938.8,1909.03
cell_6820,3938.83,324.1
cell_6821,3938.92,2133.71
cell_6822,3939.15,2017.73
cell_6823,3939.46,727.27
cell_6824,3939.62,650.21
cell_6825,3939.74,1777.51
cell_6826,3939.75,2147.51
cell_6827,3939.82,663.22
cell_6828,3939.93,2106.24
cell_6829,3940.52,2583.67
cell_6830,3940.71,950.91
cell_6831,3941.4,626.59
cell_6832,3941.73,1145.87
cell_6833,3941.97,271.4
cell_6834,3943,2371.25
cell_6835,3943.7,2164.03
cell_6836,3943.87,2218.89
cell_6837,3944.07,1863.83
cell_6838,3944.42,2772.89
cell_6839,3945.17,2195.54
cell_6840,3945.72,1938.27
cell_6841,3945.76,1720.25
cell_6842,3945.82,1021.38
cell_6843,3946.32,679.45
cell_6844,3946.5,2271.44
cell_6845,3946.7,581.93
cell_6846,3946.99,1045.17
cell_6847,3947.47,2235.24
cell_6848,3947.72,1388.97
cell_6849,3947.78,1007.37
cell_6850,3947.89,2738.24
cell_6851,3947.98,1787.63
cell_6852,3948.03,752.11
cell_6853,3948.12,2752.7
cell_6854,3948.17,2530.51
cell_6855,3948.42,1216.63
cell_6856,3948.62,1163.75
cell_6857,3948.91,784.98
cell_6858,3949.25,2094.86
cell_6859,3949.37,2294.72
cell_6860,3949.65,891.15
cell_6861,3949.72,1964.24
cell_6862,3950.53,1809.7
cell_6863,3950.71,2706.23
cell_6864,3950.74,2253.67
cell_6865,3950.88,591.25
cell_6866,3951.16,2048.99
cell_6867,3951.21,965.16
cell_6868,3951.82,2556.2
cell_6869,3951.86,873.21
cell_6870,3952.11,1910.71
cell_6871,3952.31,608.91
cell_6872,3952.31,857.69
cell_6873,3952.66,943.24
cell_6874,3952.7,2581.21
cell_6875,3954.68,2022.98
cell_6876,3955.22,2167.87
cell_6877,3955.31,304.13
cell_6878,3955.47,658.5
cell_6879,3955.98,908.54
cell_6880,3956.11,796.58
cell_6881,3956.32,628.32
cell_6882,3956.65,1934.13
cell_6883,3957.18,2759.37
cell_6884,3957.57,2185.44
cell_6885,3957.88,1983.32
cell_6886,3957.94,1867.75
cell_6887,3958.18,743.08
cell_6888,3959.23,2518.59
cell_6889,3959.28,920.5
cell_6890,3959.36,711.73
cell_6891,3959.47,265.41
cell_6892,3959.48,991.07
cell_6893,3959.53,2389.49
cell_6894,396.56,1397.57
cell_6895,3960.04,2065.14
cell_6896,3960.28,682.58
cell_6897,3960.35,1799.15
cell_6898,3960.42,1279
cell_6899,3960.51,1675.51
cell_6900,3960.78,2211.81
cell_6901,3960.9,2733.84
cell_6902,3961.05,767.89
cell_6903,3961.29,2285.47
cell_6904,3961.39,2158.84
cell_6905,3962.36,1725.14
cell_6906,3962.59,867.41
cell_6907,3963.07,2142.12
cell_6908,3963.82,2264.68
cell_6909,3963.92,812.31
cell_6910,3965.31,2721.65
cell_6911,3967.44,722.56
cell_6912,3967.55,689.43
cell_6913,3967.92,2118.73
cell_6914,3968.09,2090.09
cell_6915,3968.21,2176.13
cell_6916,3968.21,242.83
cell_6917,3968.41,2377.85
cell_6918,3968.52,557.19
cell_6919,3969.03,2215.53
cell_6920,3969.17,1818.56
cell_6921,3969.34,1908.62
cell_6922,3969.6,881.83
cell_6923,3969.77,1856.66
cell_6924,3970.68,1927.65
cell_6925,3970.71,2594.41
cell_6926,3971.1,749.22
cell_6927,3971.52,2746.62
cell_6928,3972.05,773.1
cell_6929,3972.48,1945.87
cell_6930,3972.51,1207.67
cell_6931,3972.75,2040.19
cell_6932,3972.75,2555.94
cell_6933,3972.77,709.32
cell_6934,3972.89,2080.9
cell_6935,3973.21,2252.27
cell_6936,3973.65,2235.24
cell_6937,3973.81,900.38
cell_6938,3974.12,2583.07
cell_6939,3974.15,2279.48
cell_6940,3974.75,2391.1
cell_6941,3974.82,1972.32
cell_6942,3975.11,515.03
cell_6943,3975.55,1045.13
cell_6944,3975.79,2542.08
cell_6945,3975.97,2159.1
cell_6946,3976.36,1016.23
cell_6947,3976.55,1499.17
cell_6948,3976.85,996.46
cell_6949,3976.95,2098.38
cell_6950,3977.01,1193.13
cell_6951,3977.23,2410.29
cell_6952,3977.39,2198.47
cell_6953,3977.46,2144.43
cell_6954,3977.73,1141.27
cell_6955,3978.52,306.79
cell_6956,3978.62,978.48
cell_6957,3979.02,1255.32
cell_6958,3979.03,1652.95
cell_6959,3979.42,2172.84
cell_6960,3979.75,242.66
cell_6961,398.42,1315.41
cell_6962,3980,1154.14
cell_6963,3980.05,1995.81
cell_6964,3980.4,2108.15
cell_6965,3980.64,575.08
cell_6966,3980.96,594.03
cell_6967,3981.01,2268.09
cell_6968,3981.43,645.89
cell_6969,3981.63,1840.7
cell_6970,3981.63,1984.05
cell_6971,3981.94,564.1
cell_6972,3982.32,2058.69
cell_6973,3982.55,809.69
cell_6974,3982.67,616.02
cell_6975,3982.77,1097.27
cell_6976,3982.82,1119.5
cell_6977,3983.25,2206.96
cell_6978,3983.95,1027.36
cell_6979,3984.13,1512.22
cell_6980,3985.4,2224.84
cell_6981,3986,935
cell_6982,3986.14,2133.62
cell_6983,3986.24,539.73
cell_6984,3986.77,2758.56
cell_6985,3987.05,919.61
cell_6986,3987.27,2161.54
cell_6987,3987.31,952.12
cell_6988,3987.74,764.51
cell_6989,3988.68,1857.57
cell_6990,3988.81,2119.36
cell_6991,3989.35,523.23
cell_6992,3989.52,622.44
cell_6993,3989.69,2028.12
cell_6994,3989.79,873.82
cell_6995,3989.88,577.78
cell_6996,3989.88,748.63
cell_6997,399.31,1349.4
cell_6998,3990.25,799.75
cell_6999,3990.48,722.07
cell_7000,3990.92,1884.91
cell_7001,3990.95,2716.29
cell_7002,3991.68,642.55
cell_7003,3992.39,1830.64
cell_7004,3992.65,2010.73
cell_7005,3993.47,2191.28
cell_7006,3993.61,2238.78
cell_7007,3994.22,503.78
cell_7008,3994.46,2564.32
cell_7009,3995.11,230.91
cell_7010,3996.46,532.65
cell_7011,3996.55,356.71
cell_7012,3996.56,787.91
cell_7013,3996.93,276.71
cell_7014,3997.06,2597.18
cell_7015,3997.15,2574.16
cell_7016,3997.37,1808.34
cell_7017,3997.39,928.71
cell_7018,3997.74,1994.4
cell_7019,3997.75,2750.77
cell_7020,3997.97,2060.03
cell_7021,3998.55,667.22
cell_7022,3999.64,1863.65
cell_7023,3999.78,759.48
cell_7024,400.91,1519.77
cell_7025,4000.56,2134.95
cell_7026,4000.9,2085.75
cell_7027,4000.94,735.88
cell_7028,4001.1,917.22
cell_7029,4001.59,769.55
cell_7030,4001.6,582.5
cell_7031,4002.46,2764.74
cell_7032,4002.66,817.96
cell_7033,4002.67,2216.3
cell_7034,4003.55,2252.71
cell_7035,4003.58,640.65
cell_7036,4005.54,1107.7
cell_7037,4005.6,1842.88
cell_7038,4005.61,1883.83
cell_7039,4006.01,339.68
cell_7040,4006.9,676.9
cell_7041,4006.94,2202.03
cell_7042,4007.18,2512.02
cell_7043,4007.62,1190.83
cell_7044,4007.7,543.75
cell_7045,4007.8,2179.24
cell_7046,4008.73,2027.17
cell_7047,4009.34,2584.73
cell_7048,4009.55,1821.72
cell_7049,4010.58,2565.82
cell_7050,4010.98,2421.05
cell_7051,4011.08,900.23
cell_7052,4011.4,357
cell_7053,4011.53,1085.81
cell_7054,4011.64,738.64
cell_7055,4011.69,491.46
cell_7056,4011.84,633.28
cell_7057,4012.12,474.31
cell_7058,4012.88,2081.55
cell_7059,4013.07,552.91
cell_7060,4013.76,1014.32
cell_7061,4013.85,812.04
cell_7062,4014.23,1145.19
cell_7063,4014.23,934.89
cell_7064,4014.86,2244.26
cell_7065,4015.39,2599.66
cell_7066,4016.41,2756.23
cell_7067,4016.45,960.24
cell_7068,4016.55,836.64
cell_7069,4016.56,1318.08
cell_7070,4016.69,2150.72
cell_7071,4017.12,2205.87
cell_7072,4017.72,2045.23
cell_7073,4018.13,1056.31
cell_7074,4018.16,328.84
cell_7075,4018.22,235.27
cell_7076,4018.68,591.57
cell_7077,4018.74,643.14
cell_7078,4018.99,532.77
cell_7079,4019.29,757.23
cell_7080,4020.03,2071.84
cell_7081,4020.66,2096.59
cell_7082,4021.71,1666.19
cell_7083,4022.17,1843.73
cell_7084,4022.89,1046.66
cell_7085,4023.6,336.76
cell_7086,4023.74,2182.5
cell_7087,4023.98,544.24
cell_7088,4024.1,562.1
cell_7089,4024.25,349.13
cell_7090,4025.35,2566.61
cell_7091,4025.4,490.76
cell_7092,4025.49,685.37
cell_7093,4025.81,2523.03
cell_7094,4026.04,581.43
cell_7095,4026.1,1035.68
cell_7096,4026.2,2230.08
cell_7097,4027.91,702.06
cell_7098,4028.04,913.29
cell_7099,4028.09,1744.17
cell_7100,4028.54,250.54
cell_7101,4028.74,2109.62
cell_7102,4028.86,2608.93
cell_7103,4028.87,643.75
cell_7104,4028.9,230.74
cell_7105,4029.07,781.28
cell_7106,4029.1,950.57
cell_7107,4029.79,217.55
cell_7108,4030.06,1776.74
cell_7109,4030.22,747.74
cell_7110,4030.48,767.78
cell_7111,4030.55,1806.66
cell_7112,4030.68,2032.17
cell_7113,4031,889.97
cell_7114,4031.36,2589.2
cell_7115,4031.38,692.26
cell_7116,4031.62,532.23
cell_7117,4031.88,2426.62
cell_7118,4033.34,658.77
cell_7119,4033.55,2218.87
cell_7120,4034.31,2574.61
cell_7121,4034.47,2129.2
cell_7122,4034.85,554.23
cell_7123,4034.97,939.95
cell_7124,4035.14,1124.03
cell_7125,4035.59,631.43
cell_7126,4035.63,517.87
cell_7127,4035.83,714.02
cell_7128,4036.78,2099.99
cell_7129,4038.04,545.7
cell_7130,4038.6,619.88
cell_7131,4038.97,338.49
cell_7132,4039.33,2170.89
cell_7133,4039.99,651.84
cell_7134,404.42,2151.18
cell_7135,4040.02,872.8
cell_7136,4040.08,927.03
cell_7137,4040.1,322.34
cell_7138,4040.14,642.28
cell_7139,4040.7,1838.05
cell_7140,4041.09,2208.93
cell_7141,4041.57,688.09
cell_7142,4041.98,753.82
cell_7143,4042.81,2729.45
cell_7144,4043.13,2765.04
cell_7145,4043.28,705.57
cell_7146,4043.38,589.1
cell_7147,4043.71,2061.51
cell_7148,4043.77,2136.22
cell_7149,4043.85,1384.54
cell_7150,4044.05,1068.58
cell_7151,4044.14,964.4
cell_7152,4044.37,904.4
cell_7153,4044.85,429.95
cell_7154,4045.74,834.4
cell_7155,4045.78,810.45
cell_7156,4045.85,417.51
cell_7157,4046.17,604.98
cell_7158,4046.28,1706.13
cell_7159,4046.34,725.31
cell_7160,4046.5,1049.15
cell_7161,4048.02,267.1
cell_7162,4048.46,535.62
cell_7163,4048.51,2026.8
cell_7164,4048.82,2397.32
cell_7165,4048.94,678.83
cell_7166,4048.98,2192.25
cell_7167,4049.08,1821.43
cell_7168,4049.21,547.35
cell_7169,405.75,1482.31
cell_7170,4051.13,1777.24
cell_7171,4051.76,1175.23
cell_7172,4052.21,2611.06
cell_7173,4052.31,704.22
cell_7174,4052.37,2084.73
cell_7175,4052.62,2157.73
cell_7176,4052.86,381.47
cell_7177,4053.24,638.28
cell_7178,4053.47,1972.41
cell_7179,4053.53,1239.95
cell_7180,4053.64,223.53
cell_7181,4054.78,568.62
cell_7182,4054.85,2042.39
cell_7183,4054.93,1133.03
cell_7184,4055.07,361.82
cell_7185,4055.1,717.19
cell_7186,4055.24,774.88
cell_7187,4055.66,692.05
cell_7188,4055.98,796.13
cell_7189,4056.1,910.24
cell_7190,4056.24,623.55
cell_7191,4056.26,2593.19
cell_7192,4056.68,829.55
cell_7193,4056.8,606.49
cell_7194,4057.13,555.46
cell_7195,4057.29,207.48
cell_7196,4057.39,411.99
cell_7197,4057.68,673.73
cell_7198,4058.1,889.1
cell_7199,4058.36,1868.31
cell_7200,4058.44,2414.07
cell_7201,4058.51,2115.39
cell_7202,4060.37,374.81
cell_7203,4060.95,326.91
cell_7204,4061.16,2007.93
cell_7205,4061.41,1333.85
cell_7206,4061.82,1046.05
cell_7207,4062.45,1824.16
cell_7208,4062.45,1852.23
cell_7209,4062.54,537.05
cell_7210,4062.82,591.02
cell_7211,4063.06,2399.76
cell_7212,4063.58,2136.48
cell_7213,4064.12,2066.4
cell_7214,4064.62,2164.09
cell_7215,4064.75,515.48
cell_7216,4064.99,1028.6
cell_7217,4065.16,237.3
cell_7218,4065.16,759.15
cell_7219,4065.36,1078.78
cell_7220,4065.79,1905.7
cell_7221,4066.64,639.73
cell_7222,4066.89,549.95
cell_7223,4067.44,355.7
cell_7224,4067.67,2094.75
cell_7225,4067.69,693.1
cell_7226,4067.96,961.39
cell_7227,4068.38,577.57
cell_7228,4068.45,2781.08
cell_7229,4068.74,789.44
cell_7230,4068.94,1781.17
cell_7231,4069.01,625.04
cell_7232,4069.54,2118.65
cell_7233,407.15,1286.62
cell_7234,4070.07,738.61
cell_7235,4071.39,872.62
cell_7236,4071.44,661.17
cell_7237,4071.47,2748.31
cell_7238,4072.35,2593.29
cell_7239,4072.41,2616.93
cell_7240,4072.62,749.88
cell_7241,4072.8,1961.85
cell_7242,4072.89,430.58
cell_7243,4073.05,305.08
cell_7244,4073.56,807.17
cell_7245,4073.65,766.75
cell_7246,4073.94,612.64
cell_7247,4074.37,2533.32
cell_7248,4076.14,543.43
cell_7249,4076.29,854.4
cell_7250,4076.39,372.37
cell_7251,4076.76,639.45
cell_7252,4076.8,2072.35
cell_7253,4076.93,2153.74
cell_7254,4077.07,1809.61
cell_7255,4077.12,775.97
cell_7256,4077.19,565.48
cell_7257,4077.37,797.62
cell_7258,4077.41,1979.21
cell_7259,4077.44,1752.45
cell_7260,4077.92,2126.25
cell_7261,4077.96,675.18
cell_7262,4078.24,318.71
cell_7263,4078.67,2735.11
cell_7264,4079.06,1107.37
cell_7265,4079.38,700.46
cell_7266,4079.53,921.41
cell_7267,408.38,1491.82
cell_7268,408.7,1454.05
cell_7269,408.72,1320.09
cell_7270,4080.06,2772.25
cell_7271,4080.07,503.48
cell_7272,4080.07,653.99
cell_7273,4080.09,2194.08
cell_7274,4080.3,1196.17
cell_7275,4080.62,1013.6
cell_7276,4080.74,759.77
cell_7277,4081.4,907.6
cell_7278,4081.92,2091.03
cell_7279,4081.99,2172.9
cell_7280,4082.38,736.52
cell_7281,4082.48,607.5
cell_7282,4082.73,1059.93
cell_7283,4082.82,2030.07
cell_7284,4083.26,205.84
cell_7285,4083.36,348.44
cell_7286,4083.48,893.46
cell_7287,4083.74,1858.13
cell_7288,4083.76,408.98
cell_7289,4083.97,1257.02
cell_7290,4084.2,581.34
cell_7291,4085.11,2413.79
cell_7292,4085.23,1136.25
cell_7293,4085.91,684.85
cell_7294,4085.93,598.45
cell_7295,4085.98,1773.79
cell_7296,4086.01,1123.32
cell_7297,4086.98,2130.8
cell_7298,4086.99,2601.57
cell_7299,4087,1151.97
cell_7300,4087.16,1733.81
cell_7301,4087.2,940.02
cell_7302,4087.21,1181.71
cell_7303,4087.37,644.27
cell_7304,4087.73,419.94
cell_7305,4087.95,234.69
cell_7306,4088.3,754.11
cell_7307,4088.48,670.36
cell_7308,4088.67,629.74
cell_7309,4090.31,2013.01
cell_7310,4091.42,297.54
cell_7311,4091.45,356.77
cell_7312,4091.83,697.61
cell_7313,4091.96,2100.92
cell_7314,4092.21,567.08
cell_7315,4092.24,795.11
cell_7316,4092.48,2042.22
cell_7317,4092.62,1069.77
cell_7318,4092.71,196.75
cell_7319,4092.96,241.71
cell_7320,4093.11,611.07
cell_7321,4093.21,1288.2
cell_7322,4093.36,405.06
cell_7323,4093.54,2180.2
cell_7324,4093.56,964.2
cell_7325,4093.8,314.81
cell_7326,4094.56,718.62
cell_7327,4095.96,659.65
cell_7328,4096.51,1888.25
cell_7329,4096.63,574.64
cell_7330,4097.2,368.22
cell_7331,4097.36,1169.79
cell_7332,4097.55,510.91
cell_7333,4098.6,2582.85
cell_7334,4099.12,342.78
cell_7335,4099.13,755.9
cell_7336,4100.9,51.99
cell_7337,4101.07,1019.47
cell_7338,4101.44,2423.18
cell_7339,4102.2,605.65
cell_7340,4102.21,2176.89
cell_7341,4102.61,2137.88
cell_7342,4102.63,199.01
cell_7343,4102.8,593.07
cell_7344,4102.98,2397.06
cell_7345,4104.2,1568.31
cell_7346,4104.33,2162.13
cell_7347,4104.5,1086.65
cell_7348,4104.8,837.58
cell_7349,4104.9,1192.21
cell_7350,4105.33,2150.1
cell_7351,4105.48,2025.44
cell_7352,4106.01,2607.19
cell_7353,4106.07,616.69
cell_7354,4106.24,1863.45
cell_7355,4106.36,1912.34
cell_7356,4106.51,945.94
cell_7357,4107.96,1751.89
cell_7358,4108.17,2113.14
cell_7359,4108.31,405.14
cell_7360,4108.32,290.85
cell_7361,4108.37,1012.78
cell_7362,4109.05,899.22
cell_7363,4109.26,714.9
cell_7364,4109.35,353.6
cell_7365,4109.48,751.63
cell_7366,4109.94,774.89
cell_7367,4110.17,696.28
cell_7368,4111.07,1256.39
cell_7369,4111.43,1837.08
cell_7370,4111.75,185.14
cell_7371,4112.27,337.6
cell_7372,4112.76,1986.32
cell_7373,4113.02,513.19
cell_7374,4113.08,609.73
cell_7375,4113.28,2412.98
cell_7376,4114.29,911.41
cell_7377,4115.31,885.13
cell_7378,4116.67,2780.15
cell_7379,4116.72,810.16
cell_7380,4116.88,735.71
cell_7381,4116.92,1609.11
cell_7382,4116.92,429.76
cell_7383,4117,2431.25
cell_7384,4117.17,926.22
cell_7385,4117.41,686.94
cell_7386,4117.45,623.12
cell_7387,4117.56,1908.81
cell_7388,4117.91,235.4
cell_7389,4118.05,591.39
cell_7390,4118.22,2607.35
cell_7391,4118.43,1079.69
cell_7392,4118.59,417.15
cell_7393,4118.91,1948.93
cell_7394,412.84,1529.5
cell_7395,4120.33,2154.37
cell_7396,4120.78,969.31
cell_7397,4120.98,283.03
cell_7398,4121.02,780.22
cell_7399,4121.49,361.84
cell_7400,4121.86,700.91
cell_7401,4122.28,2092.45
cell_7402,4123.35,305.12
cell_7403,4123.5,2402.92
cell_7404,4123.94,2119.84
cell_7405,4124.03,677.73
cell_7406,4124.06,658.71
cell_7407,4124.14,2032.25
cell_7408,4124.21,191.29
cell_7409,4124.36,853.03
cell_7410,4124.88,1251.55
cell_7411,4125.18,530.86
cell_7412,4125.3,633.57
cell_7413,4125.61,916.09
cell_7414,4125.68,577.25
cell_7415,4125.79,1994.03
cell_7416,4125.83,1416.09
cell_7417,4126.22,2586.24
cell_7418,4126.51,2143.34
cell_7419,4126.73,2080.55
cell_7420,4127.1,761.04
cell_7421,4127.14,514.44
cell_7422,4127.48,293.31
cell_7423,4127.51,2621.62
cell_7424,4127.57,402.47
cell_7425,4127.76,176.39
cell_7426,4128.33,989.04
cell_7427,4128.93,602.2
cell_7428,4128.95,205.1
cell_7429,4129.07,346.11
cell_7430,4129.6,427.59
cell_7431,413.71,1472.04
cell_7432,4130.24,783.68
cell_7433,4130.36,717.74
cell_7434,4130.45,2567.23
cell_7435,4131.42,2445.95
cell_7436,4131.9,276.51
cell_7437,4132.16,1065.35
cell_7438,4132.9,1909.66
cell_7439,4133.45,2400.28
cell_7440,4133.47,737.31
cell_7441,4133.58,497.1
cell_7442,4133.59,858.17
cell_7443,4133.7,2054.59
cell_7444,4134.18,1092.21
cell_7445,4135.47,1158.18
cell_7446,4135.59,468.01
cell_7447,4135.72,803.81
cell_7448,4135.99,671.46
cell_7449,4136.13,2131.81
cell_7450,4136.43,1871.72
cell_7451,4136.64,690.89
cell_7452,4136.76,1809.32
cell_7453,4137.18,1218.98
cell_7454,4137.87,1168.23
cell_7455,4138.55,1846.63
cell_7456,4138.62,398.05
cell_7457,4138.91,1624.85
cell_7458,4138.99,2636.55
cell_7459,4139.31,339.98
cell_7460,4140.55,946.38
cell_7461,4141.28,871.47
cell_7462,4141.34,609.72
cell_7463,4141.43,2427.72
cell_7464,4141.88,2012.21
cell_7465,4142.05,782.56
cell_7466,4142.15,2104.62
cell_7467,4142.5,421.58
cell_7468,4142.52,2784.23
cell_7469,4142.85,770.78
cell_7470,4143,297.78
cell_7471,4143.05,2115.32
cell_7472,4143.29,358.96
cell_7473,4143.9,1954.45
cell_7474,4145.49,2801.6
cell_7475,4145.58,2125.59
cell_7476,4145.78,649.59
cell_7477,4146.59,222.26
cell_7478,4146.87,711.48
cell_7479,4147.41,889.91
cell_7480,4147.64,271.46
cell_7481,4147.96,1880.32
cell_7482,4148.34,853.67
cell_7483,4148.48,970.77
cell_7484,4148.83,681.37
cell_7485,4148.94,163.8
cell_7486,4149.02,78.79
cell_7487,4149.96,903.44
cell_7488,4149.97,2053
cell_7489,415.88,1271.15
cell_7490,4150.34,327.69
cell_7491,4150.46,466.9
cell_7492,4150.76,629.77
cell_7493,4151.22,2216.17
cell_7494,4152.31,2160.56
cell_7495,4152.33,2451.09
cell_7496,4152.45,209.92
cell_7497,4152.88,600.41
cell_7498,4153.07,423.89
cell_7499,4153.17,2634.77
cell_7500,4153.2,2075.64
cell_7501,4153.2,2419.05
cell_7502,4153.61,410.05
cell_7503,4154.4,992.1
cell_7504,4154.74,282.7
cell_7505,4154.88,506.41
cell_7506,4155.72,293.13
cell_7507,4155.78,2620.33
cell_7508,4156.1,763.09
cell_7509,4156.28,1747.3
cell_7510,4156.29,648.84
cell_7511,4156.35,611.27
cell_7512,4156.44,2184.42
cell_7513,4156.44,870.93
cell_7514,4156.47,1898.71
cell_7515,4156.77,751.09
cell_7516,4156.78,396.97
cell_7517,4157.29,2091.49
cell_7518,4157.74,2130.01
cell_7519,4159.09,922.95
cell_7520,4159.15,2144.42
cell_7521,4159.18,197.36
cell_7522,4159.19,2545.55
cell_7523,4159.36,157.81
cell_7524,4159.73,1171.59
cell_7525,4159.88,634.38
cell_7526,4160.07,831.68
cell_7527,4160.19,2201.12
cell_7528,4160.44,468.23
cell_7529,4160.6,1870.24
cell_7530,4160.93,1445.25
cell_7531,4161.45,1984.26
cell_7532,4161.95,1205.61
cell_7533,4162.62,1838.79
cell_7534,4163.79,712.3
cell_7535,4164.12,423.5
cell_7536,4164.18,725.81
cell_7537,4164.43,596.1
cell_7538,4164.6,692.71
cell_7539,4165.1,336.43
cell_7540,4165.63,1057.8
cell_7541,4165.83,1891.49
cell_7542,4165.94,2160.59
cell_7543,4166.18,2004.02
cell_7544,4166.19,2801.49
cell_7545,4166.45,2241.62
cell_7546,4166.63,890.99
cell_7547,4166.83,2180.3
cell_7548,4166.86,2267.8
cell_7549,4167.1,1152.42
cell_7550,4167.23,348.79
cell_7551,4167.8,2116.39
cell_7552,4168.01,1340.98
cell_7553,4168.05,2229.2
cell_7554,4168.09,318.76
cell_7555,4168.98,266.65
cell_7556,4169.03,517.51
cell_7557,4169.07,656.64
cell_7558,4169.08,2283.28
cell_7559,4169.2,2429.95
cell_7560,4169.46,636.32
cell_7561,4169.54,2216.07
cell_7562,4169.6,905.38
cell_7563,4169.89,737.43
cell_7564,417.57,1041.47
cell_7565,417.87,1499.6
cell_7566,4170.03,1877.32
cell_7567,4170.16,865.74
cell_7568,4170.43,811.52
cell_7569,4170.57,2552.43
cell_7570,4171,1007.3
cell_7571,4171.34,2417
cell_7572,4171.37,2070.87
cell_7573,4171.44,2255.82
cell_7574,4171.6,1105.34
cell_7575,4171.9,1809.08
cell_7576,4172.27,2453.87
cell_7577,4172.73,579.26
cell_7578,4172.75,292.85
cell_7579,4173.08,1095.49
cell_7580,4173.27,165.77
cell_7581,4173.87,532.2
cell_7582,4174.01,2053.19
cell_7583,4174.25,1082.27
cell_7584,4175.2,277.72
cell_7585,4175.25,2150.03
cell_7586,4175.31,667.87
cell_7587,4175.45,1969.61
cell_7588,4175.74,407.24
cell_7589,4175.92,355.49
cell_7590,4176.35,2787.27
cell_7591,4176.84,494.77
cell_7592,4176.87,1137.07
cell_7593,4177.56,757.46
cell_7594,4177.68,695.67
cell_7595,4177.78,394.93
cell_7596,4177.83,593.32
cell_7597,4177.98,2807.33
cell_7598,4178.13,478.82
cell_7599,4178.25,995.64
cell_7600,4178.41,150.55
cell_7601,4178.43,826.75
cell_7602,4178.52,654.59
cell_7603,4179.14,619.72
cell_7604,4179.27,2176.43
cell_7605,4179.83,1040.14
cell_7606,418.87,1357.12
cell_7607,4180.2,546.5
cell_7608,4180.27,2238.91
cell_7609,4180.94,1670.94
cell_7610,4180.95,681.77
cell_7611,4181.88,2250.7
cell_7612,4181.89,920.92
cell_7613,4182.1,343.83
cell_7614,4182.29,2086.75
cell_7615,4182.42,731.84
cell_7616,4183.5,2644.5
cell_7617,4183.77,331.53
cell_7618,4184.04,1838.61
cell_7619,4184.14,2128.95
cell_7620,4184.33,2567.54
cell_7621,4185.12,519.75
cell_7622,4185.19,2213.47
cell_7623,4185.58,2414
cell_7624,4186.16,1029.31
cell_7625,4186.55,1878
cell_7626,4187.12,807.91
cell_7627,4187.91,1926.03
cell_7628,4188.38,314.64
cell_7629,4188.38,673.12
cell_7630,4188.82,586.64
cell_7631,4188.96,1146.76
cell_7632,4188.96,2589.25
cell_7633,4189.02,725.49
cell_7634,4189.3,2163.62
cell_7635,4189.43,609.43
cell_7636,4189.66,264.35
cell_7637,4189.75,159.82
cell_7638,4189.95,2187.61
cell_7639,419.21,1513.29
cell_7640,419.39,1321.18
cell_7641,4190.34,2109.76
cell_7642,4190.44,530.58
cell_7643,4190.75,2260.33
cell_7644,4190.75,389.85
cell_7645,4190.82,898.08
cell_7646,4190.89,420.01
cell_7647,4190.96,651.1
cell_7648,4191,967.63
cell_7649,4191.78,2429.14
cell_7650,4191.92,2615.07
cell_7651,4191.92,849.12
cell_7652,4191.98,1059.17
cell_7653,4192.3,1271.24
cell_7654,4192.4,2249.44
cell_7655,4192.89,2041.59
cell_7656,4193,2234.5
cell_7657,4193.17,493.24
cell_7658,4193.23,2222.11
cell_7659,4193.36,744.79
cell_7660,4193.46,2761.62
cell_7661,4193.63,1076.82
cell_7662,4193.69,2446.56
cell_7663,4194.4,716.82
cell_7664,4195.27,1405.95
cell_7665,4195.34,2064.21
cell_7666,4195.35,2806.87
cell_7667,4196.31,577.92
cell_7668,4196.36,344.95
cell_7669,4196.38,695.37
cell_7670,4196.91,1753.12
cell_7671,4196.93,514.07
cell_7672,4197.19,636.34
cell_7673,4197.53,2277.34
cell_7674,4197.57,1119.41
cell_7675,4197.96,2640.16
cell_7676,4197.96,938.61
cell_7677,4198.17,760.61
cell_7678,4198.25,2781.52
cell_7679,4198.49,256.53
cell_7680,4198.79,615.56
cell_7681,4199.01,2200.74
cell_7682,4199.4,2142.21
cell_7683,4199.8,318.7
cell_7684,4200.41,793.29
cell_7685,4200.6,895.68
cell_7686,4200.95,1243.74
cell_7687,4201.32,2415.11
cell_7688,4201.44,2172.68
cell_7689,4201.54,502.22
cell_7690,4201.69,164.22
cell_7691,4202.14,1001.3
cell_7692,4202.41,552.81
cell_7693,4202.42,329.86
cell_7694,4202.53,2119.86
cell_7695,4202.81,588.85
cell_7696,4203.26,987.02
cell_7697,4203.36,2652.82
cell_7698,4203.39,2589.28
cell_7699,4203.42,2187.61
cell_7700,4203.53,2102.46
cell_7701,4203.68,265.81
cell_7702,4204.02,2764.14
cell_7703,4204.12,1828.12
cell_7704,4204.23,825.14
cell_7705,4204.64,277.39
cell_7706,4204.71,1943.96
cell_7707,4205.12,393.33
cell_7708,4206.38,717.55
cell_7709,4206.39,2218.54
cell_7710,4206.74,807.15
cell_7711,4206.76,646.24
cell_7712,4206.85,1808.02
cell_7713,4206.9,26.3
cell_7714,4207,1092.07
cell_7715,4207.42,1992.04
cell_7716,4207.88,677.43
cell_7717,4208.46,565.41
cell_7718,4208.67,532.72
cell_7719,4208.73,625.14
cell_7720,4208.87,2440.02
cell_7721,4209.03,872.5
cell_7722,4209.8,2074.72
cell_7723,4209.82,1874.29
cell_7724,4209.89,2240.59
cell_7725,4209.9,762.5
cell_7726,4210.51,511.27
cell_7727,4210.64,2423.15
cell_7728,4210.79,728.97
cell_7729,4211.39,2020.29
cell_7730,4211.53,1979.17
cell_7731,4211.92,698.97
cell_7732,4212.23,1747.41
cell_7733,4212.79,2197.92
cell_7734,4213.32,1777.52
cell_7735,4213.46,336.09
cell_7736,4213.63,2055.85
cell_7737,4213.64,405.33
cell_7738,4213.73,974.95
cell_7739,4213.89,1143.59
cell_7740,4214.08,1901.6
cell_7741,4214.12,2261.42
cell_7742,4214.15,2279.08
cell_7743,4214.66,858.77
cell_7744,4214.83,144.57
cell_7745,4215.41,307.83
cell_7746,4215.74,636.7
cell_7747,4215.77,322.78
cell_7748,4215.89,1917.75
cell_7749,4216.33,1462.55
cell_7750,4216.33,522.22
cell_7751,4216.4,239.7
cell_7752,4216.7,2212.35
cell_7753,4216.9,2662.62
cell_7754,4217.26,602.41
cell_7755,4217.56,268.26
cell_7756,4217.93,804.15
cell_7757,4218.39,2000.65
cell_7758,4218.77,2179.54
cell_7759,4219.19,718.28
cell_7760,4219.4,173.49
cell_7761,4219.63,2040.38
cell_7762,4219.71,845.29
cell_7763,4219.79,685.39
cell_7764,4220.31,956.41
cell_7765,4220.7,553.8
cell_7766,4220.7,821.53
cell_7767,4221.08,2070.28
cell_7768,4221.32,2426.68
cell_7769,4221.71,2596.26
cell_7770,4222.13,1049.93
cell_7771,4222.15,887.57
cell_7772,4222.4,1003.6
cell_7773,4222.96,411.41
cell_7774,4223.21,347.79
cell_7775,4223.78,2144.01
cell_7776,4223.94,2231.56
cell_7777,4223.95,2787.95
cell_7778,4224.09,2015.68
cell_7779,4224.43,2439.28
cell_7780,4224.91,2801.26
cell_7781,4225.38,2095.59
cell_7782,4226.41,587.49
cell_7783,4227.18,2276.67
cell_7784,4228.07,653.63
cell_7785,4228.4,1809.79
cell_7786,4228.41,300.75
cell_7787,4228.82,2451.22
cell_7788,4228.9,761.69
cell_7789,4229.11,261.17
cell_7790,4229.28,940.12
cell_7791,4229.74,1673.85
cell_7792,4230.16,742.25
cell_7793,4230.23,615.63
cell_7794,4230.43,2607.61
cell_7795,4230.86,314.45
cell_7796,4232.25,898.6
cell_7797,4232.47,2083.28
cell_7798,4232.79,2178.97
cell_7799,4232.88,401.25
cell_7800,4233.05,675.1
cell_7801,4233.38,2639.74
cell_7802,4233.51,810.74
cell_7803,4233.66,272.47
cell_7804,4234.19,182.78
cell_7805,4234.8,2162.34
cell_7806,4235.48,874.39
cell_7807,4236.11,1021.4
cell_7808,4236.12,2662.4
cell_7809,4236.21,383.33
cell_7810,4236.63,1777.34
cell_7811,4236.81,627.59
cell_7812,4236.93,1139.73
cell_7813,4236.99,2475.19
cell_7814,4237,2220.44
cell_7815,4237.52,593.31
cell_7816,4237.7,1882.08
cell_7817,4239,1998.01
cell_7818,4239.46,2245.82
cell_7819,4240.7,2808.41
cell_7820,4240.93,927.13
cell_7821,4241.12,1698.95
cell_7822,4241.39,2266.53
cell_7823,4241.4,1035.44
cell_7824,4241.47,414.4
cell_7825,4241.53,616.18
cell_7826,4241.68,725.71
cell_7827,4242.04,232.19
cell_7828,4242.2,2020.4
cell_7829,4242.21,1983.07
cell_7830,4242.36,1463.89
cell_7831,4242.36,753.29
cell_7832,4242.38,2596.52
cell_7833,4242.44,1864.7
cell_7834,4242.65,1060.93
cell_7835,4242.9,649.23
cell_7836,4243,247.91
cell_7837,4243.65,2197.08
cell_7838,4243.75,2444.14
cell_7839,4244.15,2782.67
cell_7840,4244.39,2422.01
cell_7841,4245.39,552.92
cell_7842,4245.56,331.66
cell_7843,4246.68,308.18
cell_7844,4247.34,798.4
cell_7845,4247.41,1818.87
cell_7846,4247.68,2164.71
cell_7847,4247.92,2087.75
cell_7848,4248.56,711.44
cell_7849,4248.69,2181.47
cell_7850,4248.9,261.65
cell_7851,4249.16,577.81
cell_7852,4249.24,2640.44
cell_7853,4249.43,2583.74
cell_7854,4249.57,2141.04
cell_7855,4249.64,2003.24
cell_7856,4249.78,2118.19
cell_7857,4249.94,1955.18
cell_7858,4250.49,2030.79
cell_7859,4250.53,866.97
cell_7860,4250.91,623.62
cell_7861,4251.81,892.94
cell_7862,4252.45,742.68
cell_7863,4253.1,611.08
cell_7864,4253.38,2041.64
cell_7865,4253.46,849.87
cell_7866,4253.77,2800.13
cell_7867,4253.77,636.25
cell_7868,4254.24,394.99
cell_7869,4254.36,759.04
cell_7870,4254.45,591.97
cell_7871,4254.66,1648.69
cell_7872,4255.16,1082.77
cell_7873,4255.42,2606.54
cell_7874,4255.52,2260.5
cell_7875,4255.7,2235.41
cell_7876,4255.82,2618.6
cell_7877,4256.01,315.68
cell_7878,4256.05,1038.05
cell_7879,4256.79,1790.23
cell_7880,4257.25,2478.01
cell_7881,4257.86,2211.98
cell_7882,4258.36,924.51
cell_7883,4258.68,2077.63
cell_7884,4259.12,1618.84
cell_7885,4259.62,2449.42
cell_7886,4260.55,731.36
cell_7887,4260.56,2425.25
cell_7888,4260.66,1996.3
cell_7889,4260.72,410.51
cell_7890,4260.78,1707.45
cell_7891,4261.04,137.29
cell_7892,4261.4,1921.03
cell_7893,4261.45,1946.26
cell_7894,4261.48,2663.62
cell_7895,4261.89,871.57
cell_7896,4262.04,380.51
cell_7897,4263.07,2439.2
cell_7898,4263.19,2188.48
cell_7899,4263.29,305.85
cell_7900,4263.32,223.61
cell_7901,4264.44,1009.99
cell_7902,4264.66,800.38
cell_7903,4264.97,1166.16
cell_7904,4265.24,1461.24
cell_7905,4266.07,1847.38
cell_7906,4266.45,2023.63
cell_7907,4266.46,942.1
cell_7908,4267.36,1861.68
cell_7909,4267.68,2459.87
cell_7910,4268,1971.57
cell_7911,4268.37,256.21
cell_7912,4268.56,1815.61
cell_7913,4268.71,1141.81
cell_7914,4268.9,2177.24
cell_7915,4269.31,1239.71
cell_7916,4269.7,329.05
cell_7917,4269.87,2251.47
cell_7918,4269.9,2606.85
cell_7919,4270.71,900.51
cell_7920,4270.87,770.63
cell_7921,4271.05,240.54
cell_7922,4271.77,2481.14
cell_7923,4271.82,1058.65
cell_7924,4272.19,987.73
cell_7925,4272.49,1999.64
cell_7926,4272.57,2789.86
cell_7927,4272.83,2425.97
cell_7928,4273.11,743.65
cell_7929,4273.45,701.54
cell_7930,4273.57,1746.39
cell_7931,4274.13,724.79
cell_7932,4274.55,2115.02
cell_7933,4274.86,2441.34
cell_7934,4275.17,2648.04
cell_7935,4275.28,1883.82
cell_7936,4275.35,151.83
cell_7937,4275.45,2050.5
cell_7938,4275.48,1897.49
cell_7939,4275.76,1792.08
cell_7940,4275.86,1765.34
cell_7941,4276.29,782.14
cell_7942,4276.83,2208.77
cell_7943,4277.03,2225.23
cell_7944,4277.23,1920.55
cell_7945,4277.38,2144.5
cell_7946,4277.42,927.08
cell_7947,4277.58,2672.34
cell_7948,4277.62,578.69
cell_7949,4277.86,863.35
cell_7950,4278.23,221.55
cell_7951,4278.39,375.59
cell_7952,4278.59,1623.82
cell_7953,4278.98,2808.41
cell_7954,428.4,1055.98
cell_7955,4280.01,2074.76
cell_7956,4280.29,306.53
cell_7957,4280.73,2242.73
cell_7958,4282.47,232.82
cell_7959,4282.64,2609.89
cell_7960,4283.9,1835.17
cell_7961,4284.28,1166.06
cell_7962,4284.63,2468.55
cell_7963,4284.63,910.18
cell_7964,4284.68,757.5
cell_7965,4285.04,554.45
cell_7966,4285.59,2153.31
cell_7967,4285.71,319.53
cell_7968,4285.71,717.33
cell_7969,4285.73,2584.85
cell_7970,4286.61,539.59
cell_7971,4286.67,833.97
cell_7972,4286.72,2495.86
cell_7973,4287.03,985.43
cell_7974,4287.05,416.93
cell_7975,4287.11,117.1
cell_7976,4287.12,287.09
cell_7977,4287.29,1232.37
cell_7978,4287.9,803.8
cell_7979,4288.29,2453.33
cell_7980,4288.31,2172.16
cell_7981,4288.37,165.33
cell_7982,4289.46,2198.87
cell_7983,4289.7,2442.9
cell_7984,429.3,1487.46
cell_7985,4290,2027.54
cell_7986,4290.79,951.68
cell_7987,4290.82,140.36
cell_7988,4291.12,784.88
cell_7989,4291.94,2659.65
cell_7990,4292.02,2804.88
cell_7991,4292.1,589.24
cell_7992,4292.23,2235.71
cell_7993,4292.28,1748.4
cell_7994,4292.42,396.81
cell_7995,4292.83,1138.31
cell_7996,4292.83,2100.16
cell_7997,4293.03,645.55
cell_7998,4293.29,384.61
cell_7999,4293.42,2679.93
cell_8000,4293.61,2211.09
cell_8001,4293.99,772.75
cell_8002,4294,1053.85
cell_8003,4294.09,881.23
cell_8004,4294.21,297.82
cell_8005,4294.48,1791.7
cell_8006,4294.52,563.4
cell_8007,4294.53,600.96
cell_8008,4294.93,615.76
cell_8009,4295.32,545.23
cell_8010,4295.74,749.56
cell_8011,4296.61,1769.96
cell_8012,4296.9,287.6
cell_8013,4297.11,1943.28
cell_8014,4297.41,130.66
cell_8015,4297.45,2015.09
cell_8016,4297.48,825.77
cell_8017,4297.83,1.9
cell_8018,4298.63,1850.23
cell_8019,4298.78,1112.96
cell_8020,4299.45,2053.6
cell_8021,4299.6,1078.6
cell_8022,4299.71,321
cell_8023,430.68,2117.43
cell_8024,430.7,1272.36
cell_8025,4300.24,151.63
cell_8026,4300.27,1008.87
cell_8027,4300.38,1372.63
cell_8028,4300.75,2079.09
cell_8029,4300.96,369.5
cell_8030,4301.27,238.07
cell_8031,4301.49,860.78
cell_8032,4301.62,210.89
cell_8033,4302.03,629.09
cell_8034,4302.17,224.13
cell_8035,4302.78,1035.74
cell_8036,4303.17,909.84
cell_8037,4303.32,931.94
cell_8038,4304.69,2595.12
cell_8039,4305.15,307.6
cell_8040,4305.74,394.84
cell_8041,4305.77,545.32
cell_8042,4305.84,565.95
cell_8043,4306.33,1718.55
cell_8044,4306.74,657.59
cell_8045,4307.19,281.47
cell_8046,4307.31,816.69
cell_8047,4307.35,1833.14
cell_8048,4307.54,2190.84
cell_8049,4307.77,1875.88
cell_8050,4307.83,593.73
cell_8051,4308.51,1563.91
cell_8052,4308.96,2178.91
cell_8053,4309.04,756.82
cell_8054,4309.09,638.18
cell_8055,4309.37,529.85
cell_8056,4309.72,2682.14
cell_8057,4310.2,2803.66
cell_8058,4310.6,144.08
cell_8059,4310.75,2221.39
cell_8060,4311.12,368.11
cell_8061,4311.35,2661.02
cell_8062,4311.62,554.78
cell_8063,4311.8,841.04
cell_8064,4312.18,730.72
cell_8065,4312.22,580.76
cell_8066,4312.67,2144.33
cell_8067,4313.21,2210.69
cell_8068,4313.63,104.41
cell_8069,4314.34,238.01
cell_8070,4314.46,2122.85
cell_8071,4314.9,606.93
cell_8072,4315.09,2444.14
cell_8073,4315.2,985.62
cell_8074,4315.49,1508.85
cell_8075,4315.61,2647.78
cell_8076,4315.87,563.14
cell_8077,4316.02,671.7
cell_8078,4316.27,1917.94
cell_8079,4316.64,2624.01
cell_8080,4316.83,324.8
cell_8081,4316.85,949.3
cell_8082,4317.01,1107.81
cell_8083,4317.6,217.27
cell_8084,4317.61,378.13
cell_8085,4317.89,544.89
cell_8086,4318.81,2234.77
cell_8087,4318.82,1070.12
cell_8088,4318.86,287.14
cell_8089,4318.87,133.03
cell_8090,4319.81,573.21
cell_8091,4320.05,650.21
cell_8092,4320.57,299.4
cell_8093,4320.84,363.24
cell_8094,4320.98,2082.63
cell_8095,4321.31,203.97
cell_8096,4321.77,1705.48
cell_8097,4322.06,1843.47
cell_8098,4322.58,1740.36
cell_8099,4323.06,916.81
cell_8100,4323.3,831.48
cell_8101,4323.72,2038.45
cell_8102,4323.81,310.58
cell_8103,4323.88,100.02
cell_8104,4323.9,2129.56
cell_8105,4324.13,633.66
cell_8106,4324.21,1808.01
cell_8107,4324.55,2688.75
cell_8108,4324.76,533.79
cell_8109,4324.96,752.09
cell_8110,4325.61,558.75
cell_8111,4325.73,1932.97
cell_8112,4326.58,1101.14
cell_8113,4326.73,1053.71
cell_8114,4326.91,772.9
cell_8115,4328.22,1154.83
cell_8116,4328.34,2060.39
cell_8117,4328.38,621.33
cell_8118,4328.53,605.72
cell_8119,4328.74,1000.57
cell_8120,4330.12,2080.81
cell_8121,4330.12,2163.05
cell_8122,4330.5,577.39
cell_8123,4330.52,545.75
cell_8124,4330.54,411.63
cell_8125,4332.02,216.34
cell_8126,4332.06,142.14
cell_8127,4332.13,1121.86
cell_8128,4332.31,113.27
cell_8129,4333.06,273.36
cell_8130,4333.14,2101.82
cell_8131,4334.69,587.02
cell_8132,4334.77,706.25
cell_8133,4335.3,937.29
cell_8134,4335.37,660.09
cell_8135,4335.41,2138.19
cell_8136,4335.54,2184.37
cell_8137,4335.63,1893.96
cell_8138,4335.69,2620.67
cell_8139,4336,2209.59
cell_8140,4336.12,2498.03
cell_8141,4336.38,533.18
cell_8142,4336.44,558.33
cell_8143,4337.12,94.38
cell_8144,4337.45,313.34
cell_8145,4337.63,194.7
cell_8146,4337.73,1010.27
cell_8147,4337.84,2692.47
cell_8148,4338.53,638.12
cell_8149,4339.01,2114.05
cell_8150,4339.13,1909.94
cell_8151,4339.27,228.98
cell_8152,4339.37,1661.35
cell_8153,4339.53,844.12
cell_8154,434.19,1314.92
cell_8155,434.74,1382.11
cell_8156,4340.12,672.35
cell_8157,4340.14,294.88
cell_8158,4340.8,1602.22
cell_8159,4341.32,803
cell_8160,4341.35,1094.2
cell_8161,4341.49,547.31
cell_8162,4341.7,1954.5
cell_8163,4342.22,573.04
cell_8164,4342.42,762.96
cell_8165,4342.5,1079.32
cell_8166,4343.12,1704.62
cell_8167,4343.52,1998.3
cell_8168,4343.77,2220.83
cell_8169,4343.86,2029.3
cell_8170,4344.06,655.22
cell_8171,4344.1,607.4
cell_8172,4344.11,624.84
cell_8173,4344.8,206.17
cell_8174,4346.04,1733.08
cell_8175,4346.78,148.95
cell_8176,4346.8,2175.23
cell_8177,4347.14,583.18
cell_8178,4347.16,712.29
cell_8179,4347.45,2079.03
cell_8180,4347.63,2096.87
cell_8181,4347.89,2139.04
cell_8182,4348.05,536.54
cell_8183,4348.13,192.81
cell_8184,4348.18,1019.67
cell_8185,4348.32,918.11
cell_8186,4348.36,594.21
cell_8187,4348.52,217.97
cell_8188,4348.58,1872.23
cell_8189,4349.03,2500.25
cell_8190,4349.65,688.48
cell_8191,4349.75,2616.03
cell_8192,4350.96,2687.38
cell_8193,4351.19,1813.16
cell_8194,4351.37,619.79
cell_8195,4351.65,285.04
cell_8196,4352.01,2165.46
cell_8197,4352.46,572.09
cell_8198,4353.18,500.75
cell_8199,4353.61,2198.65
cell_8200,4353.67,2209.6
cell_8201,4354.09,2119.16
cell_8202,4354.32,272.41
cell_8203,4355,756.06
cell_8204,4355.05,2064.3
cell_8205,4355.06,403.33
cell_8206,4355.47,1082.1
cell_8207,4355.52,648.94
cell_8208,4355.56,772.39
cell_8209,4356.37,635.66
cell_8210,4356.73,666.4
cell_8211,4357.01,548.31
cell_8212,4357.27,2458.35
cell_8213,4357.54,225.1
cell_8214,4358.08,2187.81
cell_8215,4358.15,828.08
cell_8216,4358.18,2679.83
cell_8217,4358.53,2310.07
cell_8218,4358.62,1904.91
cell_8219,4358.85,2468.1
cell_8220,4359.48,105.51
cell_8221,4359.68,957.05
cell_8222,4359.93,2323.89
cell_8223,436.19,1454.34
cell_8224,4360.06,2149.96
cell_8225,4360.11,722.97
cell_8226,4360.29,740.8
cell_8227,4360.81,511.76
cell_8228,4361.25,806.86
cell_8229,4361.35,1408.06
cell_8230,4361.43,1094.08
cell_8231,4361.5,559.24
cell_8232,4361.6,610.66
cell_8233,4362.14,592.19
cell_8234,4362.34,1755.56
cell_8235,4362.95,281.33
cell_8236,4362.99,491.51
cell_8237,4363.61,1183.78
cell_8238,4363.7,2447.51
cell_8239,4364.25,843.9
cell_8240,4364.32,184.14
cell_8241,4364.74,569.49
cell_8242,4364.84,269.58
cell_8243,4365,1664.81
cell_8244,4365.24,312.11
cell_8245,4365.96,793.06
cell_8246,4366.02,946.38
cell_8247,4366.55,206.5
cell_8248,4367.71,2344.24
cell_8249,4367.84,142.66
cell_8250,4367.84,1888.97
cell_8251,4367.87,1961.82
cell_8252,4368.41,2215.26
cell_8253,4368.45,2057.58
cell_8254,4368.47,1822.44
cell_8255,4368.71,297.33
cell_8256,4368.71,367.5
cell_8257,4368.99,697.38
cell_8258,4369.66,540.71
cell_8259,4369.75,658.17
cell_8260,437.16,1427.12
cell_8261,437.62,1494.41
cell_8262,4370.02,2108.9
cell_8263,4370.14,677.01
cell_8264,4370.25,741.8
cell_8265,4370.64,2077.63
cell_8266,4370.91,641.58
cell_8267,4371.04,522.54
cell_8268,4371.24,2160.65
cell_8269,4371.47,2169.87
cell_8270,4371.52,1023
cell_8271,4372.91,485.98
cell_8272,4373.23,778.18
cell_8273,4373.62,1835.71
cell_8274,4373.86,853.61
cell_8275,4374.2,753.2
cell_8276,4374.57,972.59
cell_8277,4374.65,2319.95
cell_8278,4375.01,898.03
cell_8279,4375.03,2301.23
cell_8280,4375.04,2654.65
cell_8281,4375.1,558.82
cell_8282,4375.51,607.53
cell_8283,4375.73,504.56
cell_8284,4376.04,384.68
cell_8285,4376.19,400.44
cell_8286,4376.31,2473.99
cell_8287,4376.68,2335.35
cell_8288,4376.82,1709.43
cell_8289,4377.1,627.97
cell_8290,4377.36,1148.43
cell_8291,4377.41,109.78
cell_8292,4377.41,2094.46
cell_8293,4377.59,199.33
cell_8294,4377.97,2360.77
cell_8295,4378.1,216.04
cell_8296,4379.31,2151.55
cell_8297,4379.31,764.46
cell_8298,438.32,2418.6
cell_8299,4380.02,2127.14
cell_8300,4380.14,176.6
cell_8301,4380.38,709.35
cell_8302,4380.52,2139.76
cell_8303,4381.73,2193.94
cell_8304,4382.22,1915.8
cell_8305,4382.46,652.41
cell_8306,4382.6,547.93
cell_8307,4382.61,1081.29
cell_8308,4383.07,305.45
cell_8309,4383.14,812.09
cell_8310,4383.28,1113.78
cell_8311,4383.29,2023.64
cell_8312,4383.47,2495.04
cell_8313,4383.7,939.58
cell_8314,4384.62,671.31
cell_8315,4384.9,509.16
cell_8316,4385.29,590.24
cell_8317,4385.37,789.84
cell_8318,4385.61,97.58
cell_8319,4385.9,388.14
cell_8320,4386.52,1139.41
cell_8321,4386.87,493.37
cell_8322,4387.01,699.27
cell_8323,4387.03,2118.68
cell_8324,4387.99,2291.31
cell_8325,4388.01,2348.48
cell_8326,4388.05,2042.84
cell_8327,4388.97,203.82
cell_8328,4389.02,640.54
cell_8329,4389.37,1927.7
cell_8330,4389.66,365.41
cell_8331,439.68,1261.63
cell_8332,4390.22,135.77
cell_8333,4390.77,271.82
cell_8334,4390.99,1756.08
cell_8335,4391.36,2693.87
cell_8336,4391.36,832.4
cell_8337,4391.7,2326.02
cell_8338,4391.7,919.32
cell_8339,4392.05,2166.97
cell_8340,4392.57,974.96
cell_8341,4392.83,2179.4
cell_8342,4392.83,289.62
cell_8343,4392.99,615.77
cell_8344,4393.23,2304.34
cell_8345,4393.79,2077.33
cell_8346,4394.74,666.02
cell_8347,4395.23,694.09
cell_8348,4395.25,216.45
cell_8349,4395.47,768.42
cell_8350,4395.54,555.46
cell_8351,4396.13,2190.91
cell_8352,4396.22,402.34
cell_8353,4396.73,2212.44
cell_8354,4396.82,593.44
cell_8355,4396.9,573.24
cell_8356,4396.99,2359.56
cell_8357,4396.99,309.35
cell_8358,4397,740.09
cell_8359,4397.23,2157.1
cell_8360,4397.57,491.24
cell_8361,4397.68,507
cell_8362,4397.81,2671.58
cell_8363,4398.03,2465.5
cell_8364,4398.03,605.01
cell_8365,4398.59,1225.56
cell_8366,4398.92,79.83
cell_8367,4399.15,1906.69
cell_8368,4399.78,881.03
cell_8369,4399.85,2345.39
cell_8370,44.95,2107.74
cell_8371,440.93,1472.28
cell_8372,4400.14,2314.13
cell_8373,4400.26,1657
cell_8374,4400.33,2132.94
cell_8375,4400.41,2093.58
cell_8376,4401.15,2497.49
cell_8377,4401.2,1085.9
cell_8378,4401.67,1865.5
cell_8379,4401.8,373.41
cell_8380,4401.86,850.81
cell_8381,4402.28,2334.33
cell_8382,4402.52,1828.42
cell_8383,4402.59,1099.95
cell_8384,4402.83,1191.4
cell_8385,4403.17,2484.59
cell_8386,4403.47,998.16
cell_8387,4403.48,126.46
cell_8388,4404.33,261.52
cell_8389,4404.46,2031.23
cell_8390,4404.78,2265.52
cell_8391,4404.86,541.41
cell_8392,4404.97,632.29
cell_8393,4405.07,973.97
cell_8394,4405.39,686.25
cell_8395,4405.54,2446.29
cell_8396,4405.6,730.27
cell_8397,4405.65,2046.63
cell_8398,4406.04,788.97
cell_8399,4406.39,673.84
cell_8400,4406.51,2150.55
cell_8401,4407.01,85.39
cell_8402,4407.13,504.85
cell_8403,4407.25,1165.92
cell_8404,4407.33,2649.94
cell_8405,4407.48,617.52
cell_8406,4408.28,2296.8
cell_8407,4408.55,2171.52
cell_8408,4408.64,814.3
cell_8409,4408.86,1048.15
cell_8410,4408.94,1761.11
cell_8411,4409.15,2203.95
cell_8412,4409.64,2011.85
cell_8413,4409.87,105.61
cell_8414,4409.97,2185.49
cell_8415,441.48,1413.63
cell_8416,4410.02,2119.55
cell_8417,4411.15,2359.54
cell_8418,4411.43,722.58
cell_8419,4411.44,171.98
cell_8420,4411.8,381.62
cell_8421,4412.13,575.63
cell_8422,4412.25,741.01
cell_8423,4412.26,585.93
cell_8424,4412.45,182.15
cell_8425,4412.55,2716.04
cell_8426,4412.6,515.61
cell_8427,4412.7,707.64
cell_8428,4412.82,191.58
cell_8429,4412.94,2242.47
cell_8430,4413.94,845.39
cell_8431,4414.13,2463.2
cell_8432,4414.14,899.68
cell_8433,4414.18,608.46
cell_8434,4414.21,2158.97
cell_8435,4414.24,668.93
cell_8436,4414.36,2703.28
cell_8437,4414.62,2336.66
cell_8438,4414.65,1855.19
cell_8439,4414.65,693.11
cell_8440,4414.67,2477.96
cell_8441,4414.89,1066.74
cell_8442,4415.39,656.22
cell_8443,4415.47,794.17
cell_8444,4415.94,202.53
cell_8445,4415.96,540.25
cell_8446,4417.47,2365.45
cell_8447,4417.56,600.23
cell_8448,4417.62,2252.8
cell_8449,4417.73,1025.18
cell_8450,4417.77,365.88
cell_8451,4417.9,684.89
cell_8452,4418.29,923.26
cell_8453,4418.59,2079.57
cell_8454,4418.85,1874.47
cell_8455,4419.54,560.87
cell_8456,4419.95,2109.6
cell_8457,442.06,1399.99
cell_8458,442.52,1327.38
cell_8459,4420.51,1194.91
cell_8460,4420.86,879.41
cell_8461,4420.96,2282.16
cell_8462,4422.04,1967.31
cell_8463,4422.1,638.15
cell_8464,4422.4,522.49
cell_8465,4422.45,307.1
cell_8466,4422.63,757.05
cell_8467,4422.71,591.44
cell_8468,4422.93,1841.56
cell_8469,4422.98,2265.44
cell_8470,4422.99,2061.4
cell_8471,4422.99,270.6
cell_8472,4423.09,87.01
cell_8473,4423.12,2683.99
cell_8474,4424.31,2474.78
cell_8475,4424.73,2137.03
cell_8476,4424.85,1330.43
cell_8477,4425.03,2149.36
cell_8478,4425.05,2445.79
cell_8479,4426.08,2175.39
cell_8480,4426.39,490
cell_8481,4426.48,578.76
cell_8482,4426.53,373.4
cell_8483,4426.63,2021.01
cell_8484,4426.95,164.56
cell_8485,4427.01,565.52
cell_8486,4427.13,2310.95
cell_8487,4428.07,2001.56
cell_8488,4428.11,1173.58
cell_8489,4428.15,546.46
cell_8490,4428.21,618.78
cell_8491,4428.36,1561.13
cell_8492,4428.7,2164.5
cell_8493,4428.77,2365.96
cell_8494,4428.97,70
cell_8495,4429.45,1586.68
cell_8496,4430.3,1761.8
cell_8497,4430.46,2260.01
cell_8498,4430.56,2118.42
cell_8499,4430.64,673.23
cell_8500,4430.8,812
cell_8501,4430.9,2081.25
cell_8502,4431.15,2296.5
cell_8503,4431.24,2323.49
cell_8504,4431.3,1820.07
cell_8505,4431.79,2239.12
cell_8506,4431.86,521.17
cell_8507,4432.08,2101.64
cell_8508,4432.45,952.07
cell_8509,4432.9,654.88
cell_8510,4432.98,506.39
cell_8511,4433.26,187.73
cell_8512,4433.73,766.71
cell_8513,4434.21,403.45
cell_8514,4434.29,1986.31
cell_8515,4434.86,1883.47
cell_8516,4435.24,2628.78
cell_8517,4435.28,2712.45
cell_8518,4435.73,2272.61
cell_8519,4436.09,590.05
cell_8520,4436.33,2473.85
cell_8521,4436.88,560.92
cell_8522,4436.94,292.97
cell_8523,4437.45,610.87
cell_8524,4437.45,635.9
cell_8525,4437.55,361.06
cell_8526,4437.89,836.01
cell_8527,4438.23,2159.07
cell_8528,4438.39,1968.14
cell_8529,4438.9,622.44
cell_8530,4439.01,521.26
cell_8531,4439.07,373.2
cell_8532,4439.13,850.04
cell_8533,4439.34,274.73
cell_8534,444.02,2137.99
cell_8535,444.46,1347.6
cell_8536,4440.3,571.97
cell_8537,4440.38,1737.04
cell_8538,4440.43,2310.51
cell_8539,4440.48,742.73
cell_8540,4440.61,2092.63
cell_8541,4441.14,262.05
cell_8542,4441.26,2113.3
cell_8543,4441.5,1830.01
cell_8544,4441.6,2687.38
cell_8545,4441.74,304.05
cell_8546,4442.43,1066.4
cell_8547,4442.76,2136.57
cell_8548,4443,1214.26
cell_8549,4443.19,2039.96
cell_8550,4443.46,198.14
cell_8551,4443.76,2671.59
cell_8552,4443.85,1279.46
cell_8553,4444.11,1147.46
cell_8554,4444.29,506.9
cell_8555,4445.02,2149.19
cell_8556,4445.27,811.46
cell_8557,4445.45,766.08
cell_8558,4445.47,555.27
cell_8559,4445.74,2261.54
cell_8560,4445.75,2332.12
cell_8561,4445.95,67.28
cell_8562,4446.51,2457.07
cell_8563,4446.52,655.21
cell_8564,4446.99,2229.57
cell_8565,4447.07,608.08
cell_8566,4447.78,169
cell_8567,4447.85,2028.5
cell_8568,4448.57,109.94
cell_8569,4449.23,736.65
cell_8570,4449.38,185.53
cell_8571,4449.41,877.46
cell_8572,4449.72,2734.25
cell_8573,4449.9,721.61
cell_8574,445.5,1524.02
cell_8575,4450.39,596.19
cell_8576,4450.45,2370.34
cell_8577,4450.99,500.12
cell_8578,4451.42,1763.98
cell_8579,4451.74,286.49
cell_8580,4451.8,2314.55
cell_8581,4452.11,265.58
cell_8582,4452.12,2719.18
cell_8583,4452.24,709.1
cell_8584,4452.6,146.86
cell_8585,4452.75,1841.14
cell_8586,4453.29,694.58
cell_8587,4453.64,2503.32
cell_8588,4453.86,623.13
cell_8589,4454.33,2117.04
cell_8590,4454.67,1614.62
cell_8591,4455.27,2240.12
cell_8592,4455.54,2357.4
cell_8593,4455.61,1184.73
cell_8594,4455.86,1809.73
cell_8595,4456.43,275.59
cell_8596,4456.49,1123.02
cell_8597,4456.61,862.27
cell_8598,4457.03,364.32
cell_8599,4457.12,522.72
cell_8600,4457.14,972.1
cell_8601,4457.32,2488.55
cell_8602,4457.4,1045.07
cell_8603,4457.51,757.73
cell_8604,4457.58,307.15
cell_8605,4457.59,791.68
cell_8606,4457.84,670.65
cell_8607,4457.93,197.95
cell_8608,4457.94,2157.49
cell_8609,4458.98,2445.66
cell_8610,4459.43,2198.23
cell_8611,4459.47,551.23
cell_8612,4459.47,826.17
cell_8613,4459.55,217.02
cell_8614,4459.93,1885.62
cell_8615,4460.69,402.03
cell_8616,4461.23,2131.29
cell_8617,4461.33,388.51
cell_8618,4461.33,721.59
cell_8619,4461.36,707.88
cell_8620,4461.39,173.78
cell_8621,4461.61,940.13
cell_8622,4461.69,2175.08
cell_8623,4462,681.84
cell_8624,4462.11,160.77
cell_8625,4462.62,1146.46
cell_8626,4462.86,2104.54
cell_8627,4463.36,2342.46
cell_8628,4463.46,648.04
cell_8629,4463.61,2308.18
cell_8630,4463.64,849.66
cell_8631,4463.86,916.93
cell_8632,4463.99,566.43
cell_8633,4464.42,2461.36
cell_8634,4464.5,1687.21
cell_8635,4464.85,2273.47
cell_8636,4465.08,2032.56
cell_8637,4465.08,964.17
cell_8638,4465.22,617.21
cell_8639,4465.6,512.29
cell_8640,4465.61,1214.79
cell_8641,4465.64,2088.8
cell_8642,4465.65,2120.9
cell_8643,4465.84,2143.27
cell_8644,4466.01,667.38
cell_8645,4466.06,576.7
cell_8646,4466.85,2002.59
cell_8647,4467.02,98.35
cell_8648,4467.42,773.88
cell_8649,4467.59,73.28
cell_8650,4467.67,2375.39
cell_8651,4467.91,290.88
cell_8652,4467.96,2255.35
cell_8653,4468.54,2300.5
cell_8654,4469.01,2073.35
cell_8655,4469.4,702.58
cell_8656,4469.46,680.31
cell_8657,4469.71,270
cell_8658,447.41,2111.48
cell_8659,4470.1,2162.5
cell_8660,4470.28,2325.72
cell_8661,4470.34,2199.38
cell_8662,4470.96,1774.12
cell_8663,4471.49,529.69
cell_8664,4471.52,1068.39
cell_8665,4471.66,1976.96
cell_8666,4471.92,2182.31
cell_8667,4471.92,797.77
cell_8668,4472.01,593.98
cell_8669,4472.44,1183.03
cell_8670,4472.53,2220.88
cell_8671,4472.55,2265.11
cell_8672,4472.65,737.58
cell_8673,4472.78,2728.25
cell_8674,4472.93,233.2
cell_8675,4473.26,384.8
cell_8676,4473.42,606.97
cell_8677,4473.5,58.91
cell_8678,4473.76,2241.47
cell_8679,4473.96,139.33
cell_8680,4474.64,2291.71
cell_8681,4474.76,405.65
cell_8682,4475.3,2474.7
cell_8683,4476.53,2022.49
cell_8684,4476.57,2351.94
cell_8685,4476.79,678.49
cell_8686,4477.1,511.05
cell_8687,4477.32,179.94
cell_8688,4477.49,1615.4
cell_8689,4477.74,163.45
cell_8690,4478.29,2123.46
cell_8691,4478.63,2368.32
cell_8692,4478.77,726.08
cell_8693,4478.92,639.17
cell_8694,4479.07,2044.84
cell_8695,4479.35,748.17
cell_8696,4479.46,290.52
cell_8697,4479.94,2449.78
cell_8698,448.75,1536.4
cell_8699,4480.41,2206.19
cell_8700,4480.45,2075.2
cell_8701,4480.56,1991.09
cell_8702,4480.76,300.46
cell_8703,4481.03,372.43
cell_8704,4481.12,2486.73
cell_8705,4481.23,2338.27
cell_8706,4481.55,709.32
cell_8707,4481.63,46.89
cell_8708,4481.86,133.18
cell_8709,4482.2,1096.28
cell_8710,4482.32,894.87
cell_8711,4482.4,760.84
cell_8712,4483.21,2173.04
cell_8713,4483.37,852.24
cell_8714,4483.52,649
cell_8715,4483.84,2275.6
cell_8716,4483.9,1873.18
cell_8717,4483.94,2157.49
cell_8718,4484.16,958.33
cell_8719,4484.3,2315.27
cell_8720,4484.66,1833.43
cell_8721,4485,677.06
cell_8722,4485.11,2228.33
cell_8723,4485.11,2258.53
cell_8724,4485.27,876.07
cell_8725,4485.94,537.71
cell_8726,4486.03,185.07
cell_8727,4486.04,2295.7
cell_8728,4486.94,783
cell_8729,4487.66,2703.57
cell_8730,4487.7,2465.37
cell_8731,4488.13,2188.41
cell_8732,4488.13,727.03
cell_8733,4488.21,264.18
cell_8734,4488.24,2042.05
cell_8735,4488.24,2729.68
cell_8736,4488.38,97.92
cell_8737,4488.8,227.29
cell_8738,4489.33,154.64
cell_8739,4489.38,740.44
cell_8740,4489.41,2343.78
cell_8741,4489.52,693.55
cell_8742,4489.57,566.64
cell_8743,4489.61,2242.27
cell_8744,4489.73,2021.14
cell_8745,4489.89,609.75
cell_8746,4490.04,918.13
cell_8747,4490.49,2506.24
cell_8748,4490.62,634.88
cell_8749,4491.15,969.97
cell_8750,4493.14,654.25
cell_8751,4493.44,2112.39
cell_8752,4494.46,1730.75
cell_8753,4494.52,2358.44
cell_8754,4494.72,2060.05
cell_8755,4495,2332.77
cell_8756,4495.41,373.4
cell_8757,4495.79,2254.52
cell_8758,4495.86,718.67
cell_8759,4496.02,301.95
cell_8760,4496.56,1336.72
cell_8761,4496.93,1020.24
cell_8762,4497.1,1905.2
cell_8763,4497.21,1819.08
cell_8764,4497.24,405.58
cell_8765,4497.36,2315.41
cell_8766,4497.37,2372.91
cell_8767,4497.44,206.65
cell_8768,4497.53,2284.35
cell_8769,4497.89,757.65
cell_8770,4497.94,2477.87
cell_8771,4498.43,693.24
cell_8772,4498.85,680.74
cell_8773,4498.86,947.09
cell_8774,4498.94,1005.27
cell_8775,4499.04,284.06
cell_8776,4499.12,2217.86
cell_8777,4499.19,64.09
cell_8778,4499.31,2649.25
cell_8779,4499.48,51.92
cell_8780,4499.49,2160.07
cell_8781,4499.54,360.33
cell_8782,450.52,1556.05
cell_8783,4500.13,1179.47
cell_8784,4500.18,141.42
cell_8785,4500.18,793.05
cell_8786,4502.35,182.93
cell_8787,4502.41,2273.83
cell_8788,4502.78,215.85
cell_8789,4503.27,586.78
cell_8790,4503.48,1085.18
cell_8791,4503.63,261.13
cell_8792,4503.97,2131.02
cell_8793,4503.98,890.72
cell_8794,4504.49,565.96
cell_8795,4504.62,2343.31
cell_8796,4504.78,2114.39
cell_8797,4504.93,127.37
cell_8798,4505.31,1704.87
cell_8799,4505.55,911.08
cell_8800,4505.78,1921.26
cell_8801,4505.83,1212.29
cell_8802,4505.85,1547.51
cell_8803,4506.07,1844.58
cell_8804,4506.11,2263.04
cell_8805,4506.17,739.15
cell_8806,4506.63,2741.9
cell_8807,4506.74,2315.84
cell_8808,4506.76,699.64
cell_8809,4507.12,2485.33
cell_8810,4507.74,2461.14
cell_8811,4507.97,2177.64
cell_8812,4508.36,831.29
cell_8813,4508.43,2237.2
cell_8814,4508.7,403.28
cell_8815,4509.24,2021.91
cell_8816,4509.8,152.09
cell_8817,4510.22,598.88
cell_8818,4510.56,2355.91
cell_8819,4511.19,538.54
cell_8820,4511.37,664.9
cell_8821,4511.84,2054.91
cell_8822,4512.1,305.73
cell_8823,4512.67,2325.51
cell_8824,4512.77,2298.44
cell_8825,4513.08,803.33
cell_8826,4513.7,2252.51
cell_8827,4513.82,1683.74
cell_8828,4514.16,1960.91
cell_8829,4514.26,2215.04
cell_8830,4514.73,2076.44
cell_8831,4514.8,1998.29
cell_8832,4515.03,764.71
cell_8833,4515.45,2475.4
cell_8834,4515.77,858.77
cell_8835,4515.81,69.5
cell_8836,4516.94,976.81
cell_8837,4517.2,383.37
cell_8838,4517.59,734.91
cell_8839,4517.87,949.74
cell_8840,4518.04,1827.87
cell_8841,4518.33,1850.87
cell_8842,4518.34,2657.59
cell_8843,4518.46,2199.82
cell_8844,4519.2,211.07
cell_8845,452.26,1265.69
cell_8846,4520.08,703.84
cell_8847,4520.47,2151.97
cell_8848,4520.48,2067.59
cell_8849,4520.53,2341.71
cell_8850,4520.65,2313.6
cell_8851,4520.85,909.66
cell_8852,4521.27,45.94
cell_8853,4521.61,91.52
cell_8854,4521.63,1715.47
cell_8855,4522.41,266.31
cell_8856,4522.55,831.4
cell_8857,4522.89,2500.1
cell_8858,4523,2137.1
cell_8859,4523.14,117.8
cell_8860,4523.72,1869.54
cell_8861,4524.19,1944.51
cell_8862,4524.31,2176.9
cell_8863,4524.33,615.47
cell_8864,4524.45,2112.54
cell_8865,4524.62,2276.57
cell_8866,4524.68,2446.31
cell_8867,4524.8,2292.67
cell_8868,4525.27,2465.17
cell_8869,4525.35,2044.6
cell_8870,4525.88,546.13
cell_8871,4526.29,811.01
cell_8872,4526.38,1520.83
cell_8873,4526.54,359.72
cell_8874,4526.8,296.13
cell_8875,4527.36,876.82
cell_8876,4527.42,419.69
cell_8877,4527.47,2219.19
cell_8878,4527.62,1036.43
cell_8879,4528.24,2716.99
cell_8880,4528.44,655.03
cell_8881,4528.53,280.18
cell_8882,4528.84,749.94
cell_8883,4528.93,2304.66
cell_8884,4529.48,851.38
cell_8885,4529.84,1233.42
cell_8886,453.28,1582.03
cell_8887,4530.23,2487.04
cell_8888,4530.73,2700.47
cell_8889,4530.75,141.02
cell_8890,4530.8,1908.55
cell_8891,4531.1,1171.56
cell_8892,4531.81,634.6
cell_8893,4532.08,774.21
cell_8894,4532.15,927.95
cell_8895,4532.19,559.85
cell_8896,4532.38,589.52
cell_8897,4532.49,2167.58
cell_8898,4532.64,2124.98
cell_8899,4532.67,1801.28
cell_8900,4533.41,2352.21
cell_8901,4533.75,270.44
cell_8902,4534.9,2323.48
cell_8903,4536.14,2335.39
cell_8904,4536.42,762.72
cell_8905,4536.66,2268
cell_8906,4537.62,262.32
cell_8907,4537.78,2083.01
cell_8908,4538.08,2044.45
cell_8909,4538.74,2099.05
cell_8910,4538.89,1822.87
cell_8911,4538.89,2252.56
cell_8912,4539.25,1886.4
cell_8913,4539.6,156.14
cell_8914,4539.71,1408.15
cell_8915,454.61,1474.09
cell_8916,4540.73,1196.15
cell_8917,4540.93,192.62
cell_8918,4541.18,2671.12
cell_8919,4541.21,2066.88
cell_8920,4541.85,2227.7
cell_8921,4542.08,2732.96
cell_8922,4542.24,212.24
cell_8923,4542.88,2193.6
cell_8924,4542.91,602.8
cell_8925,4543.29,736.97
cell_8926,4543.3,566.23
cell_8927,4543.3,878.61
cell_8928,4543.54,1560.18
cell_8929,4544.24,2593.84
cell_8930,4544.49,37.19
cell_8931,4544.51,2150.08
cell_8932,4544.55,2581.48
cell_8933,4544.81,755.18
cell_8934,4545.04,113.04
cell_8935,4545.4,1904.61
cell_8936,4545.78,2287.63
cell_8937,4545.84,361.02
cell_8938,4546.13,2133.7
cell_8939,4546.25,145.6
cell_8940,4546.43,284.12
cell_8941,4546.52,1978.86
cell_8942,4546.77,2753.31
cell_8943,4546.96,918.37
cell_8944,4547.04,2306.84
cell_8945,4547.44,1922.2
cell_8946,4547.54,1319.04
cell_8947,4547.97,414.94
cell_8948,4548.7,631.67
cell_8949,4548.95,1771.34
cell_8950,4548.96,1716.25
cell_8951,4549.53,901.44
cell_8952,4549.94,2175.52
cell_8953,4550.3,792.75
cell_8954,4550.4,205.47
cell_8955,4550.52,1229.73
cell_8956,4550.54,573.11
cell_8957,4550.62,1838.81
cell_8958,4550.69,26.14
cell_8959,4550.8,303.28
cell_8960,4552.74,1087.69
cell_8961,4553.28,2483.77
cell_8962,4553.37,2679.5
cell_8963,4553.63,190.95
cell_8964,4553.84,1869.11
cell_8965,4554.18,2314.07
cell_8966,4554.72,646.73
cell_8967,4554.86,1017.03
cell_8968,4554.92,63.41
cell_8969,4555.32,2213.82
cell_8970,4555.76,661.97
cell_8971,4555.77,803.96
cell_8972,4556.06,1050.6
cell_8973,4556.09,684.83
cell_8974,4556.49,722.49
cell_8975,4556.58,2117.49
cell_8976,4557.11,2271.04
cell_8977,4557.76,1993.75
cell_8978,4557.83,2046.5
cell_8979,4558.11,2022.41
cell_8980,4558.2,311.7
cell_8981,4558.62,706.63
cell_8982,4558.66,589.79
cell_8983,4558.76,260.14
cell_8984,4559.2,2334.32
cell_8985,4559.23,2102.59
cell_8986,4559.86,2450.88
cell_8987,4559.95,607.73
cell_8988,456.06,1253.08
cell_8989,4560.31,2585.55
cell_8990,4561.45,736.1
cell_8991,4562.14,2284.65
cell_8992,4562.31,2201.99
cell_8993,4562.38,289
cell_8994,4562.62,2232.43
cell_8995,4563.38,1689.1
cell_8996,4563.55,1311.8
cell_8997,4563.82,749.77
cell_8998,4564,1183.38
cell_8999,4564.04,1415.7
cell_9000,4564.17,188.12
cell_9001,4564.32,124.01
cell_9002,4564.51,1919.34
cell_9003,4564.55,27.95
cell_9004,4564.8,2060.46
cell_9005,4565.31,620.5
cell_9006,4565.57,2308.65
cell_9007,4565.87,272.7
cell_9008,4566.45,788.49
cell_9009,4567.09,712.87
cell_9010,4567.3,2331.38
cell_9011,4567.51,405
cell_9012,4567.52,634.79
cell_9013,4568.2,771.51
cell_9014,4568.21,2616.39
cell_9015,4568.65,1977.93
cell_9016,4568.67,2166.61
cell_9017,4568.9,2760.18
cell_9018,4569.01,658.79
cell_9019,4569.36,982.61
cell_9020,4569.86,2184.4
cell_9021,457.23,1049.54
cell_9022,4570.3,202.29
cell_9023,4570.73,2748.38
cell_9024,4570.97,2148.24
cell_9025,4571.01,2029.26
cell_9026,4571.14,684.77
cell_9027,4571.15,966.24
cell_9028,4571.29,1906.91
cell_9029,4571.44,103.03
cell_9030,4571.93,1784.17
cell_9031,4572.28,1232.32
cell_9032,4572.88,2096.52
cell_9033,4572.98,2287.75
cell_9034,4573.32,16.18
cell_9035,4573.69,2073.52
cell_9036,4573.76,2305.82
cell_9037,4574.16,1992.85
cell_9038,4574.16,287.66
cell_9039,4574.71,2583.16
cell_9040,4574.82,133.49
cell_9041,4574.86,2236.68
cell_9042,4575.1,808.41
cell_9043,4575.22,2115.68
cell_9044,4575.26,2007.71
cell_9045,4575.34,2489.79
cell_9046,4575.96,1717.07
cell_9047,4575.96,376.74
cell_9048,4576.07,650.81
cell_9049,4576.14,154.62
cell_9050,4576.47,666.69
cell_9051,4576.53,735.65
cell_9052,4577.21,189.78
cell_9053,4577.37,871.43
cell_9054,4577.39,386.78
cell_9055,4577.53,2201.55
cell_9056,4577.55,2046.48
cell_9057,4577.85,714.19
cell_9058,4577.87,2472.01
cell_9059,4577.89,1200.9
cell_9060,4577.94,854.14
cell_9061,4579.51,2445.02
cell_9062,4579.63,1829.12
cell_9063,4579.7,2058.45
cell_9064,458.16,2094.51
cell_9065,4580.18,2315.7
cell_9066,4580.25,38.43
cell_9067,4580.38,748.98
cell_9068,4580.44,2031.95
cell_9069,4580.84,207.71
cell_9070,4580.86,2138.25
cell_9071,4580.86,98.94
cell_9072,4581.83,687.28
cell_9073,4582.41,2603.18
cell_9074,4582.74,706
cell_9075,4582.76,1423.66
cell_9076,4583.25,2763.97
cell_9077,4583.49,2276.36
cell_9078,4584.53,2015.87
cell_9079,4584.61,2329.85
cell_9080,4585.03,1738.68
cell_9081,4585.16,1929.01
cell_9082,4585.36,55.16
cell_9083,4586,258.57
cell_9084,4586.04,1633.32
cell_9085,4586.33,2582.83
cell_9086,4587.16,808.52
cell_9087,4587.44,2777.63
cell_9088,4587.54,719.96
cell_9089,4587.55,1883.34
cell_9090,4587.61,2687.52
cell_9091,4587.63,1991.45
cell_9092,4588.49,19.76
cell_9093,4588.5,575.77
cell_9094,4588.81,1979.15
cell_9095,4589.37,903.07
cell_9096,4589.45,954.53
cell_9097,4589.6,303.15
cell_9098,4589.97,557.11
cell_9099,459.67,1524
cell_9100,459.75,1562.26
cell_9101,4590.31,2288.28
cell_9102,4590.36,95.27
cell_9103,4591.04,2222.56
cell_9104,4591.31,1665.73
cell_9105,4591.94,473.65
cell_9106,4592.03,202.93
cell_9107,4592.07,1838.32
cell_9108,4592.12,2447.93
cell_9109,4592.23,7.94
cell_9110,4592.29,2315.64
cell_9111,4592.44,592.37
cell_9112,4593.19,147.04
cell_9113,4593.49,695.41
cell_9114,4593.53,2593.61
cell_9115,4594.58,383.77
cell_9116,4594.61,2176.2
cell_9117,4594.64,266.83
cell_9118,4595.04,1857.88
cell_9119,4595.05,1869.54
cell_9120,4595.34,992.63
cell_9121,4595.58,828.31
cell_9122,4596.11,1967.41
cell_9123,4596.73,1487.8
cell_9124,4596.84,461.59
cell_9125,4597.03,368.84
cell_9126,4597.26,2584.29
cell_9127,4597.54,543.4
cell_9128,4599.29,880.44
cell_9129,4599.3,355.32
cell_9130,4599.87,48.79
cell_9131,4599.92,736.18
cell_9132,460.72,1455.71
cell_9133,4600.01,703.06
cell_9134,4600.6,970.99
cell_9135,4600.75,788.94
cell_9136,4600.79,2487.84
cell_9137,4600.92,2278.46
cell_9138,4600.94,2022.99
cell_9139,4601.02,2248.81
cell_9140,4601.29,2771.92
cell_9141,4601.57,1729.55
cell_9142,4601.76,2726.83
cell_9143,4602.43,2507.36
cell_9144,4603.47,1385.09
cell_9145,4604.15,2124.33
cell_9146,4604.31,288.36
cell_9147,4604.47,22.88
cell_9148,4604.53,1812.38
cell_9149,4604.59,538.99
cell_9150,4604.97,1235.4
cell_9151,4605.07,2101.89
cell_9152,4605.25,2002.67
cell_9153,4605.57,771.72
cell_9154,4605.7,2455.35
cell_9155,4605.71,2142.76
cell_9156,4605.83,448.96
cell_9157,4605.86,712.21
cell_9158,4606.03,556.35
cell_9159,4606.05,1332.68
cell_9160,4606.12,2612.49
cell_9161,4606.22,2301.31
cell_9162,4606.59,630.36
cell_9163,4606.81,602.73
cell_9164,4606.84,380.82
cell_9165,4607.09,614.94
cell_9166,4607.48,574.53
cell_9167,4607.81,858.15
cell_9168,4607.93,259.54
cell_9169,4607.94,2587.01
cell_9170,4608.36,807.87
cell_9171,4608.71,2265.29
cell_9172,4608.91,1158.41
cell_9173,4609.49,2080.65
cell_9174,4609.64,121.38
cell_9175,4609.83,2112.56
cell_9176,461.05,1381.87
cell_9177,461.39,1537.89
cell_9178,461.67,1325.71
cell_9179,4610.75,2060.19
cell_9180,4611.12,402.43
cell_9181,4611.55,2289.83
cell_9182,4611.84,1922.17
cell_9183,4612.15,1880.11
cell_9184,4612.22,2516.06
cell_9185,4612.93,1609.64
cell_9186,4613.35,937.77
cell_9187,4613.69,2252.72
cell_9188,4613.7,354.19
cell_9189,4614.38,715.72
cell_9190,4614.46,8.46
cell_9191,4614.73,2232.99
cell_9192,4614.95,1840.76
cell_9193,4615.48,278.13
cell_9194,4615.62,181.4
cell_9195,4615.71,2474.72
cell_9196,4615.81,639.4
cell_9197,4615.98,596.45
cell_9198,4616.39,552.83
cell_9199,4616.74,1899.51
cell_9200,4617,900.57
cell_9201,4617.37,515.47
cell_9202,4617.57,881.69
cell_9203,4617.77,735.25
cell_9204,4618.41,584.65
cell_9205,4618.55,538.64
cell_9206,4619.37,366.8
cell_9207,4619.9,2198.28
cell_9208,4620.18,2441.27
cell_9209,4620.86,2587.78
cell_9210,4621.5,2057.05
cell_9211,4621.51,574.26
cell_9212,4621.54,2708.93
cell_9213,4621.57,17.58
cell_9214,4621.64,623.61
cell_9215,4621.83,1940.8
cell_9216,4621.95,1987.46
cell_9217,4622.25,654.19
cell_9218,4622.26,83.14
cell_9219,4622.52,1796.98
cell_9220,4622.73,137.91
cell_9221,4623.02,1263.35
cell_9222,4623.46,205.9
cell_9223,4623.84,1650.67
cell_9224,4624.06,1751.52
cell_9225,4624.34,1781.36
cell_9226,4624.52,269.67
cell_9227,4624.55,286.5
cell_9228,4624.91,1820.96
cell_9229,4625.05,1237.54
cell_9230,4625.39,505.38
cell_9231,4625.51,721.58
cell_9232,4625.67,1212.65
cell_9233,4626.62,548.82
cell_9234,4626.68,928.01
cell_9235,4628.02,610.07
cell_9236,4628.09,30.83
cell_9237,4628.1,2765.57
cell_9238,4628.17,638.18
cell_9239,4628.59,2217.17
cell_9240,4628.99,2610.47
cell_9241,4629.19,959.27
cell_9242,4629.33,567.18
cell_9243,4629.71,531.55
cell_9244,463.53,1281.77
cell_9245,463.69,1397.28
cell_9246,463.82,1352.87
cell_9247,4630.37,2280.62
cell_9248,4630.38,2103.8
cell_9249,4630.51,2268.5
cell_9250,4630.64,578.88
cell_9251,4630.87,2149.9
cell_9252,4631,2241.27
cell_9253,4631.16,982.25
cell_9254,4631.45,1856.41
cell_9255,4631.81,309.3
cell_9256,4632.16,481
cell_9257,4632.34,1840.08
cell_9258,4632.74,1049.21
cell_9259,4632.89,2735.47
cell_9260,4632.95,2598.05
cell_9261,4632.95,729.98
cell_9262,4633.03,260.35
cell_9263,4633.08,788.95
cell_9264,4633.31,1502.41
cell_9265,4633.88,1693.06
cell_9266,4634.29,2500.99
cell_9267,4634.38,2039.82
cell_9268,4634.48,383.69
cell_9269,4634.52,1362.14
cell_9270,4634.56,2066.38
cell_9271,4634.88,559.25
cell_9272,4634.92,590.72
cell_9273,4635.22,541.35
cell_9274,4635.26,5.19
cell_9275,4635.43,601.87
cell_9276,4635.44,289.96
cell_9277,4636.8,503.72
cell_9278,4636.86,938.49
cell_9279,4637.32,1799.5
cell_9280,4637.55,656.15
cell_9281,4637.87,1556.18
cell_9282,4638.38,72.88
cell_9283,4638.44,619.53
cell_9284,4638.85,640.65
cell_9285,4639.05,2168.44
cell_9286,4639.53,747.27
cell_9287,4639.56,2787.02
cell_9288,4639.74,1081.05
cell_9289,4639.89,83.97
cell_9290,4639.97,1675.36
cell_9291,464.33,1508.33
cell_9292,4640.45,448.86
cell_9293,4640.52,2189.26
cell_9294,4640.88,514.29
cell_9295,4641.29,462.89
cell_9296,4641.32,208.86
cell_9297,4641.6,2590.97
cell_9298,4642.17,182.41
cell_9299,4642.47,134.14
cell_9300,4642.77,2250.24
cell_9301,4643.18,2220.2
cell_9302,4644.34,913.25
cell_9303,4644.66,353.93
cell_9304,4645.18,33.28
cell_9305,4645.22,283.35
cell_9306,4645.25,529.83
cell_9307,4645.36,1839.6
cell_9308,4645.7,192.52
cell_9309,4645.88,556.05
cell_9310,4646.02,1736
cell_9311,4646.13,583.76
cell_9312,4646.4,1016.32
cell_9313,4646.61,1130.52
cell_9314,4646.61,1778.88
cell_9315,4646.99,738.1
cell_9316,4647.06,1852.01
cell_9317,4647.07,650.05
cell_9318,4647.22,2124.3
cell_9319,4647.31,492.96
cell_9320,4647.98,793.6
cell_9321,4648.04,2091.46
cell_9322,4648.27,507.23
cell_9323,4648.55,1957.02
cell_9324,4648.56,405.91
cell_9325,4648.56,5.63
cell_9326,4648.63,2772.07
cell_9327,4649.09,2617.86
cell_9328,4649.11,2232.15
cell_9329,4649.43,983.26
cell_9330,4650.16,608.12
cell_9331,4650.28,2604.85
cell_9332,4650.41,2053.49
cell_9333,4650.72,2147.82
cell_9334,4650.94,1813.51
cell_9335,4651.25,1694.42
cell_9336,4651.74,2258.19
cell_9337,4651.84,467.1
cell_9338,4651.94,570.12
cell_9339,4651.96,2159.93
cell_9340,4651.96,626.66
cell_9341,4651.97,546.48
cell_9342,4652.09,1894.42
cell_9343,4653.66,292.25
cell_9344,4654.61,2081.9
cell_9345,4654.67,803.48
cell_9346,4654.88,1874.63
cell_9347,4654.9,660.85
cell_9348,4654.97,2451.17
cell_9349,4655.12,1055.13
cell_9350,4655.71,512.31
cell_9351,4655.82,854
cell_9352,4656.6,913.89
cell_9353,4656.65,446.45
cell_9354,4656.68,2207.87
cell_9355,4656.81,71.4
cell_9356,4656.86,538.84
cell_9357,4657.04,104.74
cell_9358,4657.99,694.97
cell_9359,4658.06,185.32
cell_9360,4658.44,259.72
cell_9361,4658.47,19.19
cell_9362,4658.51,1236.05
cell_9363,4658.83,1622.27
cell_9364,4658.9,877.63
cell_9365,4659.07,1648.73
cell_9366,4659.32,2502.37
cell_9367,4659.58,114.17
cell_9368,4659.67,3.1
cell_9369,466.21,2119.11
cell_9370,466.7,1088.69
cell_9371,4660.06,216.04
cell_9372,4660.55,681.46
cell_9373,4660.68,2002.72
cell_9374,4660.69,2792.8
cell_9375,4660.71,592.92
cell_9376,4660.85,768.17
cell_9377,4661.04,636.4
cell_9378,4661.44,457.69
cell_9379,4661.45,563.17
cell_9380,4661.76,1832.7
cell_9381,4661.82,2185.37
cell_9382,4661.82,2747.12
cell_9383,4661.83,2104.35
cell_9384,4662.48,2596.74
cell_9385,4662.75,580.28
cell_9386,4663.01,2043.75
cell_9387,4663.03,2730.16
cell_9388,4663.12,614.96
cell_9389,4663.44,812.72
cell_9390,4663.69,1563.65
cell_9391,4664.08,484.68
cell_9392,4664.13,750.77
cell_9393,4664.81,656.14
cell_9394,4664.82,2215.39
cell_9395,4665.33,825.88
cell_9396,4666.15,1711.07
cell_9397,4666.55,63.42
cell_9398,4667.08,1797.68
cell_9399,4667.1,548.07
cell_9400,4667.59,121.05
cell_9401,4668.02,2226.63
cell_9402,4668.06,306.1
cell_9403,4668.09,626.38
cell_9404,4668.46,170.02
cell_9405,4668.85,2078.44
cell_9406,4669.22,2461.53
cell_9407,467.05,1262.75
cell_9408,4670.16,934.84
cell_9409,4670.17,79.34
cell_9410,4670.27,190.87
cell_9411,4670.89,404.18
cell_9412,4671.09,205.18
cell_9413,4671.28,1108.47
cell_9414,4671.33,2615.57
cell_9415,4671.46,575.13
cell_9416,4671.66,1065.24
cell_9417,4671.69,594.33
cell_9418,4671.98,756.12
cell_9419,4672.01,2241.6
cell_9420,4672.03,459.15
cell_9421,4672.06,692.4
cell_9422,4672.51,2029.7
cell_9423,4672.69,559.59
cell_9424,4672.84,471.29
cell_9425,4673.15,844.52
cell_9426,4673.23,2438.54
cell_9427,4673.35,2130.74
cell_9428,4673.73,1942.13
cell_9429,4673.85,794.6
cell_9430,4674.19,23.78
cell_9431,4674.27,2192.81
cell_9432,4674.64,1037.03
cell_9433,4674.73,484.06
cell_9434,4675.09,2057.92
cell_9435,4675.18,644.76
cell_9436,4675.22,833.11
cell_9437,4675.23,2167.74
cell_9438,4675.9,2206.45
cell_9439,4676.11,658.28
cell_9440,4676.19,781.13
cell_9441,4676.22,894.39
cell_9442,4676.33,353.75
cell_9443,4676.34,181.31
cell_9444,4676.95,1962.91
cell_9445,4677.03,264.23
cell_9446,4677.74,1671.21
cell_9447,4678.21,769.37
cell_9448,4678.32,2221.08
cell_9449,4678.67,2760.06
cell_9450,4678.82,856.83
cell_9451,4678.99,2602.2
cell_9452,4679.17,2626.69
cell_9453,4679.17,89.3
cell_9454,468.15,1372.13
cell_9455,468.57,2131.63
cell_9456,4680.29,2494.63
cell_9457,4680.3,2481.61
cell_9458,4680.34,1175.14
cell_9459,4680.75,576.34
cell_9460,4680.84,757.28
cell_9461,4681.88,1879.63
cell_9462,4682.15,565.83
cell_9463,4682.21,2794.5
cell_9464,4682.37,552.47
cell_9465,4682.64,1733.42
cell_9466,4683.73,1398.03
cell_9467,4684.6,1686.48
cell_9468,4684.83,1911.83
cell_9469,4684.99,142.61
cell_9470,4685.04,675.88
cell_9471,4685.06,2001.43
cell_9472,4685.12,2235.51
cell_9473,4685.36,317.68
cell_9474,4686.39,1265.27
cell_9475,4686.6,776.34
cell_9476,4687.1,156.62
cell_9477,4687.47,2460.79
cell_9478,4687.6,1814.35
cell_9479,4687.86,1651.14
cell_9480,4688.14,1088.29
cell_9481,4688.37,831.56
cell_9482,4688.47,1446.07
cell_9483,4689.07,2191.79
cell_9484,4689.12,196.98
cell_9485,4689.16,708.7
cell_9486,4689.3,663.95
cell_9487,4689.61,2641.27
cell_9488,4689.92,305.27
cell_9489,469.75,1417.76
cell_9490,469.82,1338.88
cell_9491,4690.03,696.7
cell_9492,4690.35,170.33
cell_9493,4690.74,401.1
cell_9494,4691.2,951.85
cell_9495,4691.26,1849
cell_9496,4691.39,589.91
cell_9497,4691.47,1339.26
cell_9498,4691.94,2075.8
cell_9499,4691.98,2016.48
cell_9500,4692.05,1976.09
cell_9501,4692.38,260.82
cell_9502,4692.46,652.65
cell_9503,4692.62,2728.07
cell_9504,4692.74,181.29
cell_9505,4692.78,276.41
cell_9506,4693,17.88
cell_9507,4693.26,1706.54
cell_9508,4693.53,69.62
cell_9509,4693.9,2243.68
cell_9510,4693.98,1790.57
cell_9511,4694.19,212.5
cell_9512,4694.71,2495.28
cell_9513,4694.94,94.04
cell_9514,4694.97,2059.63
cell_9515,4695.1,367.16
cell_9516,4695.38,808.35
cell_9517,4695.65,2045.69
cell_9518,4695.81,2030.03
cell_9519,4695.82,787.43
cell_9520,4696.01,2126.66
cell_9521,4696.75,1863.95
cell_9522,4696.75,732.12
cell_9523,4696.85,383.92
cell_9524,4696.9,2764.48
cell_9525,4697.32,630.57
cell_9526,4698.53,1752.12
cell_9527,4698.99,135.01
cell_9528,4699.13,52.28
cell_9529,4699.26,742.53
cell_9530,4699.49,2800.08
cell_9531,4699.7,560.69
cell_9532,4699.89,1118.61
cell_9533,4700.08,202.81
cell_9534,4700.09,669.72
cell_9535,4700.1,2780.62
cell_9536,4700.35,225.8
cell_9537,4700.38,869.6
cell_9538,4700.5,2470.38
cell_9539,4701.05,160.43
cell_9540,4701.66,104.7
cell_9541,4701.92,775.46
cell_9542,4702,605.14
cell_9543,4702.19,2188.31
cell_9544,4702.64,1768.52
cell_9545,4702.9,841.62
cell_9546,4703.07,1904.31
cell_9547,4703.08,1934.4
cell_9548,4703.72,829.18
cell_9549,4703.8,2084.75
cell_9550,4704.76,2146.24
cell_9551,4705.8,907.91
cell_9552,4706.14,1525.36
cell_9553,4706.37,2164.21
cell_9554,4706.57,2611.08
cell_9555,4706.65,407.07
cell_9556,4706.91,753.01
cell_9557,4707.06,1803.16
cell_9558,4707.57,1663.33
cell_9559,4707.73,640.85
cell_9560,4707.96,194.14
cell_9561,4708.27,354.08
cell_9562,4708.29,77.59
cell_9563,4708.64,2436.14
cell_9564,4709.1,2244.26
cell_9565,4709.34,1841.24
cell_9566,471.65,1529.51
cell_9567,4710,142.49
cell_9568,4710.19,949.6
cell_9569,4710.6,371.19
cell_9570,4710.8,867.41
cell_9571,4711.13,2806.29
cell_9572,4711.19,154.67
cell_9573,4711.28,675.46
cell_9574,4711.34,59.75
cell_9575,4711.41,1878.98
cell_9576,4711.58,797.09
cell_9577,4711.66,285.22
cell_9578,4711.71,1720.1
cell_9579,4711.88,180.56
cell_9580,4712.09,1307.05
cell_9581,4712.5,2017.12
cell_9582,4712.78,1967.41
cell_9583,4712.93,660.52
cell_9584,4713.77,2219.67
cell_9585,4714.24,2646.19
cell_9586,4714.58,2463.01
cell_9587,4714.86,2104.76
cell_9588,4715.13,586.07
cell_9589,4715.14,2773.18
cell_9590,4715.45,535.02
cell_9591,4715.59,695.37
cell_9592,4715.6,1329.91
cell_9593,4715.8,809.86
cell_9594,4716.43,888.42
cell_9595,4716.98,547.85
cell_9596,4717.18,255.99
cell_9597,4717.38,307.86
cell_9598,4717.45,220.52
cell_9599,4717.53,364
cell_9600,4718.06,773.63
cell_9601,4718.14,1900.13
cell_9602,4718.19,88.17
cell_9603,4718.44,1730.65
cell_9604,4718.63,1183.48
cell_9605,4718.87,787.88
cell_9606,4718.93,648.34
cell_9607,4719.13,2126.71
cell_9608,4719.17,1824.97
cell_9609,4719.49,617.34
cell_9610,4719.7,522.68
cell_9611,4719.76,1003.38
cell_9612,472.35,1459.68
cell_9613,4720.13,2158.99
cell_9614,4720.41,680.32
cell_9615,4720.59,43.73
cell_9616,4720.75,2188.31
cell_9617,4720.88,599.95
cell_9618,4720.9,1948.4
cell_9619,4722.01,395.96
cell_9620,4722.21,2260.67
cell_9621,4722.22,709.51
cell_9622,4722.5,799.86
cell_9623,4722.81,2079.89
cell_9624,4722.89,2235.15
cell_9625,4723.3,205.15
cell_9626,4723.73,151.68
cell_9627,4724.14,2202.27
cell_9628,4724.18,639.58
cell_9629,4724.44,2038.45
cell_9630,4724.55,2135.56
cell_9631,4724.64,2478.37
cell_9632,4725.16,975.05
cell_9633,4725.41,4.51
cell_9634,4725.66,2271.47
cell_9635,4725.67,356.12
cell_9636,4726.29,2059.27
cell_9637,4726.33,1808.87
cell_9638,4727.09,846.12
cell_9639,4727.2,1860.6
cell_9640,4727.21,2562.75
cell_9641,4727.48,869.51
cell_9642,4727.62,227.99
cell_9643,4728.02,2625.67
cell_9644,4728.37,2547.81
cell_9645,4728.76,137.34
cell_9646,4728.8,2016.64
cell_9647,4730.02,659.73
cell_9648,4730.03,126.32
cell_9649,4730.67,255.08
cell_9650,4730.91,378.65
cell_9651,4731.44,2144.42
cell_9652,4731.76,2805.59
cell_9653,4732.11,2786.96
cell_9654,4732.16,192.24
cell_9655,4732.32,833.86
cell_9656,4732.54,534.65
cell_9657,4732.91,2655.38
cell_9658,4732.92,681.8
cell_9659,4732.99,481.47
cell_9660,4733.04,626.76
cell_9661,4733.43,811.01
cell_9662,4733.44,767.89
cell_9663,4733.47,2448.51
cell_9664,4733.47,911.81
cell_9665,4733.59,265.63
cell_9666,4733.74,50.2
cell_9667,4734.02,1685.1
cell_9668,4734.03,94.69
cell_9669,4734.09,1707.2
cell_9670,4734.35,468.61
cell_9671,4734.39,2489.51
cell_9672,4734.68,698.67
cell_9673,4734.9,148.43
cell_9674,4734.93,36.26
cell_9675,4735.09,614.24
cell_9676,4735.12,1970.54
cell_9677,4735.56,545.08
cell_9678,4735.58,1215.17
cell_9679,4735.97,1988.37
cell_9680,4736.15,2098.8
cell_9681,4736.39,526.08
cell_9682,4736.41,2171.29
cell_9683,4737.91,606.42
cell_9684,4738.62,1673.61
cell_9685,4738.78,2433.63
cell_9686,4739.17,2239.13
cell_9687,4739.38,135.65
cell_9688,4739.69,2561.51
cell_9689,474.8,1435.21
cell_9690,4740.84,367.7
cell_9691,4741,856.97
cell_9692,4741.3,2077.54
cell_9693,4741.44,226.37
cell_9694,4741.62,2248.67
cell_9695,4741.72,2042.18
cell_9696,4742.02,274.35
cell_9697,4742.58,778.81
cell_9698,4742.96,1486.89
cell_9699,4743.73,725.89
cell_9700,4743.99,1023.27
cell_9701,4744.02,1193.43
cell_9702,4744.36,1825.66
cell_9703,4744.49,306.4
cell_9704,4744.58,539.69
cell_9705,4744.68,497.56
cell_9706,4745.07,285.88
cell_9707,4745.18,652.08
cell_9708,4745.26,2201.58
cell_9709,4745.67,379.31
cell_9710,4745.8,447.57
cell_9711,4745.86,2549.15
cell_9712,4746.76,2630.41
cell_9713,4746.81,877
cell_9714,4746.95,668.87
cell_9715,4747.09,687.99
cell_9716,4747.14,179.43
cell_9717,4747.19,2467.56
cell_9718,4747.29,2798.7
cell_9719,4747.76,962.67
cell_9720,4748.06,121.66
cell_9721,4748.48,1102.76
cell_9722,4748.68,993.29
cell_9723,4748.69,601.9
cell_9724,4748.92,2217.08
cell_9725,4749.36,2255.31
cell_9726,4749.37,2229.87
cell_9727,4749.46,1231.32
cell_9728,4749.67,430.02
cell_9729,4749.95,38.62
cell_9730,475.02,1484.95
cell_9731,475.67,2343.54
cell_9732,4750.18,553.13
cell_9733,4750.32,1845.98
cell_9734,4750.48,2101.64
cell_9735,4750.76,406.55
cell_9736,4751.18,2270.97
cell_9737,4751.41,2431.28
cell_9738,4752.32,194.04
cell_9739,4752.37,584.73
cell_9740,4753.34,642.31
cell_9741,4753.82,722.93
cell_9742,4753.88,2190.28
cell_9743,4753.92,1142.78
cell_9744,4754.02,2299.72
cell_9745,4754.07,469.33
cell_9746,4754.2,806.54
cell_9747,4754.36,506.41
cell_9748,4754.37,2477.35
cell_9749,4754.46,390.81
cell_9750,4754.89,2317.86
cell_9751,4755.08,2017.71
cell_9752,4755.72,2061.62
cell_9753,4755.92,2126.87
cell_9754,4755.92,698.72
cell_9755,4756.03,496.07
cell_9756,4756.14,1695.78
cell_9757,4756.46,145.29
cell_9758,4756.46,938.59
cell_9759,4756.64,483.78
cell_9760,4756.77,1372.44
cell_9761,4756.8,439.36
cell_9762,4757.3,623.61
cell_9763,4758.84,2684.95
cell_9764,4758.87,208.73
cell_9765,4759.11,2237.35
cell_9766,4759.15,609.41
cell_9767,4759.4,364.1
cell_9768,4759.68,774.08
cell_9769,4759.8,349.74
cell_9770,4759.86,2547.55
cell_9771,4760.1,24.16
cell_9772,4760.24,263.81
cell_9773,4760.34,552.2
cell_9774,4760.38,2174.69
cell_9775,4760.42,455.24
cell_9776,4760.48,831.56
cell_9777,4760.98,118.77
cell_9778,4761.02,76.06
cell_9779,4761.59,1284.76
cell_9780,4761.69,747.8
cell_9781,4761.97,2485.9
cell_9782,4761.97,793.74
cell_9783,4762.1,181.85
cell_9784,4762.16,2086.68
cell_9785,4762.26,2561.96
cell_9786,4763.4,196.74
cell_9787,4763.44,2157.28
cell_9788,4763.82,2212.81
cell_9789,4764.17,883.77
cell_9790,4764.43,275.71
cell_9791,4764.44,975.59
cell_9792,4764.57,2259.56
cell_9793,4765.12,1678.5
cell_9794,4765.42,586.26
cell_9795,4765.58,55.36
cell_9796,4765.95,1965.52
cell_9797,4765.96,474.29
cell_9798,4766.11,2047.43
cell_9799,4766.24,2110
cell_9800,4766.27,2443.57
cell_9801,4766.72,249
cell_9802,4766.77,598.1
cell_9803,4767.07,113.84
cell_9804,4767.32,763.28
cell_9805,4767.38,731.61
cell_9806,4767.59,2808.64
cell_9807,4767.69,392.92
cell_9808,4768.15,956.59
cell_9809,4768.27,2459.77
cell_9810,4768.6,493.96
cell_9811,4768.65,438.27
cell_9812,4768.76,143.02
cell_9813,4769.04,2007.61
cell_9814,4769.21,779.01
cell_9815,477.22,1554.92
cell_9816,477.6,1503.63
cell_9817,477.84,2111
cell_9818,4770.05,354.61
cell_9819,4770.57,551.37
cell_9820,4771.14,2066.45
cell_9821,4772.1,854.32
cell_9822,4772.89,625.5
cell_9823,4773.57,37.36
cell_9824,4774.07,657.75
cell_9825,4774.28,47.89
cell_9826,4775.05,740.19
cell_9827,4776.13,1880.61
cell_9828,4776.37,2550.04
cell_9829,4776.52,586.69
cell_9830,4776.53,2139.53
cell_9831,4776.57,2804.49
cell_9832,4776.73,1720.15
cell_9833,4777.32,2644.31
cell_9834,4777.35,114.9
cell_9835,4777.76,2566.91
cell_9836,4777.85,474.27
cell_9837,4777.99,1810
cell_9838,4778.2,540.62
cell_9839,4778.44,2029.6
cell_9840,4778.55,2240.01
cell_9841,4778.64,709.4
cell_9842,4778.99,209.69
cell_9843,4779.85,2665.23
cell_9844,4779.93,2221.66
cell_9845,4779.96,14.55
cell_9846,4779.99,449.43
cell_9847,4780.08,1551.4
cell_9848,4780.25,2267.57
cell_9849,4780.28,826.72
cell_9850,4780.4,557.7
cell_9851,4780.44,489.06
cell_9852,4780.74,266.14
cell_9853,4781.12,695.57
cell_9854,4781.19,1898.76
cell_9855,4781.22,140.77
cell_9856,4781.27,1426.78
cell_9857,4781.7,2751.65
cell_9858,4781.95,1067.79
cell_9859,4782.18,426.65
cell_9860,4782.32,569.96
cell_9861,4782.41,1823.47
cell_9862,4782.62,2006.15
cell_9863,4782.64,729.88
cell_9864,4782.91,460.66
cell_9865,4782.99,1613.53
cell_9866,4783.15,1689.21
cell_9867,4783.25,743.59
cell_9868,4784.02,1196.88
cell_9869,4784.1,1972.67
cell_9870,4784.42,2495.55
cell_9871,4784.45,582.59
cell_9872,4784.5,359.02
cell_9873,4784.55,1398.29
cell_9874,4784.57,2191.11
cell_9875,4785.2,2162.97
cell_9876,4785.46,503.52
cell_9877,4785.94,2285.69
cell_9878,4786.01,636.47
cell_9879,4786.39,1798.73
cell_9880,4786.66,2441.4
cell_9881,4786.68,43.19
cell_9882,4786.96,607.98
cell_9883,4787.44,653.88
cell_9884,4787.71,788.97
cell_9885,4788.54,1084.63
cell_9886,4788.59,255.97
cell_9887,4789.19,2106.85
cell_9888,4789.83,1863.55
cell_9889,4789.88,546.5
cell_9890,4789.9,438.66
cell_9891,4790.22,1754.58
cell_9892,4790.4,126.73
cell_9893,4790.52,1253.92
cell_9894,4790.79,490.45
cell_9895,4790.87,764.96
cell_9896,4791.01,863.77
cell_9897,4791.04,2174.66
cell_9898,4791.31,894.93
cell_9899,4791.38,620.42
cell_9900,4791.78,310.57
cell_9901,4791.81,1847.56
cell_9902,4791.86,669.19
cell_9903,4792.39,10.66
cell_9904,4792.39,2475.71
cell_9905,4792.6,348.92
cell_9906,4792.71,1294.89
cell_9907,4793.61,1992.58
cell_9908,4794.54,2076.06
cell_9909,4794.6,1728.21
cell_9910,4794.9,2488.71
cell_9911,4795.42,164.43
cell_9912,4795.49,2124.47
cell_9913,4795.64,2271.26
cell_9914,4795.96,2153.56
cell_9915,4795.99,2671.78
cell_9916,4796.24,554.73
cell_9917,4796.38,985.94
cell_9918,4796.42,808.41
cell_9919,4796.45,1315.59
cell_9920,4796.54,747.05
cell_9921,4796.72,460.87
cell_9922,4796.74,1922.31
cell_9923,4796.81,2804.18
cell_9924,4796.91,399.42
cell_9925,4797.42,2239.5
cell_9926,4797.53,1936.77
cell_9927,4797.61,482.29
cell_9928,4798.38,2209.15
cell_9929,4798.9,591.97
cell_9930,4798.97,2549.84
cell_9931,4799.05,2195.22
cell_9932,4799.12,100.22
cell_9933,4799.46,2655.51
cell_9934,4799.47,729.19
cell_9935,4799.7,120.01
cell_9936,4800.38,1699.48
cell_9937,4801.07,1683.59
cell_9938,4801.18,2096.66
cell_9939,4801.33,27.75
cell_9940,4801.63,566.34
cell_9941,4801.71,2690.74
cell_9942,4802.48,2286.68
cell_9943,4802.56,839.98
cell_9944,4803.12,2260.75
cell_9945,4803.15,54.81
cell_9946,4803.43,435.57
cell_9947,4803.91,1962.43
cell_9948,4804.09,257.43
cell_9949,4804.61,1817.41
cell_9950,4804.77,701.35
cell_9951,4804.82,181.96
cell_9952,4804.88,615.11
cell_9953,4806.64,2491.37
cell_9954,4806.9,1559.42
cell_9955,4807.17,197.43
cell_9956,4807.43,2227.41
cell_9957,4807.77,745.35
cell_9958,4807.8,483.15
cell_9959,4808.38,131.28
cell_9960,4808.54,1669.63
cell_9961,4808.58,112.67
cell_9962,4808.63,18.12
cell_9963,4809.29,2184.61
cell_9964,4809.41,2047.27
cell_9965,4809.79,772.95
cell_9966,4809.81,4.3
cell_9967,4809.82,626.41
cell_9968,481.64,2079.23
cell_9969,4810.18,447.61
cell_9970,4810.63,2469.54
cell_9971,4810.79,1898.12
cell_9972,4810.99,1776.09
cell_9973,4811.05,1070.68
cell_9974,4811.11,1201.39
cell_9975,4811.12,1496.18
cell_9976,4811.15,660.99
cell_9977,4811.26,1711.45
cell_9978,4811.29,227.57
cell_9979,4811.36,2782.64
cell_9980,4812.37,878.77
cell_9981,4812.72,462.6
cell_9982,4812.75,2567.06
cell_9983,4812.9,545.33
cell_9984,4812.95,2144.45
cell_9985,4813.44,2281.36
cell_9986,4813.5,378.21
cell_9987,4813.98,563.27
cell_9988,4814.09,831.82
cell_9989,4814.22,2201.39
cell_9990,4814.31,1295.2
cell_9991,4814.69,2114.88
cell_9992,4815.06,530.09
cell_9993,4815.3,2544.32
cell_9994,4815.46,395.49
cell_9995,4815.47,1084.05
cell_9996,4815.53,2672.64
cell_9997,4815.72,2271.42
cell_9998,4815.86,714.27
cell_9999,4816.04,185.58
cell_10000,4816.23,811.7
cell_10001,4816.91,2259.42
cell_10002,4816.96,737.44
cell_10003,4817.25,210.44
cell_10004,4817.27,309.38
cell_10005,4817.73,2077.84
cell_10006,4818.19,56.57
cell_10007,4818.31,348.76
cell_10008,4818.4,361.57
cell_10009,4818.48,671.62
cell_10010,4818.7,2219.21
cell_10011,4819.69,784.7
cell_10012,4819.96,601.17
cell_10013,4820,575.72
cell_10014,4820.09,2062.5
cell_10015,4820.51,2804.02
cell_10016,4822.48,486.64
cell_10017,4822.87,15.02
cell_10018,4823.05,589.54
cell_10019,4823.13,1927.27
cell_10020,4824.2,726.56
cell_10021,4824.34,1803.75
cell_10022,4824.73,2010.51
cell_10023,4824.86,1650.55
cell_10024,4825.07,269.51
cell_10025,4825.16,1871.69
cell_10026,4825.19,687.75
cell_10027,4825.25,549.28
cell_10028,4825.37,2427.57
cell_10029,4825.43,1890.19
cell_10030,4825.86,2292.72
cell_10031,4825.88,114.16
cell_10032,4826.02,669.53
cell_10033,4826.26,2190.49
cell_10034,4826.45,2139.43
cell_10035,4826.61,772.35
cell_10036,4826.71,1820.38
cell_10037,4827.08,475.03
cell_10038,4827.09,24.68
cell_10039,4827.55,625.39
cell_10040,4827.61,2469.69
cell_10041,4828.06,2255.09
cell_10042,4828.23,229.77
cell_10043,4828.44,566.5
cell_10044,4828.51,807.66
cell_10045,4829.01,1907.37
cell_10046,4829.11,2236.66
cell_10047,4829.99,1854.58
cell_10048,4830.18,850.59
cell_10049,4830.28,279.55
cell_10050,4831.48,753.15
cell_10051,4831.49,718.6
cell_10052,4831.84,704.57
cell_10053,4832.06,1838.55
cell_10054,4832.08,2304.93
cell_10055,4832.3,325.54
cell_10056,4832.33,297.45
cell_10057,4832.71,2272.91
cell_10058,4833.21,1453.58
cell_10059,4833.23,2659.35
cell_10060,4833.51,4.29
cell_10061,4833.56,2680.41
cell_10062,4833.93,2539.28
cell_10063,4833.99,2486.29
cell_10064,4834.02,382.74
cell_10065,4834.95,1616.66
cell_10066,4835.3,134.09
cell_10067,4836.44,2220.31
cell_10068,4836.52,555.16
cell_10069,4836.92,532.53
cell_10070,4837.54,38.62
cell_10071,4837.6,171.11
cell_10072,4837.6,671.62
cell_10073,4837.68,1883.1
cell_10074,4837.74,18.24
cell_10075,4837.85,2692.14
cell_10076,4837.94,773.49
cell_10077,4838.28,785.01
cell_10078,4838.29,216.42
cell_10079,4838.33,1073.51
cell_10080,4839.27,597.6
cell_10081,484.37,1366.81
cell_10082,484.89,2100.19
cell_10083,4840.18,93.6
cell_10084,4840.23,10.17
cell_10085,4840.49,2779.58
cell_10086,4840.7,2288.17
cell_10087,4840.79,2185.94
cell_10088,4840.88,696.85
cell_10089,4841,2464.76
cell_10090,4841.16,948.5
cell_10091,4841.22,887.77
cell_10092,4841.44,2106.94
cell_10093,4841.49,187.11
cell_10094,4842,401.98
cell_10095,4842.09,199.09
cell_10096,4842.29,2451.18
cell_10097,4842.45,2564.48
cell_10098,4842.55,2140.2
cell_10099,4842.58,2077.39
cell_10100,4843.76,2060.57
cell_10101,4844.21,2259.4
cell_10102,4844.23,48.43
cell_10103,4844.78,1147.05
cell_10104,4844.84,386.66
cell_10105,4844.93,2023.19
cell_10106,4845.68,1499.38
cell_10107,4845.94,1530.51
cell_10108,4845.96,2552.02
cell_10109,4846.35,545.54
cell_10110,4846.67,811.79
cell_10111,4847.19,356.11
cell_10112,4847.34,2168.48
cell_10113,4847.49,129.66
cell_10114,4847.59,30.6
cell_10115,4847.9,2040.79
cell_10116,4847.93,2295.67
cell_10117,4848.47,369.41
cell_10118,4849,286.59
cell_10119,4849.01,934.99
cell_10120,4849.1,2429.24
cell_10121,4849.31,678.95
cell_10122,4849.8,2238.41
cell_10123,485.37,1523.82
cell_10124,4850.36,2666.97
cell_10125,4850.52,755.98
cell_10126,4850.56,312.31
cell_10127,4851.02,2493.92
cell_10128,4851.3,854.49
cell_10129,4851.49,829.09
cell_10130,4851.5,1681.32
cell_10131,4851.59,718.23
cell_10132,4852.28,657.79
cell_10133,4852.81,1176.04
cell_10134,4852.84,1083.42
cell_10135,4853.01,1958.85
cell_10136,4853.01,347.3
cell_10137,4853.48,152.24
cell_10138,4853.56,2479.79
cell_10139,4853.63,1844.66
cell_10140,4853.66,2682.95
cell_10141,4853.79,1876.05
cell_10142,4853.81,395.7
cell_10143,4853.96,1902.86
cell_10144,4854.02,2003.73
cell_10145,4854.08,2267.82
cell_10146,4854.22,263.84
cell_10147,4854.89,572.82
cell_10148,4855.52,589.81
cell_10149,4855.59,115.85
cell_10150,4855.65,198.28
cell_10151,4855.74,2468.75
cell_10152,4855.82,546.98
cell_10153,4856.16,782.63
cell_10154,4856.24,745.44
cell_10155,4857.12,2699.53
cell_10156,4857.16,1668.8
cell_10157,4857.55,2281.2
cell_10158,4857.64,969.01
cell_10159,4858.74,707.91
cell_10160,486.56,1483.88
cell_10161,4860.11,1863.09
cell_10162,4860.12,410.32
cell_10163,4860.34,2304.49
cell_10164,4860.74,2091.89
cell_10165,4860.87,906.52
cell_10166,4861.27,127.62
cell_10167,4861.65,230.55
cell_10168,4861.77,838.8
cell_10169,4861.82,2563.58
cell_10170,4861.87,1926.42
cell_10171,4862.85,2245.9
cell_10172,4863.16,1893.7
cell_10173,4863.49,9.69
cell_10174,4864.04,106.67
cell_10175,4864.27,2218.67
cell_10176,4864.51,2001.06
cell_10177,4864.83,2489.33
cell_10178,4864.98,188.06
cell_10179,4865.28,293.37
cell_10180,4865.49,214.22
cell_10181,4865.51,159.26
cell_10182,4865.63,2538.59
cell_10183,4865.73,1700.16
cell_10184,4866.48,549.34
cell_10185,4866.56,2027.46
cell_10186,4866.65,922.57
cell_10187,4866.68,631.42
cell_10188,4866.82,2152.91
cell_10189,4866.85,2083.84
cell_10190,4867.03,887.71
cell_10191,4867.7,2128.19
cell_10192,4868.45,1744.93
cell_10193,4868.6,1142.59
cell_10194,4868.66,1905.35
cell_10195,4868.82,2317.3
cell_10196,4869.35,83.4
cell_10197,4869.61,1239.77
cell_10198,4869.63,97.61
cell_10199,4869.64,1833.72
cell_10200,4869.96,2182.98
cell_10201,487.13,1545.74
cell_10202,4870.25,871.75
cell_10203,4870.69,821.24
cell_10204,4870.94,2429.08
cell_10205,4871.16,2069.16
cell_10206,4871.27,2673.84
cell_10207,4871.64,2286.83
cell_10208,4871.76,2165.42
cell_10209,4871.93,1915.23
cell_10210,4872.04,120.93
cell_10211,4872.22,1659.03
cell_10212,4872.65,385.52
cell_10213,4873.6,854.88
cell_10214,4873.81,2100.54
cell_10215,4874.31,1861.6
cell_10216,4874.45,1960.78
cell_10217,4874.49,589.22
cell_10218,4874.77,108.21
cell_10219,4875.08,1305.08
cell_10220,4875.12,2049.52
cell_10221,4875.46,2689.11
cell_10222,4875.9,610.33
cell_10223,4876.17,782.77
cell_10224,4876.27,193.26
cell_10225,4876.45,242.79
cell_10226,4876.64,1332.95
cell_10227,4877.1,2445.48
cell_10228,4877.22,1624.95
cell_10229,4877.5,2267.58
cell_10230,4878.8,562.27
cell_10231,4878.82,280.67
cell_10232,4879.11,2012.73
cell_10233,4879.24,2560.45
cell_10234,4879.26,2612.06
cell_10235,4879.3,353.21
cell_10236,4879.51,839.32
cell_10237,4879.52,2307.48
cell_10238,4880.28,1061.45
cell_10239,4880.42,413.51
cell_10240,4880.89,2536.96
cell_10241,4881.06,2699.87
cell_10242,4881.45,51.55
cell_10243,4881.6,578.5
cell_10244,4882.03,1007.84
cell_10245,4882.08,1878.55
cell_10246,4882.23,1673.84
cell_10247,4882.57,2028.91
cell_10248,4883.12,916.92
cell_10249,4883.16,2428.15
cell_10250,4883.39,2255.89
cell_10251,4883.59,311.38
cell_10252,4883.78,2286.71
cell_10253,4884.36,1776.29
cell_10254,4884.75,216.8
cell_10255,4885.13,2098.27
cell_10256,4885.26,1909.42
cell_10257,4885.26,2476.44
cell_10258,4885.51,270.62
cell_10259,4885.95,476.59
cell_10260,4886.15,152.05
cell_10261,4886.15,91.9
cell_10262,4886.31,78.95
cell_10263,4886.52,1791.84
cell_10264,4886.85,883.31
cell_10265,4886.93,441.86
cell_10266,4886.96,125.21
cell_10267,4887.28,2462.49
cell_10268,4888.06,974.83
cell_10269,4888.09,371.78
cell_10270,4888.17,2243.26
cell_10271,4888.21,721.95
cell_10272,4888.54,828.32
cell_10273,4888.75,2634.17
cell_10274,4889.14,2230.62
cell_10275,4889.24,568.69
cell_10276,4889.41,496.63
cell_10277,4889.45,105.5
cell_10278,4889.45,2562.87
cell_10279,4890.42,1686.18
cell_10280,4890.72,2686.12
cell_10281,4890.84,297.44
cell_10282,4891,402.64
cell_10283,4891.35,455.72
cell_10284,4891.61,1216.52
cell_10285,4891.73,2617.01
cell_10286,4892.27,2706.96
cell_10287,4892.36,898.03
cell_10288,4892.57,178.19
cell_10289,4893.12,1922.9
cell_10290,4893.18,782.63
cell_10291,4893.83,2057.1
cell_10292,4893.91,31.48
cell_10293,4894.36,1356.19
cell_10294,4894.47,2303.26
cell_10295,4894.67,960.39
cell_10296,4895.41,164.2
cell_10297,4895.62,115.16
cell_10298,4895.64,670.27
cell_10299,4895.91,235.32
cell_10300,4896.03,1979.11
cell_10301,4896.21,281.92
cell_10302,4896.3,1837.41
cell_10303,4896.47,1176.88
cell_10304,4896.66,697.04
cell_10305,4896.83,1294.22
cell_10306,4896.87,2182.82
cell_10307,4897.16,2279.19
cell_10308,4897.96,997.94
cell_10309,4898.02,2216.61
cell_10310,4898.34,478.02
cell_10311,4898.4,2552.6
cell_10312,4898.42,1024.06
cell_10313,4898.85,2443.78
cell_10314,4899.22,495.76
cell_10315,4899.37,2798.01
cell_10316,4899.4,430.73
cell_10317,4899.47,1245.05
cell_10318,4899.52,873.38
cell_10319,4899.58,886.57
cell_10320,4899.69,803.58
cell_10321,4899.74,577.21
cell_10322,4899.81,2459.55
cell_10323,490.19,1239.01
cell_10324,4900.49,608.24
cell_10325,4900.67,1132.59
cell_10326,4901.51,835.82
cell_10327,4901.66,2118.49
cell_10328,4901.77,2489.7
cell_10329,4902.08,375.89
cell_10330,4902.28,2621.89
cell_10331,4902.92,723.44
cell_10332,4903,3.22
cell_10333,4903.02,2099.57
cell_10334,4903.09,685.51
cell_10335,4903.32,462.53
cell_10336,4903.48,2710.47
cell_10337,4903.6,766.07
cell_10338,4904.13,396.01
cell_10339,4905.15,592.42
cell_10340,4905.7,2199.57
cell_10341,4906.06,1990.09
cell_10342,4906.61,823.82
cell_10343,4906.98,936.85
cell_10344,4907.07,238.97
cell_10345,4907.23,143.24
cell_10346,4907.45,2254.87
cell_10347,4907.73,1070.43
cell_10348,4907.74,1918.93
cell_10349,4907.94,117.91
cell_10350,4907.99,2305.55
cell_10351,4908.11,2000.89
cell_10352,4908.22,102.26
cell_10353,4908.23,1893.7
cell_10354,4908.46,332.68
cell_10355,4908.48,2151.9
cell_10356,4908.53,443.55
cell_10357,4908.79,1837.7
cell_10358,4908.82,2688.33
cell_10359,4908.92,1645.83
cell_10360,4908.96,359.71
cell_10361,4909,2434.39
cell_10362,4909.19,501.97
cell_10363,4909.26,2068.08
cell_10364,4909.63,2289.71
cell_10365,4909.76,91.9
cell_10366,491.44,1443.66
cell_10367,4910.05,295.1
cell_10368,4910.07,166.54
cell_10369,4910.46,12.47
cell_10370,4910.8,613.51
cell_10371,4910.84,228.36
cell_10372,4910.97,1260.83
cell_10373,4911.13,424.09
cell_10374,4911.26,1906.67
cell_10375,4912.09,69.36
cell_10376,4912.11,1820.85
cell_10377,4912.25,520.25
cell_10378,4912.66,2539.57
cell_10379,4912.89,1882.14
cell_10380,4912.9,866.54
cell_10381,4912.94,956.93
cell_10382,4913.66,2033.84
cell_10383,4913.68,698.05
cell_10384,4913.84,1797.26
cell_10385,4913.9,2478.67
cell_10386,4914.28,2715.97
cell_10387,4914.34,151.17
cell_10388,4915.72,2279.09
cell_10389,4915.93,212.84
cell_10390,4916.02,374.15
cell_10391,4916.5,307.05
cell_10392,4916.55,892.32
cell_10393,4916.77,2088.39
cell_10394,4917.22,495.13
cell_10395,4917.27,2010.87
cell_10396,4917.39,2565.45
cell_10397,4917.79,391.53
cell_10398,4917.82,781.32
cell_10399,4918.56,194.29
cell_10400,4918.57,1925.03
cell_10401,4918.58,1862.94
cell_10402,4919.45,2461.12
cell_10403,4919.87,1294.94
cell_10404,4919.99,726.39
cell_10405,4920.11,662.72
cell_10406,4920.63,1810.59
cell_10407,4920.94,687.69
cell_10408,4921.13,1195.03
cell_10409,4921.47,362.14
cell_10410,4921.5,20.33
cell_10411,4921.66,2617.72
cell_10412,4921.92,349.78
cell_10413,4921.95,273.23
cell_10414,4921.97,1633.45
cell_10415,4922.36,159.3
cell_10416,4922.37,2205.78
cell_10417,4922.64,91.66
cell_10418,4922.7,846.32
cell_10419,4923.12,2649.76
cell_10420,4923.14,33.49
cell_10421,4923.15,141.08
cell_10422,4923.26,2429.51
cell_10423,4923.4,2302.34
cell_10424,4923.43,2704.73
cell_10425,4923.79,2226.42
cell_10426,4924.48,1605.1
cell_10427,4924.52,992.98
cell_10428,4924.58,709.08
cell_10429,4924.74,886.45
cell_10430,4925.13,2130.19
cell_10431,4925.14,1237.47
cell_10432,4925.74,2486.12
cell_10433,4925.77,289.76
cell_10434,4925.88,2260.16
cell_10435,4926.09,419.39
cell_10436,4926.44,2803.68
cell_10437,4926.5,2193.03
cell_10438,4926.71,1961.35
cell_10439,4926.72,483.41
cell_10440,4926.73,1991.67
cell_10441,4926.92,301.47
cell_10442,4926.95,1023.58
cell_10443,4927.04,2168.97
cell_10444,4927.21,461.49
cell_10445,4927.21,524.73
cell_10446,4927.22,1835.85
cell_10447,4927.3,102.14
cell_10448,4927.43,312.43
cell_10449,4928.07,2536.72
cell_10450,4928.1,69.45
cell_10451,4928.29,2109.45
cell_10452,4928.9,805.13
cell_10453,4929.03,535.73
cell_10454,4929.61,229.51
cell_10455,4929.62,2446.69
cell_10456,4929.63,863.39
cell_10457,4929.64,744.45
cell_10458,4929.91,1772
cell_10459,4929.92,112.66
cell_10460,4930.13,2599.56
cell_10461,4930.14,149.53
cell_10462,4931.39,939.35
cell_10463,4931.41,186.89
cell_10464,4931.78,724.56
cell_10465,4931.88,397.91
cell_10466,4932.25,1756.14
cell_10467,4932.26,2589.33
cell_10468,4932.34,965
cell_10469,4932.59,835.03
cell_10470,4932.98,2725.61
cell_10471,4933.17,160.13
cell_10472,4933.19,684.75
cell_10473,4933.87,369.93
cell_10474,4934.1,760.43
cell_10475,4934.38,773.23
cell_10476,4934.7,1036.76
cell_10477,4934.83,350.44
cell_10478,4934.93,321.67
cell_10479,4935.34,2080.79
cell_10480,4935.5,3.54
cell_10481,4936.15,2299.16
cell_10482,4936.23,2068.81
cell_10483,4936.32,750.98
cell_10484,4936.37,2706.6
cell_10485,4936.5,667.62
cell_10486,4937.24,2132.33
cell_10487,4937.36,2657.6
cell_10488,4937.38,462.86
cell_10489,4937.56,2626.18
cell_10490,4937.73,545.01
cell_10491,4937.97,877.11
cell_10492,4938.16,2150.86
cell_10493,4938.35,1930.99
cell_10494,4938.36,798.55
cell_10495,4938.58,2617.7
cell_10496,4938.7,414.48
cell_10497,4939.2,447.58
cell_10498,4939.35,1947.38
cell_10499,4939.77,77.27
cell_10500,4940.22,1921.39
cell_10501,4940.32,138.45
cell_10502,4941.03,895.49
cell_10503,4941.39,691.85
cell_10504,4941.72,2597.61
cell_10505,4942.25,503.13
cell_10506,4942.31,1889.78
cell_10507,4942.72,908.56
cell_10508,4942.81,2205.52
cell_10509,4943.2,821.74
cell_10510,4943.59,1605.83
cell_10511,4943.82,1987.27
cell_10512,4943.82,2262.88
cell_10513,4944.29,62.03
cell_10514,4944.85,2718.53
cell_10515,4944.93,206.9
cell_10516,4944.99,159.29
cell_10517,4944.99,424.34
cell_10518,4945.33,2430.38
cell_10519,4945.34,2278.06
cell_10520,4945.42,2587.12
cell_10521,4945.49,194.45
cell_10522,4945.56,392.13
cell_10523,4945.8,1876.74
cell_10524,4945.94,472.17
cell_10525,4945.98,2698.96
cell_10526,4946.22,358.59
cell_10527,4946.73,2221.45
cell_10528,4947.1,842.99
cell_10529,4947.39,275.4
cell_10530,4947.69,2566.83
cell_10531,4947.89,2640.14
cell_10532,4948.13,952.34
cell_10533,4948.14,1973.15
cell_10534,4948.25,1912.52
cell_10535,4948.53,2464.96
cell_10536,4949.11,727.11
cell_10537,4949.52,299.56
cell_10538,495.71,1416.77
cell_10539,4950.01,739.46
cell_10540,4950.31,2171.77
cell_10541,4950.55,448.75
cell_10542,4950.7,1756.92
cell_10543,4950.91,1824.19
cell_10544,4951.25,578.42
cell_10545,4951.32,109.26
cell_10546,4951.54,373.07
cell_10547,4951.8,2484.97
cell_10548,4952.04,2119.94
cell_10549,4952.31,791.02
cell_10550,4953.99,973.66
cell_10551,4954,609.06
cell_10552,4954.11,943.97
cell_10553,4954.4,184.67
cell_10554,4954.56,218.25
cell_10555,4954.64,482.81
cell_10556,4954.84,593.59
cell_10557,4954.91,2621.76
cell_10558,4954.96,2588.22
cell_10559,4955.41,717.94
cell_10560,4955.43,384.07
cell_10561,4955.81,2078.99
cell_10562,4955.99,556.94
cell_10563,4956.02,419.32
cell_10564,4956.23,2732.81
cell_10565,4956.3,2104.53
cell_10566,4956.79,72.91
cell_10567,4957.01,1194.09
cell_10568,4957.44,507.72
cell_10569,4957.92,2666.11
cell_10570,4958.1,138.18
cell_10571,4958.45,314.41
cell_10572,4958.79,1636.69
cell_10573,4958.84,286.31
cell_10574,4959.13,703.89
cell_10575,4959.34,2250.25
cell_10576,4959.51,2473.27
cell_10577,4959.62,1950.93
cell_10578,4959.73,162.35
cell_10579,4959.85,267.85
cell_10580,4959.95,2640.38
cell_10581,4960.03,570.51
cell_10582,4960.23,89.3
cell_10583,4960.38,1797.88
cell_10584,4960.41,757.28
cell_10585,4960.83,427.45
cell_10586,4961.04,2164.76
cell_10587,4961.06,846.98
cell_10588,4961.09,203.49
cell_10589,4961.18,811.68
cell_10590,4961.84,736.15
cell_10591,4961.95,583.94
cell_10592,4962.08,230.76
cell_10593,4962.25,894.16
cell_10594,4962.3,1771.04
cell_10595,4962.38,60.25
cell_10596,4962.41,345.46
cell_10597,4962.49,2055.43
cell_10598,4962.54,2456.16
cell_10599,4962.83,2142.98
cell_10600,4962.92,1567.54
cell_10601,4963.48,2539.91
cell_10602,4963.81,638.61
cell_10603,4963.83,2567.01
cell_10604,4963.9,2601.03
cell_10605,4964.54,1919.99
cell_10606,4964.88,933.9
cell_10607,4965.02,461.56
cell_10608,4965.21,297.52
cell_10609,4965.35,1027.95
cell_10610,4965.35,446.62
cell_10611,4965.35,778.62
cell_10612,4965.85,191.31
cell_10613,4966.27,18.51
cell_10614,4966.43,606.85
cell_10615,4966.54,2719.7
cell_10616,4966.73,393.22
cell_10617,4966.86,2176.99
cell_10618,4966.88,566.52
cell_10619,4966.96,472.84
cell_10620,4967.21,406.87
cell_10621,4967.26,148.62
cell_10622,4967.52,961.64
cell_10623,4967.66,1487.95
cell_10624,4968.57,1976.56
cell_10625,4968.57,2002.91
cell_10626,4969.25,709.49
cell_10627,4969.26,99.73
cell_10628,4969.86,502.5
cell_10629,4969.89,1232.84
cell_10630,497.06,1574.43
cell_10631,4970.33,725.22
cell_10632,4970.37,425.05
cell_10633,4970.45,1081.21
cell_10634,4970.5,135.4
cell_10635,4970.52,1275.46
cell_10636,4971.18,2281.96
cell_10637,4971.31,1255.13
cell_10638,4971.51,593.16
cell_10639,4971.52,558.38
cell_10640,4971.54,915.86
cell_10641,4971.83,734.95
cell_10642,4972.77,2634.04
cell_10643,4973.21,578.82
cell_10644,4973.23,2652.41
cell_10645,4973.82,2071.93
cell_10646,4973.83,864.66
cell_10647,4973.85,90.8
cell_10648,4974.05,980.58
cell_10649,4974.36,2458.43
cell_10650,4974.38,56.91
cell_10651,4974.55,516.1
cell_10652,4975.38,650.39
cell_10653,4976.24,2161.64
cell_10654,4976.25,2596.42
cell_10655,4976.55,1818.11
cell_10656,4976.73,1881.83
cell_10657,4976.81,826.35
cell_10658,4976.86,1830.78
cell_10659,4976.88,1738.66
cell_10660,4976.88,1962.44
cell_10661,4977.11,2437.48
cell_10662,4977.34,2113.47
cell_10663,4977.43,748.58
cell_10664,4978.28,1649.87
cell_10665,4978.97,455.34
cell_10666,4979.09,2712.91
cell_10667,4979.53,157.61
cell_10668,4979.66,477.61
cell_10669,4979.73,618.36
cell_10670,4979.97,2669.66
cell_10671,4980.17,2058.48
cell_10672,4980.24,714.79
cell_10673,4980.5,503.38
cell_10674,4980.63,1368.04
cell_10675,4980.63,604.06
cell_10676,4980.79,276.16
cell_10677,4980.9,296.95
cell_10678,4980.94,2732.54
cell_10679,4980.99,18.08
cell_10680,4981.77,2220.82
cell_10681,4982.04,168.06
cell_10682,4982.07,109.29
cell_10683,4982.22,2128.49
cell_10684,4982.24,1973.53
cell_10685,4982.32,1130.98
cell_10686,4982.45,2028.78
cell_10687,4982.81,2488.22
cell_10688,4982.84,413.61
cell_10689,4982.92,661.51
cell_10690,4983,467.06
cell_10691,4983.06,2274.54
cell_10692,4983.67,146.28
cell_10693,4983.71,1803.46
cell_10694,4983.78,1467.2
cell_10695,4984.37,372.65
cell_10696,4984.54,1907.5
cell_10697,4984.54,77.14
cell_10698,4984.9,2005.33
cell_10699,4985.03,2173.15
cell_10700,4985.33,1767.99
cell_10701,4985.36,1390.51
cell_10702,4985.4,428.9
cell_10703,4985.43,2048.92
cell_10704,4985.64,2140.09
cell_10705,4986.19,2566.21
cell_10706,4986.32,535.6
cell_10707,4986.33,512.74
cell_10708,4986.37,1891.46
cell_10709,4986.42,1926.72
cell_10710,4987.27,2637.45
cell_10711,4987.33,1218.56
cell_10712,4987.42,2541.12
cell_10713,4987.45,2608.89
cell_10714,4987.52,767.75
cell_10715,4988.31,2097.19
cell_10716,4988.53,576.66
cell_10717,4989.14,874.68
cell_10718,4989.15,2249.53
cell_10719,4989.24,2594.36
cell_10720,4990.09,479.71
cell_10721,4990.9,2234.15
cell_10722,4991.46,2442.89
cell_10723,4991.71,344.52
cell_10724,4991.73,226.99
cell_10725,4991.89,973.83
cell_10726,4992.2,602.83
cell_10727,4992.22,158.78
cell_10728,4992.34,1528.24
cell_10729,4992.37,667.13
cell_10730,4992.45,630.64
cell_10731,4992.61,89.8
cell_10732,4992.7,2749.81
cell_10733,4992.71,132.04
cell_10734,4992.77,2217.57
cell_10735,4992.9,721.45
cell_10736,4993.07,415.42
cell_10737,4993.09,1981.08
cell_10738,4994.03,952.98
cell_10739,4994.1,649.08
cell_10740,4994.31,2663.86
cell_10741,4994.7,522.39
cell_10742,4994.79,2061.57
cell_10743,4995.12,2280.72
cell_10744,4995.39,439.41
cell_10745,4995.44,294.1
cell_10746,4996.06,533.97
cell_10747,4996.17,2023
cell_10748,4996.44,754.28
cell_10749,4996.61,2083.6
cell_10750,4996.87,2268.58
cell_10751,4996.9,2557.41
cell_10752,4996.96,1166.72
cell_10753,4997.07,2172.24
cell_10754,4997.2,923.12
cell_10755,4997.3,508.07
cell_10756,4997.4,620.03
cell_10757,4997.48,271.3
cell_10758,4997.5,2201.31
cell_10759,4997.59,472.5
cell_10760,4997.64,1950.87
cell_10761,4997.75,364.86
cell_10762,4997.84,1858.17
cell_10763,4998.09,197.9
cell_10764,4998.1,784.81
cell_10765,4998.14,400.62
cell_10766,4998.21,1824.6
cell_10767,4998.32,314.33
cell_10768,4998.34,1074.77
cell_10769,4999.19,1802.85
cell_10770,4999.22,55.28
cell_10771,4999.3,2006.37
cell_10772,4999.34,456.32
cell_10773,4999.92,2643.09
cell_10774,4999.94,2537.94
cell_10775,5000.1,2567.47
cell_10776,5000.18,75.66
cell_10777,5000.34,675.4
cell_10778,5000.69,2488.45
cell_10779,5001.38,1148.18
cell_10780,5001.38,495.92
cell_10781,5001.4,418.84
cell_10782,5002.09,965.52
cell_10783,5002.11,2608.21
cell_10784,5002.3,2726.42
cell_10785,5002.3,730.35
cell_10786,5002.65,2714.69
cell_10787,5002.84,549.78
cell_10788,5002.86,637.75
cell_10789,5003.66,2466.43
cell_10790,5003.7,562.11
cell_10791,5004.01,530.39
cell_10792,5004.94,2740.93
cell_10793,5005.06,812.9
cell_10794,5005.56,663.22
cell_10795,5005.59,142.26
cell_10796,5005.6,389.55
cell_10797,5005.8,2754.21
cell_10798,5005.82,855.84
cell_10799,5006.18,2674.65
cell_10800,5006.29,436.01
cell_10801,5006.48,2260.99
cell_10802,5006.66,2197.25
cell_10803,5007,2212.57
cell_10804,5007.11,67.33
cell_10805,5007.99,2141.98
cell_10806,5007.99,294.99
cell_10807,5007.99,650.87
cell_10808,5008.08,766.71
cell_10809,5008.24,209.4
cell_10810,5008.52,158.21
cell_10811,5008.53,625.49
cell_10812,5008.72,130.23
cell_10813,5008.81,520.61
cell_10814,5009.25,2641.4
cell_10815,5009.3,2160.03
cell_10816,5009.31,1910.54
cell_10817,5009.6,307.83
cell_10818,5009.65,1970.02
cell_10819,5009.94,573.05
cell_10820,5009.95,2244.91
cell_10821,501.42,1397.47
cell_10822,5010.21,2227.07
cell_10823,5010.25,447.92
cell_10824,5010.49,1649
cell_10825,5010.69,2129.24
cell_10826,5010.93,1930.51
cell_10827,5011.42,89.48
cell_10828,5011.44,2657.01
cell_10829,5011.61,346.47
cell_10830,5011.66,789.22
cell_10831,5011.91,2488.45
cell_10832,5011.98,424.77
cell_10833,5012.11,561.42
cell_10834,5012.27,227.08
cell_10835,5012.31,910.98
cell_10836,5012.45,1788.5
cell_10837,5012.87,615.61
cell_10838,5012.99,2045.83
cell_10839,5013.33,465.95
cell_10840,5013.37,510.96
cell_10841,5013.38,683.73
cell_10842,5013.59,582.61
cell_10843,5013.99,1845.27
cell_10844,5014.11,944.72
cell_10845,5014.78,528.81
cell_10846,5015.14,1031.97
cell_10847,5015.17,186.77
cell_10848,5015.23,1767.39
cell_10849,5015.28,105.85
cell_10850,5015.29,749.96
cell_10851,5015.33,2107.51
cell_10852,5015.45,829.25
cell_10853,5015.5,54.56
cell_10854,5015.97,2180.04
cell_10855,5017.9,2461.96
cell_10856,5017.98,2438.46
cell_10857,5018.7,2074.12
cell_10858,5018.71,356.96
cell_10859,5019.19,2738.41
cell_10860,5019.5,151.2
cell_10861,5019.5,196.91
cell_10862,5019.51,653.85
cell_10863,5019.52,2219.66
cell_10864,5019.76,668.04
cell_10865,5020.03,2471.83
cell_10866,5020.14,2767.08
cell_10867,5020.5,338.67
cell_10868,5020.66,97.05
cell_10869,5020.73,319.03
cell_10870,5020.79,2566.36
cell_10871,5021.04,498.33
cell_10872,5021.24,11.16
cell_10873,5021.25,545.19
cell_10874,5021.6,1119.4
cell_10875,5021.64,456.34
cell_10876,5021.77,633.31
cell_10877,5022.28,2259.04
cell_10878,5022.63,2028.03
cell_10879,5022.77,607.52
cell_10880,5022.83,559.72
cell_10881,5022.96,2723.84
cell_10882,5023.02,1832.96
cell_10883,5023.7,1255.61
cell_10884,5024.06,1949.93
cell_10885,5024.21,141.15
cell_10886,5024.58,431.17
cell_10887,5024.72,774.88
cell_10888,5024.97,1802.53
cell_10889,5025.29,482.3
cell_10890,5025.56,284.91
cell_10891,5025.87,787.86
cell_10892,5026.39,2158.85
cell_10893,5026.78,524.97
cell_10894,5026.97,588.58
cell_10895,5027.08,226.33
cell_10896,5027.13,298.37
cell_10897,5027.38,392.72
cell_10898,5028.1,747.06
cell_10899,5028.28,127.14
cell_10900,5028.28,643.47
cell_10901,5028.28,757.96
cell_10902,5028.39,1080.29
cell_10903,5028.7,2208.21
cell_10904,5028.9,2048.08
cell_10905,5028.97,2195.96
cell_10906,5029,1536.05
cell_10907,5029.17,2491.07
cell_10908,5029.66,2616.51
cell_10909,503.52,1490.92
cell_10910,5030.11,188.58
cell_10911,5030.33,508.27
cell_10912,5030.69,1613.88
cell_10913,5030.79,491.24
cell_10914,5031.12,624.42
cell_10915,5031.29,85.7
cell_10916,5031.59,2749.92
cell_10917,5031.93,2236.8
cell_10918,5032.14,672
cell_10919,5032.56,68.74
cell_10920,5032.64,446.39
cell_10921,5032.87,1740.85
cell_10922,5033.22,378.91
cell_10923,5033.3,272.3
cell_10924,5033.33,466.61
cell_10925,5033.5,766.56
cell_10926,5033.87,436.01
cell_10927,5033.9,345.68
cell_10928,5034.77,695.25
cell_10929,5035.72,1772
cell_10930,5036.42,137.8
cell_10931,5036.61,715.57
cell_10932,5036.8,2263.89
cell_10933,5037.01,2223.2
cell_10934,5037.06,208.15
cell_10935,5037.36,558.34
cell_10936,5037.63,48.93
cell_10937,5037.73,305.15
cell_10938,5037.82,293.77
cell_10939,5038.01,357.56
cell_10940,5038.31,1006.5
cell_10941,5038.31,2559.25
cell_10942,5038.53,1910.62
cell_10943,5039.03,1981.95
cell_10944,5039.3,1870.9
cell_10945,5039.32,482.07
cell_10946,5039.39,2117.36
cell_10947,5039.44,2151.42
cell_10948,5039.51,911.86
cell_10949,5039.73,806.75
cell_10950,504.11,1326.12
cell_10951,504.65,1302.88
cell_10952,504.75,1234.26
cell_10953,5040.2,2550.68
cell_10954,5040.33,2382.63
cell_10955,5040.58,2370.68
cell_10956,5041.4,2197.44
cell_10957,5041.47,1822.24
cell_10958,5041.51,2769.84
cell_10959,5041.55,656.11
cell_10960,5041.86,100.88
cell_10961,5041.93,2329.46
cell_10962,5042,2446.17
cell_10963,5042.56,667.54
cell_10964,5042.7,2489.74
cell_10965,5042.7,373.95
cell_10966,5042.72,84.95
cell_10967,5042.8,875.16
cell_10968,5043.03,1198.95
cell_10969,5043.18,780.91
cell_10970,5043.28,2536.87
cell_10971,5043.45,2233.99
cell_10972,5043.48,1923.02
cell_10973,5044.02,2650.68
cell_10974,5044.12,1837.03
cell_10975,5044.23,63.3
cell_10976,5044.26,2761.47
cell_10977,5044.38,968.56
cell_10978,5044.61,1586.18
cell_10979,5044.87,2346.83
cell_10980,5045.46,199.93
cell_10981,5045.65,2091.26
cell_10982,5045.89,706.48
cell_10983,5045.97,1861.17
cell_10984,5046.15,391.11
cell_10985,5046.31,2667.19
cell_10986,5046.99,1086.12
cell_10987,5047.12,153.41
cell_10988,5047.2,282.75
cell_10989,5047.24,791.85
cell_10990,5047.67,638.96
cell_10991,5047.68,2568.07
cell_10992,5047.88,728.26
cell_10993,5047.91,683.69
cell_10994,5048.28,627.5
cell_10995,5048.32,221.78
cell_10996,5048.45,1935.53
cell_10997,5048.56,1056.04
cell_10998,5048.83,2052.3
cell_10999,5049.07,769.02
cell_11000,5049.24,2011.84
cell_11001,5049.27,2140.66
cell_11002,5049.64,2316.51
cell_11003,5049.71,2219.34
cell_11004,5049.79,458.78
cell_11005,5049.85,575.16
cell_11006,5049.91,895.77
cell_11007,505.61,2132.61
cell_11008,5050.39,2686.68
cell_11009,5050.5,752.1
cell_11010,5050.65,715.99
cell_11011,5050.67,941.06
cell_11012,5050.79,80.09
cell_11013,5051.13,2726.96
cell_11014,5051.45,956.14
cell_11015,5051.62,607.72
cell_11016,5051.63,2480.12
cell_11017,5051.68,125.62
cell_11018,5052.02,4.59
cell_11019,5052.31,369.32
cell_11020,5052.87,2368.37
cell_11021,5052.95,482.21
cell_11022,5053.07,312.44
cell_11023,5053.15,2442.62
cell_11024,5053.35,189.18
cell_11025,5054.21,2152.36
cell_11026,5054.48,551.79
cell_11027,5054.79,111.38
cell_11028,5055.2,137.24
cell_11029,5055.61,344.78
cell_11030,5055.62,2620.08
cell_11031,5055.66,811.46
cell_11032,5055.81,983.14
cell_11033,5055.89,1989.61
cell_11034,5056.06,2228.7
cell_11035,5056.47,1855.85
cell_11036,5056.58,2181.49
cell_11037,5056.99,210.92
cell_11038,5057.07,94.87
cell_11039,5057.23,2309.76
cell_11040,5057.42,1919.06
cell_11041,5057.6,1303.36
cell_11042,5057.92,2197.09
cell_11043,5058.35,1963.88
cell_11044,5059.35,672.98
cell_11045,5059.4,639.23
cell_11046,5059.42,733.6
cell_11047,5059.66,1040.85
cell_11048,506.7,1377.99
cell_11049,5060.41,2651.86
cell_11050,5060.42,781.9
cell_11051,5060.92,2472.74
cell_11052,5061.5,71.74
cell_11053,5061.82,2672.8
cell_11054,5062.11,2008.46
cell_11055,5062.14,2538.48
cell_11056,5062.17,762.15
cell_11057,5062.67,2689.58
cell_11058,5062.69,2326.57
cell_11059,5062.7,374.25
cell_11060,5063.27,2773.96
cell_11061,5063.62,854.47
cell_11062,5063.93,1880.26
cell_11063,5064.19,901.27
cell_11064,5064.24,2066.44
cell_11065,5064.27,157.79
cell_11066,5064.56,1651.34
cell_11067,5064.82,742.88
cell_11068,5064.9,702.26
cell_11069,5065.04,1719.34
cell_11070,5065.05,2136.36
cell_11071,5065.14,834.01
cell_11072,5065.31,630.25
cell_11073,5065.45,1016.69
cell_11074,5065.93,2748.84
cell_11075,5066,1847.82
cell_11076,5066.04,283.67
cell_11077,5066.22,295.95
cell_11078,5066.42,143.55
cell_11079,5066.57,2598.97
cell_11080,5066.59,715.39
cell_11081,5066.69,1866.2
cell_11082,5066.94,188.06
cell_11083,5067.1,684.09
cell_11084,5067.12,2087.3
cell_11085,5067.64,2612.32
cell_11086,5067.75,359.61
cell_11087,5067.82,2341.04
cell_11088,5067.82,797.12
cell_11089,5068.08,268.17
cell_11090,5068.59,2157.9
cell_11091,5068.74,1940.54
cell_11092,5068.75,398.02
cell_11093,5069.26,2625.91
cell_11094,5069.31,2106.1
cell_11095,5069.41,2310.95
cell_11096,5069.71,2369.69
cell_11097,5069.83,553.25
cell_11098,5070.2,609.14
cell_11099,5070.58,2474.66
cell_11100,5070.87,2199.97
cell_11101,5070.92,875.15
cell_11102,5071.06,2574.48
cell_11103,5071.56,648.59
cell_11104,5071.98,2215.84
cell_11105,5072.1,2673.24
cell_11106,5073.03,2415.04
cell_11107,5073.27,2030.92
cell_11108,5073.38,1129.4
cell_11109,5073.41,919.22
cell_11110,5073.66,307.15
cell_11111,5073.89,735.63
cell_11112,5073.99,623.01
cell_11113,5074,957.41
cell_11114,5074.71,90.98
cell_11115,5074.92,747.77
cell_11116,5075.01,580.1
cell_11117,5075.09,342.62
cell_11118,5075.87,223.73
cell_11119,5075.92,390.16
cell_11120,5076.08,2270.88
cell_11121,5076.19,2453.51
cell_11122,5076.61,658.69
cell_11123,5076.73,2178.44
cell_11124,5076.8,596.66
cell_11125,5076.95,280.9
cell_11126,5077.13,1163.82
cell_11127,5077.6,2684.33
cell_11128,5077.95,771.1
cell_11129,5078.1,122.35
cell_11130,5078.32,39.68
cell_11131,5078.45,2099.45
cell_11132,5078.68,1871.4
cell_11133,5078.82,316.35
cell_11134,5078.83,2237.97
cell_11135,5078.91,1576.08
cell_11136,5079.57,183.26
cell_11137,5079.66,667.94
cell_11138,5079.74,2489.37
cell_11139,508.52,1044.98
cell_11140,508.81,1283.38
cell_11141,5080.07,1822.89
cell_11142,5080.5,509.74
cell_11143,5080.65,757.5
cell_11144,5080.87,149.01
cell_11145,5081.25,1896.65
cell_11146,5081.3,1642.77
cell_11147,5081.52,1262.67
cell_11148,5081.98,2615.95
cell_11149,5082.01,2223.21
cell_11150,5082.07,2677.38
cell_11151,5082.6,2373.77
cell_11152,5082.73,614.77
cell_11153,5083.23,2304.46
cell_11154,5083.24,2694.48
cell_11155,5083.43,828.4
cell_11156,5083.48,2660.07
cell_11157,5083.48,807.07
cell_11158,5083.55,734.48
cell_11159,5083.76,2417.57
cell_11160,5084.22,704.47
cell_11161,5084.85,955.12
cell_11162,5084.99,719.23
cell_11163,5085.05,2116.69
cell_11164,5085.75,2772.17
cell_11165,5086.56,789.39
cell_11166,5087.07,2348.27
cell_11167,5087.11,376.69
cell_11168,5087.12,632.79
cell_11169,5087.15,875.06
cell_11170,5087.16,2041.76
cell_11171,5087.2,133.17
cell_11172,5087.24,2733.84
cell_11173,5087.74,2130.34
cell_11174,5087.76,343.82
cell_11175,5087.78,1847.44
cell_11176,5087.9,2471.7
cell_11177,5088.14,586.25
cell_11178,5088.15,2007.5
cell_11179,5088.27,66.05
cell_11180,5088.43,2627.92
cell_11181,5088.59,223.11
cell_11182,5089.15,2063.97
cell_11183,5089.33,2268.8
cell_11184,5089.34,504.55
cell_11185,5089.96,2672.88
cell_11186,509.01,2440.86
cell_11187,509.62,1248.86
cell_11188,5090.04,2388.09
cell_11189,5090.08,762.09
cell_11190,5090.34,605.76
cell_11191,5090.38,843.97
cell_11192,5090.99,438.65
cell_11193,5091.09,1870.14
cell_11194,5091.51,1801.96
cell_11195,5091.68,2451.75
cell_11196,5091.91,1173.48
cell_11197,5092.32,903.77
cell_11198,5092.38,523.54
cell_11199,5092.45,144.43
cell_11200,5092.5,2294.84
cell_11201,5092.86,307.14
cell_11202,5093.14,2243.11
cell_11203,5093.28,811.81
cell_11204,5093.9,1065.48
cell_11205,5093.98,268.73
cell_11206,5094.05,87.34
cell_11207,5094.51,2604.22
cell_11208,5094.56,207.29
cell_11209,5095.13,465.93
cell_11210,5095.34,2684.99
cell_11211,5095.75,1964.92
cell_11212,5096.54,2335.6
cell_11213,5096.68,1096.04
cell_11214,5097.22,1469.56
cell_11215,5097.24,681.22
cell_11216,5097.32,367.43
cell_11217,5097.35,2359.97
cell_11218,5097.51,1723.46
cell_11219,5097.81,257.73
cell_11220,5098.17,2401.96
cell_11221,5098.42,2154.32
cell_11222,5098.44,1885.83
cell_11223,5098.62,53.66
cell_11224,5098.68,1900.15
cell_11225,5098.7,1758.74
cell_11226,5099.26,697.84
cell_11227,5099.39,455.82
cell_11228,5099.42,1502.79
cell_11229,5099.56,2226.8
cell_11230,5099.56,868.74
cell_11231,5099.61,514.81
cell_11232,510.67,1350.29
cell_11233,5100.34,389.39
cell_11234,5100.96,2206.38
cell_11235,5101.06,617.92
cell_11236,5101.38,3.92
cell_11237,5102.25,628.55
cell_11238,5102.44,1940.87
cell_11239,5102.7,2481.56
cell_11240,5102.79,76.26
cell_11241,5102.82,120.5
cell_11242,5102.97,181.99
cell_11243,5103.02,2743.64
cell_11244,5103.19,956.73
cell_11245,5103.49,35.57
cell_11246,5103.76,2417.58
cell_11247,5103.77,2325.86
cell_11248,5103.9,1911.33
cell_11249,5103.95,759.57
cell_11250,5104.06,2380.87
cell_11251,5104.09,220.14
cell_11252,5104.09,436.58
cell_11253,5104.24,2190.13
cell_11254,5104.52,662
cell_11255,5105.22,145.44
cell_11256,5105.26,711.3
cell_11257,5105.33,915.5
cell_11258,5105.34,355.93
cell_11259,5105.59,982.07
cell_11260,5105.69,2663.06
cell_11261,5105.69,529.72
cell_11262,5105.92,2697.62
cell_11263,5106.59,639.56
cell_11264,5106.61,894.76
cell_11265,5106.74,2540.2
cell_11266,5107.05,476.62
cell_11267,5107.64,2490.45
cell_11268,5107.78,1257.22
cell_11269,5108.02,2066.21
cell_11270,5108.02,262.79
cell_11271,5108.26,68.92
cell_11272,5108.4,565.25
cell_11273,5108.61,1859.56
cell_11274,5109.01,584.27
cell_11275,5109.03,2616.51
cell_11276,5109.19,132.06
cell_11277,5109.22,690.1
cell_11278,5109.23,2631.04
cell_11279,5109.26,1846
cell_11280,5109.68,2549.94
cell_11281,5109.69,2672.03
cell_11282,5109.73,777.73
cell_11283,5109.75,1800.35
cell_11284,5109.81,2753.17
cell_11285,5109.85,206.71
cell_11286,5109.91,2472.44
cell_11287,5109.93,2166.03
cell_11288,5110.4,84.13
cell_11289,5110.45,2102.57
cell_11290,5110.52,1874.38
cell_11291,5110.67,1990.3
cell_11292,5110.83,1400.62
cell_11293,5111.11,45.29
cell_11294,5111.48,878.54
cell_11295,5111.68,2393.49
cell_11296,5111.75,2355.41
cell_11297,5111.94,931.04
cell_11298,5112,1827
cell_11299,5113.52,340.75
cell_11300,5113.64,301.06
cell_11301,5113.67,2777.03
cell_11302,5113.68,181.91
cell_11303,5114.04,798.74
cell_11304,5114.13,1118.1
cell_11305,5114.27,1574.95
cell_11306,5114.63,2560.7
cell_11307,5114.64,760.97
cell_11308,5114.91,609.26
cell_11309,5114.93,651.92
cell_11310,5115.51,2178.35
cell_11311,5115.55,2117.37
cell_11312,5115.59,825.19
cell_11313,5116.1,37.4
cell_11314,5116.15,2198.28
cell_11315,5116.36,2768.96
cell_11316,5116.49,1185.01
cell_11317,5116.51,362.92
cell_11318,5116.61,2238.56
cell_11319,5117.1,2294.24
cell_11320,5117.16,529.07
cell_11321,5117.19,1902.51
cell_11322,5117.41,570.92
cell_11323,5118.1,433.99
cell_11324,5118.46,1626.42
cell_11325,5118.52,2411.06
cell_11326,5118.65,1068.49
cell_11327,5119.11,635.39
cell_11328,5119.12,473.27
cell_11329,5119.13,711.02
cell_11330,5119.49,2607.51
cell_11331,5119.63,2748.75
cell_11332,5119.98,118.74
cell_11333,512.51,2390.96
cell_11334,5120,289.11
cell_11335,5120.64,2448.96
cell_11336,5120.74,2662.52
cell_11337,5120.83,2482.33
cell_11338,5121.03,2269.04
cell_11339,5121.1,2689.99
cell_11340,5121.2,726.29
cell_11341,5121.31,1039.05
cell_11342,5121.4,2377.9
cell_11343,5121.48,2336.86
cell_11344,5121.53,374.57
cell_11345,5121.77,1971.18
cell_11346,5122.18,2146.65
cell_11347,5122.24,943.17
cell_11348,5122.39,204.5
cell_11349,5122.43,625.35
cell_11350,5122.79,307.57
cell_11351,5122.87,2540.27
cell_11352,5123.16,2361.38
cell_11353,5123.68,598.43
cell_11354,5123.74,2255.36
cell_11355,5123.75,2064.55
cell_11356,5124.42,2701.99
cell_11357,5124.59,2165.8
cell_11358,5124.77,2302.26
cell_11359,5124.9,192.14
cell_11360,5125.07,1725.01
cell_11361,5125.07,2531.35
cell_11362,5125.08,692.07
cell_11363,5125.67,1889.83
cell_11364,5125.73,544.91
cell_11365,5126.41,2679.94
cell_11366,5126.49,1142.45
cell_11367,5126.5,142.55
cell_11368,5126.8,263.97
cell_11369,5127.5,2396.41
cell_11370,5127.61,2319.05
cell_11371,5127.9,343.88
cell_11372,5128.23,583.45
cell_11373,5128.45,2347.52
cell_11374,5128.73,2778.83
cell_11375,5129.21,129.74
cell_11376,5129.49,1094.39
cell_11377,5129.53,2620.88
cell_11378,5129.55,2087.45
cell_11379,5129.79,2106.89
cell_11380,5129.91,2203.83
cell_11381,5130.16,60.06
cell_11382,5130.61,1601.06
cell_11383,5130.69,1769.62
cell_11384,5130.95,471.58
cell_11385,5131.32,969.81
cell_11386,5131.39,484.58
cell_11387,5131.54,726.3
cell_11388,5131.73,2264.59
cell_11389,5131.76,2050.65
cell_11390,5131.79,2413.01
cell_11391,5132.22,2485.47
cell_11392,5132.45,920.98
cell_11393,5132.67,680.94
cell_11394,5133.13,1209.22
cell_11395,5133.3,69.37
cell_11396,5133.38,1988.08
cell_11397,5133.43,761.4
cell_11398,5133.6,612.06
cell_11399,5133.73,446.56
cell_11400,5133.74,2180.84
cell_11401,5133.86,2555.69
cell_11402,5134.19,436.73
cell_11403,5134.21,384.13
cell_11404,5134.45,2662.37
cell_11405,5134.78,270.4
cell_11406,5134.78,540.47
cell_11407,5135.1,2749.38
cell_11408,5135.21,830.23
cell_11409,5135.25,2295.9
cell_11410,5135.33,805.25
cell_11411,5135.35,1832.86
cell_11412,5135.65,568.61
cell_11413,5136.09,303.57
cell_11414,5137.4,35.29
cell_11415,5137.43,1551.7
cell_11416,5137.5,2634.02
cell_11417,5138.19,180.2
cell_11418,5138.38,2235.02
cell_11419,5138.59,717.45
cell_11420,5138.63,628.35
cell_11421,5138.66,1910.6
cell_11422,5138.82,2171.73
cell_11423,5138.87,2257.87
cell_11424,5138.87,591.13
cell_11425,5139.83,2359.11
cell_11426,5139.88,79.98
cell_11427,5139.95,1035.81
cell_11428,514.66,1513.39
cell_11429,5140.05,204.79
cell_11430,5140.7,2548.24
cell_11431,5141.02,1110.94
cell_11432,5141.5,876.88
cell_11433,5141.97,116.3
cell_11434,5141.99,1517.13
cell_11435,5142.45,2609.41
cell_11436,5142.56,2222.08
cell_11437,5142.84,2683.93
cell_11438,5142.86,2308.61
cell_11439,5143.27,2129.26
cell_11440,5143.43,44.58
cell_11441,5143.51,2390.48
cell_11442,5143.6,535.44
cell_11443,5144.14,735.71
cell_11444,5144.27,476.99
cell_11445,5145.07,679.13
cell_11446,5145.11,2754.38
cell_11447,5145.37,1851.54
cell_11448,5145.52,1878.88
cell_11449,5145.57,439.96
cell_11450,5145.65,2538.49
cell_11451,5145.75,2407.33
cell_11452,5145.77,1771.49
cell_11453,5145.96,188.04
cell_11454,5146.27,1311.48
cell_11455,5146.27,2201.88
cell_11456,5146.99,217.66
cell_11457,5147.06,463.04
cell_11458,5147.24,2298.51
cell_11459,5147.27,854.04
cell_11460,5147.38,1943.66
cell_11461,5147.99,2473.55
cell_11462,5148.05,654.7
cell_11463,5148.2,1638.28
cell_11464,5148.23,711.86
cell_11465,5148.41,2703.96
cell_11466,5148.46,779.11
cell_11467,5148.52,761.05
cell_11468,5149.26,929.65
cell_11469,5149.27,367.53
cell_11470,5149.34,2494.39
cell_11471,5149.36,987.25
cell_11472,5149.72,2266.38
cell_11473,5149.79,2064.49
cell_11474,515.26,1213.09
cell_11475,5150.58,2672.4
cell_11476,5150.59,71.91
cell_11477,5151.09,301.33
cell_11478,5151.16,586.28
cell_11479,5151.56,942.98
cell_11480,5151.77,51.48
cell_11481,5151.95,2451.82
cell_11482,5151.97,1889.39
cell_11483,5152,732.83
cell_11484,5152.14,131.58
cell_11485,5152.33,798.74
cell_11486,5152.62,2289.65
cell_11487,5152.69,2626.7
cell_11488,5152.85,2692.12
cell_11489,5153.08,206.48
cell_11490,5153.18,2765.66
cell_11491,5153.19,488.65
cell_11492,5153.29,499.95
cell_11493,5153.45,180.5
cell_11494,5154.09,2368.34
cell_11495,5154.19,287.64
cell_11496,5154.23,2095.08
cell_11497,5154.93,2167.82
cell_11498,5155.05,2217.41
cell_11499,5155.06,746.33
cell_11500,5155.17,693.04
cell_11501,5156.18,560.46
cell_11502,5156.31,1964.09
cell_11503,5156.48,595.81
cell_11504,5156.74,2411.31
cell_11505,5156.94,58.8
cell_11506,5157.05,40.65
cell_11507,5157.08,123.28
cell_11508,5157.4,458.25
cell_11509,5157.98,1981.16
cell_11510,5158.21,471.36
cell_11511,5158.29,2682.53
cell_11512,5158.39,1203.79
cell_11513,5158.39,2785.09
cell_11514,5158.5,1946.15
cell_11515,5158.98,791.23
cell_11516,5159.38,273.31
cell_11517,5159.62,2009.99
cell_11518,5159.71,2612.02
cell_11519,516.08,1331.8
cell_11520,5160.28,2285.94
cell_11521,5160.33,577.77
cell_11522,5160.67,2637.87
cell_11523,5160.74,2246.19
cell_11524,5161.07,905.08
cell_11525,5161.13,677.51
cell_11526,5161.4,110.55
cell_11527,5161.43,1907.54
cell_11528,5161.7,145.58
cell_11529,5162.05,1130.01
cell_11530,5162.76,371.68
cell_11531,5162.82,263
cell_11532,5162.99,2554.96
cell_11533,5163.2,548.18
cell_11534,5163.2,715.56
cell_11535,5163.26,884.49
cell_11536,5163.6,2125.08
cell_11537,5163.91,835.59
cell_11538,5163.93,2478.08
cell_11539,5164.23,2047.21
cell_11540,5164.55,2160.48
cell_11541,5164.86,349.85
cell_11542,5164.93,225.6
cell_11543,5165.53,2206.56
cell_11544,5165.85,2761.98
cell_11545,5166.07,464.08
cell_11546,5166.63,1988.54
cell_11547,5167.16,382.84
cell_11548,5167.43,1085.98
cell_11549,5167.71,336.43
cell_11550,5167.83,736.8
cell_11551,5167.99,1577.75
cell_11552,5167.99,450.97
cell_11553,5168.29,858.65
cell_11554,5168.42,1480.05
cell_11555,5168.54,486.14
cell_11556,5168.66,2282.11
cell_11557,5168.92,1938.1
cell_11558,5169.3,2689.12
cell_11559,5169.33,303.65
cell_11560,5169.38,2232.15
cell_11561,5169.59,1810.57
cell_11562,5169.79,2263.93
cell_11563,5169.81,944.58
cell_11564,5169.99,2332.8
cell_11565,5170.18,1900.45
cell_11566,5170.43,2548.51
cell_11567,5170.6,922.95
cell_11568,5171.01,2320.51
cell_11569,5171.17,2707.76
cell_11570,5171.27,2371.27
cell_11571,5171.31,1553.25
cell_11572,5171.76,703.43
cell_11573,5171.79,1856.07
cell_11574,5171.82,814.34
cell_11575,5172.01,28.4
cell_11576,5172.03,2358.3
cell_11577,5172.07,131.05
cell_11578,5172.11,2669.68
cell_11579,5172.18,2539.56
cell_11580,5172.27,614.82
cell_11581,5172.5,2071.67
cell_11582,5172.7,2019.71
cell_11583,5172.84,1506.37
cell_11584,5172.88,2463.63
cell_11585,5173.01,799.95
cell_11586,5173.18,555.31
cell_11587,5173.91,600.55
cell_11588,5174.05,2625.79
cell_11589,5174.4,589.55
cell_11590,5174.43,1914.95
cell_11591,5174.94,2403.95
cell_11592,5175.46,998.18
cell_11593,5175.58,2497.93
cell_11594,5175.7,59.98
cell_11595,5175.76,181
cell_11596,5176.06,1792.8
cell_11597,5176.19,1886.8
cell_11598,5176.25,119.34
cell_11599,5176.39,767.53
cell_11600,5176.75,1253.81
cell_11601,5176.82,2304.15
cell_11602,5176.98,2340.72
cell_11603,5177.07,2486.7
cell_11604,5177.1,2156.45
cell_11605,5177.16,2694.8
cell_11606,5177.27,360.49
cell_11607,5177.55,44.77
cell_11608,5177.67,2382.21
cell_11609,5177.8,2614.53
cell_11610,5178.36,2392.56
cell_11611,5178.51,824.79
cell_11612,5178.7,2131.25
cell_11613,5178.95,541.78
cell_11614,5179.02,259.91
cell_11615,5179.61,722.38
cell_11616,5179.68,345.96
cell_11617,518.23,1442.94
cell_11618,5180.08,1923.32
cell_11619,5180.3,78.74
cell_11620,5180.4,2092.51
cell_11621,5180.84,2174.07
cell_11622,5180.87,293.09
cell_11623,5180.88,575.72
cell_11624,5181.04,2045.27
cell_11625,5181.35,2326.64
cell_11626,5181.44,2287.69
cell_11627,5181.58,2255.58
cell_11628,5181.67,2474.59
cell_11629,5181.89,2189.4
cell_11630,5182.15,616.68
cell_11631,5182.18,1875.81
cell_11632,5182.29,691.83
cell_11633,5182.62,473.33
cell_11634,5182.64,666.06
cell_11635,5182.69,1436.06
cell_11636,5183.3,2353.12
cell_11637,5183.53,1812.78
cell_11638,5183.54,1962.98
cell_11639,5183.79,2224.05
cell_11640,5184,2202.38
cell_11641,5184.67,2372.7
cell_11642,5184.77,2767.95
cell_11643,5184.8,1200.73
cell_11644,5185.27,378.45
cell_11645,5185.33,2016.41
cell_11646,5185.41,748.84
cell_11647,5185.53,1684.97
cell_11648,5185.61,2537.8
cell_11649,5185.61,872.41
cell_11650,5185.63,556.42
cell_11651,5185.85,127.77
cell_11652,5186.04,2683.25
cell_11653,5187.46,1904.24
cell_11654,5187.54,2630.27
cell_11655,5187.69,891.56
cell_11656,5187.73,111.61
cell_11657,5187.87,2079.08
cell_11658,5188.61,2113.4
cell_11659,5188.73,592
cell_11660,5188.8,175.53
cell_11661,5189.19,1019.53
cell_11662,5189.75,28.38
cell_11663,5190.15,606.54
cell_11664,5191.03,825.63
cell_11665,5191.07,2283.07
cell_11666,5191.26,2306.89
cell_11667,5191.89,624.42
cell_11668,5192.18,1859.33
cell_11669,5192.25,2343.34
cell_11670,5192.45,533.17
cell_11671,5192.49,153.36
cell_11672,5192.67,2268.41
cell_11673,5192.8,2404.5
cell_11674,5193.02,2327.45
cell_11675,5193.06,952.25
cell_11676,5193.15,2715.2
cell_11677,5193.21,37.81
cell_11678,5193.51,2698.65
cell_11679,5193.59,651.14
cell_11680,5193.72,2566.91
cell_11681,5193.73,1943.43
cell_11682,5194.07,1973.4
cell_11683,5194.18,1048.47
cell_11684,5194.19,59.42
cell_11685,5194.38,1628.34
cell_11686,5194.42,144.95
cell_11687,5194.72,2641.6
cell_11688,5195.34,2255.91
cell_11689,5195.69,284.91
cell_11690,5195.88,2458.02
cell_11691,5195.93,2553.06
cell_11692,5196.11,363.13
cell_11693,5196.34,2364.09
cell_11694,5196.65,181.64
cell_11695,5197,1384.73
cell_11696,5197.02,262.58
cell_11697,5197.04,564.26
cell_11698,5197.12,2385.79
cell_11699,5197.24,1925.9
cell_11700,5197.7,794.52
cell_11701,5198.08,2760.22
cell_11702,5198.13,2495.66
cell_11703,5198.27,345.26
cell_11704,5198.48,2770.12
cell_11705,5198.62,747.76
cell_11706,5199.04,2076.62
cell_11707,5199.05,553.01
cell_11708,5199.96,1900.38
cell_11709,5199.98,372.83
cell_11710,520.46,1298.26
cell_11711,520.78,1359.56
cell_11712,5200.11,587.68
cell_11713,5200.22,674.87
cell_11714,5200.27,724.77
cell_11715,5200.8,524.54
cell_11716,5200.89,127.69
cell_11717,5201.17,1788.89
cell_11718,5201.3,2226.77
cell_11719,5201.38,73.91
cell_11720,5201.41,2315.69
cell_11721,5201.58,1079.6
cell_11722,5201.65,1887.73
cell_11723,5202.16,2349.7
cell_11724,5202.57,216.99
cell_11725,5202.57,2378.34
cell_11726,5202.68,2396.66
cell_11727,5202.77,2448.27
cell_11728,5203.34,1589.03
cell_11729,5203.46,1008.13
cell_11730,5203.56,1718.44
cell_11731,5204.08,609.53
cell_11732,5204.65,2783.46
cell_11733,5204.94,2056.48
cell_11734,5205.02,661.59
cell_11735,5205.1,1248.93
cell_11736,5205.41,2194.91
cell_11737,5205.57,2294.11
cell_11738,5205.76,769.85
cell_11739,5205.77,2261.4
cell_11740,5205.84,1845.15
cell_11741,5206.12,982.64
cell_11742,5206.32,993.7
cell_11743,5206.58,2480.6
cell_11744,5207.14,1056.07
cell_11745,5207.19,629.59
cell_11746,5207.71,280.37
cell_11747,5207.74,26.93
cell_11748,5207.9,2627.27
cell_11749,5207.91,1184.08
cell_11750,5208.15,1827.88
cell_11751,5208.25,2614.85
cell_11752,5208.48,2549.2
cell_11753,5208.5,1865.75
cell_11754,5208.55,1098.36
cell_11755,5208.65,335.54
cell_11756,5208.8,293.02
cell_11757,5209.41,2247.92
cell_11758,5209.55,537.69
cell_11759,5210.2,2492.16
cell_11760,5210.75,351.21
cell_11761,5210.77,2457.38
cell_11762,5211,859.67
cell_11763,5211.06,901.68
cell_11764,5211.27,196.76
cell_11765,5211.29,2791.14
cell_11766,5211.41,48.4
cell_11767,5211.58,2166.27
cell_11768,5212.03,1018.99
cell_11769,5212.34,138.84
cell_11770,5212.57,2394.33
cell_11771,5212.61,423.04
cell_11772,5212.66,574.91
cell_11773,5212.9,36.84
cell_11774,5213.19,2282.41
cell_11775,5213.45,267.88
cell_11776,5213.73,1771.65
cell_11777,5214.54,942.96
cell_11778,5214.58,2761.48
cell_11779,5214.69,1497.61
cell_11780,5214.85,2347.07
cell_11781,5214.94,1913.09
cell_11782,5215.58,884.24
cell_11783,5215.79,110.06
cell_11784,5216.32,2375.47
cell_11785,5216.46,406.71
cell_11786,5216.84,922.67
cell_11787,5217.09,2642.26
cell_11788,5217.14,473.69
cell_11789,5217.49,2240.63
cell_11790,5217.68,2125.42
cell_11791,5218.22,548.7
cell_11792,5218.45,486.52
cell_11793,5218.52,703.13
cell_11794,5218.89,463.14
cell_11795,5219.05,2569.36
cell_11796,5219.46,182.41
cell_11797,5219.51,823.32
cell_11798,5219.57,638.18
cell_11799,5219.74,1258.43
cell_11800,522.66,1553.63
cell_11801,5220.04,840.25
cell_11802,5220.06,2474.83
cell_11803,5220.08,2359.68
cell_11804,5220.38,582.63
cell_11805,5220.56,2308.06
cell_11806,5220.92,148.87
cell_11807,5221.1,1992.06
cell_11808,5221.12,747.52
cell_11809,5221.2,2063.19
cell_11810,5221.42,2539.16
cell_11811,5221.51,371.96
cell_11812,5221.72,1389.72
cell_11813,5221.91,604.32
cell_11814,5221.97,784.6
cell_11815,5223.34,2489.24
cell_11816,5223.38,312.53
cell_11817,5223.54,2207.7
cell_11818,5224.45,2795.95
cell_11819,5224.62,2139.97
cell_11820,5224.81,726.13
cell_11821,5225.07,2464.74
cell_11822,5225.35,1558.21
cell_11823,5225.67,504.9
cell_11824,5226.97,125.53
cell_11825,5227.25,2294.82
cell_11826,5227.7,2388.09
cell_11827,5228,2708.86
cell_11828,5228.16,2563.1
cell_11829,5228.35,885.52
cell_11830,5228.38,1041.47
cell_11831,5228.44,2774.17
cell_11832,5228.46,2156.62
cell_11833,5228.63,273.44
cell_11834,5228.68,2784.21
cell_11835,5228.99,446.53
cell_11836,5228.99,547.69
cell_11837,5229.17,1857.52
cell_11838,5229.18,908.82
cell_11839,5229.47,57.48
cell_11840,5229.69,1172.65
cell_11841,5229.87,216.72
cell_11842,5229.88,2482.11
cell_11843,523.43,1603.41
cell_11844,5230.12,1883.06
cell_11845,5230.32,2073.55
cell_11846,5230.39,853.98
cell_11847,5230.47,2307.99
cell_11848,5230.68,597.97
cell_11849,5230.89,417.76
cell_11850,5230.9,584.04
cell_11851,5230.94,761.23
cell_11852,5230.96,2615.06
cell_11853,5231.31,2278.42
cell_11854,5231.34,2329.18
cell_11855,5231.45,2628.56
cell_11856,5231.86,24
cell_11857,5232.03,2678.81
cell_11858,5232.07,2357.55
cell_11859,5232.35,489.83
cell_11860,5233.04,957.88
cell_11861,5233.13,464.16
cell_11862,5233.33,1993.85
cell_11863,5233.84,174.95
cell_11864,5233.88,2548.45
cell_11865,5234.05,703
cell_11866,5234.15,561.21
cell_11867,5234.97,257.81
cell_11868,5235.11,2691.95
cell_11869,5235.47,1014.25
cell_11870,5235.91,2761.23
cell_11871,5235.97,396.37
cell_11872,5236.46,292.5
cell_11873,5236.54,1069.37
cell_11874,5236.76,925.9
cell_11875,5236.9,2265.24
cell_11876,5237.16,1214.14
cell_11877,5237.51,142.55
cell_11878,5237.57,2127.34
cell_11879,5237.85,46.11
cell_11880,5238.13,1895.28
cell_11881,5238.18,438.11
cell_11882,5238.27,1923.56
cell_11883,5238.56,116.29
cell_11884,5238.58,104.88
cell_11885,5238.58,2712.25
cell_11886,5239.02,2013.92
cell_11887,5239.55,2534.37
cell_11888,5239.6,33.21
cell_11889,5239.81,603.41
cell_11890,5239.9,1714.25
cell_11891,5239.9,2644.73
cell_11892,524.4,1263.44
cell_11893,5240.03,2387.38
cell_11894,5240.14,502.75
cell_11895,5240.2,2451.11
cell_11896,5240.42,2345.19
cell_11897,5240.77,2370.68
cell_11898,5240.8,2173.31
cell_11899,5241.28,406.83
cell_11900,5241.9,1862.8
cell_11901,5242.04,2559.96
cell_11902,5242.15,1943.14
cell_11903,5242.53,2248.85
cell_11904,5242.57,567.31
cell_11905,5242.78,200.96
cell_11906,5242.86,2801.23
cell_11907,5243.06,721.96
cell_11908,5243.49,1340.58
cell_11909,5243.61,2108.22
cell_11910,5244.29,646.38
cell_11911,5244.65,1960.9
cell_11912,5244.97,2330.97
cell_11913,5245.03,2361.21
cell_11914,5245.26,576.51
cell_11915,5245.28,1138.19
cell_11916,5245.36,2617.56
cell_11917,5245.54,608.21
cell_11918,5246.17,451.88
cell_11919,5246.43,23.28
cell_11920,5246.44,2467.51
cell_11921,5246.55,189.55
cell_11922,5246.69,179.03
cell_11923,5247.16,759.83
cell_11924,5247.29,2025.51
cell_11925,5247.66,468.15
cell_11926,5247.74,2792.24
cell_11927,5247.93,1837.2
cell_11928,5248.12,2488.49
cell_11929,5248.31,1040.64
cell_11930,5248.45,850.64
cell_11931,5248.49,899.53
cell_11932,5248.75,2678.43
cell_11933,5249.32,2770.1
cell_11934,5249.36,1101.79
cell_11935,5249.55,57.12
cell_11936,5249.57,1908.62
cell_11937,5249.68,588.98
cell_11938,525.1,2131.57
cell_11939,5250.31,707.79
cell_11940,5250.4,47.27
cell_11941,5250.94,663.46
cell_11942,5251.35,2298.69
cell_11943,5251.54,787.04
cell_11944,5251.9,1008.56
cell_11945,5252.41,2381.99
cell_11946,5252.79,2111.58
cell_11947,5253,2285.48
cell_11948,5253.06,1184.35
cell_11949,5253.47,33.58
cell_11950,5253.47,934.36
cell_11951,5253.68,2224.16
cell_11952,5253.69,1375.56
cell_11953,5253.84,2154.67
cell_11954,5253.97,734.52
cell_11955,5254.21,218.53
cell_11956,5254.22,290.47
cell_11957,5254.27,2778.65
cell_11958,5254.28,630.73
cell_11959,5254.5,2351.61
cell_11960,5254.75,1502.79
cell_11961,5254.76,531.91
cell_11962,5254.83,910.27
cell_11963,5255.07,2363.21
cell_11964,5255.13,319.01
cell_11965,5255.66,1065.98
cell_11966,5255.67,1769.15
cell_11967,5255.82,462.86
cell_11968,5255.92,2237.5
cell_11969,5256.1,820.1
cell_11970,5256.15,2265.16
cell_11971,5256.18,604.23
cell_11972,5256.63,1870.58
cell_11973,5256.75,393.87
cell_11974,5256.76,649.12
cell_11975,5256.9,2541.87
cell_11976,5257.27,447.74
cell_11977,5257.4,1753.19
cell_11978,5257.48,722.58
cell_11979,5258.12,514.23
cell_11980,5258.18,2697.64
cell_11981,5258.39,2612.04
cell_11982,5258.96,2462.35
cell_11983,5259.05,46.01
cell_11984,5259.26,675.98
cell_11985,5259.36,352.69
cell_11986,5259.46,127.67
cell_11987,5259.67,432.82
cell_11988,5259.67,504.73
cell_11989,526.44,1385.2
cell_11990,5260.34,846.02
cell_11991,5261.01,143.09
cell_11992,5261.38,1930.92
cell_11993,5261.49,178.19
cell_11994,5261.6,522.08
cell_11995,5261.93,928.95
cell_11996,5262.12,208.47
cell_11997,5262.32,473.9
cell_11998,5262.68,105.78
cell_11999,5262.78,2453.59
cell_12000,5262.83,117.09
cell_12001,5263.42,256.6
cell_12002,5263.67,2125.61
cell_12003,5264.02,1907.91
cell_12004,5264.04,2183.54
cell_12005,5264.13,71.33
cell_12006,5264.65,416.32
cell_12007,5264.88,2377.94
cell_12008,5265.1,786.91
cell_12009,5265.35,696.54
cell_12010,5265.69,2568.06
cell_12011,5265.89,2295.43
cell_12012,5266.11,2676.38
cell_12013,5266.16,2200.26
cell_12014,5266.26,2330.9
cell_12015,5266.26,2797.15
cell_12016,5266.43,752.61
cell_12017,5266.62,2714.97
cell_12018,5266.63,2533.5
cell_12019,5266.74,831.87
cell_12020,5267,2078.01
cell_12021,5267.29,539.93
cell_12022,5267.52,2166.98
cell_12023,5267.59,446.67
cell_12024,5267.87,616.66
cell_12025,5268.09,197.99
cell_12026,5268.52,390.05
cell_12027,5268.83,366.45
cell_12028,5269.54,1841.29
cell_12029,5269.94,2550.84
cell_12030,5270.41,483.91
cell_12031,5270.41,736.88
cell_12032,5270.79,2470.66
cell_12033,5270.88,1099.29
cell_12034,5271.2,2053.69
cell_12035,5271.44,509.42
cell_12036,5271.54,1827.4
cell_12037,5271.54,760.89
cell_12038,5271.74,682.74
cell_12039,5271.85,401.56
cell_12040,5272.04,431.41
cell_12041,5272.4,1280.57
cell_12042,5272.66,529.06
cell_12043,5273,845.14
cell_12044,5273.42,664.79
cell_12045,5273.43,813.54
cell_12046,5273.44,105.37
cell_12047,5273.52,2447.45
cell_12048,5273.62,1958.5
cell_12049,5273.94,2487.69
cell_12050,5273.97,2134.85
cell_12051,5274.17,2636.74
cell_12052,5274.89,648.73
cell_12053,5274.91,2314.34
cell_12054,5275.21,1891.61
cell_12055,5275.43,493.25
cell_12056,5275.57,1777.98
cell_12057,5275.8,1980
cell_12058,5275.82,287.91
cell_12059,5275.88,115.6
cell_12060,5275.94,1947.88
cell_12061,5275.95,2176.05
cell_12062,5276.03,2342.88
cell_12063,5276.4,470.08
cell_12064,5276.82,274.2
cell_12065,5276.84,2627.39
cell_12066,5276.98,962.9
cell_12067,5277.08,517.58
cell_12068,5277.1,2235.93
cell_12069,5277.12,40.41
cell_12070,5277.3,2766.84
cell_12071,5277.44,374.05
cell_12072,5277.51,790.77
cell_12073,5277.88,443.37
cell_12074,5278.33,1726.15
cell_12075,5278.35,1014.63
cell_12076,5278.41,1030.17
cell_12077,5278.68,639.36
cell_12078,5278.76,550.16
cell_12079,5279.25,258.01
cell_12080,5279.32,24.73
cell_12081,5279.76,2616.77
cell_12082,5280.04,727.47
cell_12083,5280.56,454.78
cell_12084,5280.9,2091.48
cell_12085,5280.91,221.61
cell_12086,5281.02,755.72
cell_12087,5281.28,1359.18
cell_12088,5281.32,2699.67
cell_12089,5281.5,1990.82
cell_12090,5281.91,2321.23
cell_12091,5282.11,779.9
cell_12092,5282.52,2709.37
cell_12093,5282.54,705.92
cell_12094,5282.55,414.17
cell_12095,5282.95,2361.6
cell_12096,5283.06,2148.07
cell_12097,5283.07,651.49
cell_12098,5283.1,2009.11
cell_12099,5283.28,388.02
cell_12100,5283.55,1868.51
cell_12101,5284.35,2686.31
cell_12102,5284.62,824.14
cell_12103,5284.81,69.06
cell_12104,5284.96,561.23
cell_12105,5285.19,129.2
cell_12106,5285.24,2290.59
cell_12107,5285.29,849.7
cell_12108,5285.3,502.13
cell_12109,5285.4,2025.05
cell_12110,5285.67,671.1
cell_12111,5285.94,119.01
cell_12112,5286.09,51.13
cell_12113,5286.38,524.31
cell_12114,5286.56,1065.3
cell_12115,5286.58,470.42
cell_12116,5286.59,2775.36
cell_12117,5286.99,2441.57
cell_12118,5286.99,2458.14
cell_12119,5286.99,2804.17
cell_12120,5287.11,2467.3
cell_12121,5287.11,2572.05
cell_12122,5287.17,693.84
cell_12123,5287.63,2791.69
cell_12124,5287.64,1044.13
cell_12125,5287.65,902.07
cell_12126,5287.66,189.79
cell_12127,5287.66,2162.58
cell_12128,5287.96,919.8
cell_12129,5288.11,2723.31
cell_12130,5288.18,486.37
cell_12131,5288.19,2488.51
cell_12132,5288.5,337.36
cell_12133,5288.67,679.57
cell_12134,5288.86,358.59
cell_12135,5289.12,2695.01
cell_12136,5289.23,2626.05
cell_12137,5289.43,881.05
cell_12138,5289.61,261.61
cell_12139,5289.65,2478.99
cell_12140,5289.8,940.35
cell_12141,529.7,1326.66
cell_12142,5291.68,2322.63
cell_12143,5291.69,1276.25
cell_12144,5291.77,428.58
cell_12145,5291.89,2355.03
cell_12146,5291.9,546.92
cell_12147,5292.07,1915.46
cell_12148,5292.26,180.53
cell_12149,5292.9,214.76
cell_12150,5293.11,2208.43
cell_12151,5293.26,1938.66
cell_12152,5293.61,2245
cell_12153,5293.61,711.4
cell_12154,5293.62,758.25
cell_12155,5294.05,775.41
cell_12156,5294.16,1117.64
cell_12157,5294.85,141.3
cell_12158,5294.97,2533.84
cell_12159,5295.8,1804.54
cell_12160,5295.86,979.14
cell_12161,5295.93,2198.14
cell_12162,5295.97,203.07
cell_12163,5296.46,468.28
cell_12164,5296.47,273.83
cell_12165,5296.64,2024.69
cell_12166,5297.08,686.93
cell_12167,5297.27,2614.69
cell_12168,5297.3,1003.14
cell_12169,5297.37,489.42
cell_12170,5298.02,1967.83
cell_12171,5298.17,454.29
cell_12172,5299.14,411.93
cell_12173,5299.41,2691.18
cell_12174,5299.44,2722.27
cell_12175,5299.45,2468.14
cell_12176,5299.6,2343.85
cell_12177,530.9,1227.14
cell_12178,5300.59,31.94
cell_12179,5300.63,478.03
cell_12180,5300.83,508.42
cell_12181,5300.97,252.74
cell_12182,5301.09,731.02
cell_12183,5301.14,794.73
cell_12184,5301.24,531.04
cell_12185,5301.3,1850.25
cell_12186,5301.44,2807.23
cell_12187,5301.48,397.54
cell_12188,5301.49,104.69
cell_12189,5301.56,808.47
cell_12190,5301.71,951.57
cell_12191,5302.25,2294.03
cell_12192,5302.49,2140.72
cell_12193,5302.66,2309.01
cell_12194,5302.8,557.64
cell_12195,5302.81,2112.51
cell_12196,5302.9,912.34
cell_12197,5302.93,133.57
cell_12198,5302.94,2064.29
cell_12199,5303.53,740.93
cell_12200,5303.63,496.57
cell_12201,5303.65,2646.01
cell_12202,5303.72,432.64
cell_12203,5303.77,849.28
cell_12204,5304.18,704.02
cell_12205,5304.23,314.55
cell_12206,5304.32,20.15
cell_12207,5304.47,2173.53
cell_12208,5304.94,2007.95
cell_12209,5305.33,69.31
cell_12210,5306.28,1833.54
cell_12211,5306.35,2444.25
cell_12212,5306.39,1162.61
cell_12213,5306.42,2076.22
cell_12214,5306.93,1358.06
cell_12215,5306.95,451.69
cell_12216,5307.69,383.33
cell_12217,5308.13,1027.48
cell_12218,5308.36,1939.75
cell_12219,5308.43,469.36
cell_12220,5308.5,835.56
cell_12221,5308.59,2787.15
cell_12222,5309.04,41.01
cell_12223,5310.66,757.76
cell_12224,5310.9,1065.17
cell_12225,5311.46,2700.96
cell_12226,5311.59,2162.64
cell_12227,5311.8,183.33
cell_12228,5311.93,268.69
cell_12229,5312.77,2613.01
cell_12230,5313.04,737.73
cell_12231,5313.26,1911.8
cell_12232,5313.32,2290.55
cell_12233,5313.34,823.79
cell_12234,5313.55,193.09
cell_12235,5313.77,711.94
cell_12236,5314.02,728.97
cell_12237,5314.18,493.61
cell_12238,5314.34,777.28
cell_12239,5315,534.94
cell_12240,5315.29,2202.8
cell_12241,5315.56,2273.02
cell_12242,5315.64,510.36
cell_12243,5315.84,2059.8
cell_12244,5315.85,443.78
cell_12245,5316,2456.38
cell_12246,5316.03,430.31
cell_12247,5316.4,1113.78
cell_12248,5316.48,2253.6
cell_12249,5316.63,2241.89
cell_12250,5316.63,2723.09
cell_12251,5316.65,47.95
cell_12252,5316.83,2222.72
cell_12253,5317.03,478.12
cell_12254,5317.21,391.65
cell_12255,5317.24,563.51
cell_12256,5317.51,1982.02
cell_12257,5317.66,791.27
cell_12258,5317.81,2183.29
cell_12259,5317.93,2802.94
cell_12260,5318.03,2303.13
cell_12261,5318.11,2712.56
cell_12262,5318.11,546.98
cell_12263,5318.18,210.03
cell_12264,5318.53,2137.93
cell_12265,5318.75,2791.37
cell_12266,5319.01,2635.33
cell_12267,5320.04,2325.17
cell_12268,5320.1,141.74
cell_12269,5320.14,843.04
cell_12270,5320.34,410.26
cell_12271,5320.44,808.36
cell_12272,5320.53,2617.39
cell_12273,5320.55,572.28
cell_12274,5320.7,2549.79
cell_12275,5320.91,358.69
cell_12276,5321.37,1960.27
cell_12277,5321.74,114.73
cell_12278,5322,859.6
cell_12279,5322.19,2155.91
cell_12280,5322.22,752.2
cell_12281,5322.77,1866.12
cell_12282,5323.01,497.88
cell_12283,5323.22,200.37
cell_12284,5323.25,2098.83
cell_12285,5323.37,2534.04
cell_12286,5323.42,607.5
cell_12287,5323.64,952.36
cell_12288,5323.67,32.12
cell_12289,5323.84,525.08
cell_12290,5323.86,177.46
cell_12291,5323.98,367.63
cell_12292,5324.29,2122.17
cell_12293,5325.01,1021.84
cell_12294,5325.01,772.93
cell_12295,5325.3,643.32
cell_12296,5325.47,1406.27
cell_12297,5325.79,912.59
cell_12298,5325.95,382.06
cell_12299,5325.98,1231.82
cell_12300,5326.44,799.82
cell_12301,5326.52,2780.31
cell_12302,5326.7,2689.15
cell_12303,5327.04,443.76
cell_12304,5327.39,542.31
cell_12305,5327.5,215.17
cell_12306,5327.57,2807.05
cell_12307,5327.58,268.92
cell_12308,5327.95,2019.78
cell_12309,5327.97,2322.17
cell_12310,5328.01,456.25
cell_12311,5328.52,2471.85
cell_12312,5328.57,2458.55
cell_12313,5328.69,467.29
cell_12314,5328.76,1982.76
cell_12315,5329.07,629.77
cell_12316,5329.43,102.65
cell_12317,5329.56,2306.66
cell_12318,5329.64,2231.25
cell_12319,5329.68,306.59
cell_12320,5330.35,868.25
cell_12321,5330.44,744.84
cell_12322,5330.75,22.62
cell_12323,5331.4,281.66
cell_12324,5331.49,432.71
cell_12325,5331.7,1888.11
cell_12326,5331.71,2646.14
cell_12327,5331.95,499.7
cell_12328,5331.97,388.94
cell_12329,5332.17,64.33
cell_12330,5332.29,2705.76
cell_12331,5332.47,616.58
cell_12332,5332.53,2199.57
cell_12333,5332.59,1324.95
cell_12334,5332.65,729.41
cell_12335,5332.86,2183.91
cell_12336,5332.9,1072.7
cell_12337,5332.99,2678.23
cell_12338,5333.06,1737.06
cell_12339,5333.26,2297.8
cell_12340,5333.35,514.28
cell_12341,5333.57,476.37
cell_12342,5334.33,776.83
cell_12343,5334.68,2722.76
cell_12344,5334.75,892.92
cell_12345,5334.88,602.85
cell_12346,5334.96,1934.01
cell_12347,5335.22,114.32
cell_12348,5335.37,125.12
cell_12349,5335.38,2615.02
cell_12350,5335.39,534.42
cell_12351,5335.5,955.5
cell_12352,5335.65,2135.95
cell_12353,5335.93,2488.48
cell_12354,5335.98,42.88
cell_12355,5336.11,1456.02
cell_12356,5336.28,548.59
cell_12357,5336.64,2245.09
cell_12358,5337.04,925.51
cell_12359,5337.16,52.95
cell_12360,5337.48,2790.33
cell_12361,5337.56,767.14
cell_12362,5338.21,2800.64
cell_12363,5338.41,259.26
cell_12364,5338.45,269.45
cell_12365,5338.83,657.39
cell_12366,5339.17,2062.72
cell_12367,5339.24,788.89
cell_12368,5339.58,2320.44
cell_12369,5339.8,559.1
cell_12370,5339.95,248.32
cell_12371,534.71,1584.76
cell_12372,5340.15,1004.3
cell_12373,5340.3,1361.54
cell_12374,5340.62,634.5
cell_12375,5341.31,1806.22
cell_12376,5341.67,2626.14
cell_12377,5341.73,2216.67
cell_12378,5342.22,411.56
cell_12379,5342.27,176.27
cell_12380,5342.53,485.05
cell_12381,5342.83,753.53
cell_12382,5343.13,98.13
cell_12383,5343.16,2293.75
cell_12384,5343.19,447.19
cell_12385,5343.32,312.07
cell_12386,5343.38,2691.68
cell_12387,5343.69,2118.65
cell_12388,5343.84,822.71
cell_12389,5344.82,510.57
cell_12390,5344.9,139.14
cell_12391,5345.02,346.8
cell_12392,5345.75,598.28
cell_12393,5345.86,2105.87
cell_12394,5345.92,59.8
cell_12395,5345.93,806.42
cell_12396,5346.23,2448.7
cell_12397,5346.69,466.12
cell_12398,5347.22,1969.97
cell_12399,5347.23,2808.55
cell_12400,5347.31,741.16
cell_12401,5347.7,1910.09
cell_12402,5348.03,869.62
cell_12403,5348.21,650.54
cell_12404,5348.39,2239.22
cell_12405,5348.65,387.75
cell_12406,5348.71,627.95
cell_12407,5348.73,2304.81
cell_12408,5349.27,218.31
cell_12409,5349.3,1958.23
cell_12410,5349.74,2735.8
cell_12411,535.19,2123.52
cell_12412,535.79,1243.84
cell_12413,535.87,1424.04
cell_12414,5350.4,1874.79
cell_12415,5350.54,1839.78
cell_12416,5350.8,1992.94
cell_12417,5350.94,2717.96
cell_12418,5351.21,477.11
cell_12419,5351.46,838.52
cell_12420,5351.71,433.71
cell_12421,5352.11,2647.08
cell_12422,5352.37,764.44
cell_12423,5352.88,459.5
cell_12424,5352.98,854.08
cell_12425,5353.13,1920.89
cell_12426,5353.52,2782.79
cell_12427,5353.79,2265.83
cell_12428,5354.03,25.97
cell_12429,5354.42,493.57
cell_12430,5354.46,535.35
cell_12431,5354.51,748.89
cell_12432,5354.54,1899.47
cell_12433,5354.62,506.95
cell_12434,5354.67,117.84
cell_12435,5356.23,355.01
cell_12436,5356.26,571.97
cell_12437,5356.27,548.98
cell_12438,5356.7,895.39
cell_12439,5356.91,1230.28
cell_12440,5356.94,448.03
cell_12441,5357.1,938.08
cell_12442,5357.44,407.77
cell_12443,5357.48,1120.66
cell_12444,5357.74,2792.54
cell_12445,5357.78,258.71
cell_12446,5357.79,780.97
cell_12447,5357.86,2325.58
cell_12448,5358.54,2117.27
cell_12449,5359.03,648.45
cell_12450,5359.06,1328.29
cell_12451,5359.16,106.72
cell_12452,536.85,1213.28
cell_12453,5360.08,2636.9
cell_12454,5361,2524.09
cell_12455,5361.01,435.23
cell_12456,5361.17,822
cell_12457,5361.18,204.82
cell_12458,5361.35,279.12
cell_12459,5361.43,756.95
cell_12460,5361.48,599.54
cell_12461,5361.73,2300.24
cell_12462,5361.82,1934.85
cell_12463,5361.86,797.77
cell_12464,5361.93,625.97
cell_12465,5361.95,379.58
cell_12466,5362.06,1740.83
cell_12467,5362.16,266.82
cell_12468,5362.46,675.44
cell_12469,5362.52,2193.33
cell_12470,5363.16,2128.46
cell_12471,5363.34,2257.08
cell_12472,5363.36,2244.68
cell_12473,5363.79,910.6
cell_12474,5363.81,2281.34
cell_12475,5364.23,124.86
cell_12476,5364.31,1062.72
cell_12477,5364.59,305.61
cell_12478,5364.77,2460.92
cell_12479,5365.32,859.01
cell_12480,5365.46,2010.16
cell_12481,5365.6,2698.18
cell_12482,5365.66,581.35
cell_12483,5365.98,2615.5
cell_12484,5366.25,951.43
cell_12485,5366.59,870.44
cell_12486,5366.68,2047.41
cell_12487,5366.89,214.06
cell_12488,5367.07,465.66
cell_12489,5367.33,65.96
cell_12490,5367.48,2475.12
cell_12491,5368.08,97.29
cell_12492,5368.14,2805.41
cell_12493,5368.2,1915.37
cell_12494,5368.63,448.4
cell_12495,5368.78,507.08
cell_12496,5368.91,888.49
cell_12497,5369.12,477.01
cell_12498,5369.12,655.61
cell_12499,5369.14,616.05
cell_12500,5369.44,534.83
cell_12501,5369.45,2212.24
cell_12502,5369.75,1386.85
cell_12503,537.56,1302.44
cell_12504,5370.24,688.9
cell_12505,5370.43,1887.8
cell_12506,5370.48,679.05
cell_12507,5370.98,645.69
cell_12508,5371.05,762.16
cell_12509,5371.21,2310.63
cell_12510,5371.52,349.17
cell_12511,5371.57,665.5
cell_12512,5371.63,2290.4
cell_12513,5371.74,852.7
cell_12514,5371.82,2679.09
cell_12515,5371.9,393.21
cell_12516,5372.18,313.86
cell_12517,5372.3,1866.24
cell_12518,5372.3,813.8
cell_12519,5372.32,2576.39
cell_12520,5372.83,2654.84
cell_12521,5372.98,1029.53
cell_12522,5373.09,1969.26
cell_12523,5373.12,2088.38
cell_12524,5373.34,2158.17
cell_12525,5373.81,1143.36
cell_12526,5373.84,334.07
cell_12527,5373.85,408.88
cell_12528,5374.21,173.36
cell_12529,5374.9,2104.06
cell_12530,5374.93,701.36
cell_12531,5375.02,436.67
cell_12532,5375.24,32.89
cell_12533,5375.28,2643.26
cell_12534,5375.96,162.84
cell_12535,5376.06,2777.49
cell_12536,5376.42,829.62
cell_12537,5376.53,1795.88
cell_12538,5376.76,842.32
cell_12539,5376.77,1996.92
cell_12540,5376.87,522.61
cell_12541,5378.06,2625.32
cell_12542,5378.09,1002.54
cell_12543,5379.02,1495.88
cell_12544,5379.07,779.16
cell_12545,5379.25,674.32
cell_12546,5379.37,635.87
cell_12547,5379.4,2203.66
cell_12548,5379.58,2171.41
cell_12549,5379.83,607.17
cell_12550,5379.96,2792.22
cell_12551,538.08,1346.61
cell_12552,538.76,1406.72
cell_12553,5380.18,803.23
cell_12554,5380.5,453.84
cell_12555,5380.54,2710.08
cell_12556,5380.57,245.34
cell_12557,5380.98,131.95
cell_12558,5381.42,2230.46
cell_12559,5382.07,2293.31
cell_12560,5382.19,593.4
cell_12561,5382.27,657.27
cell_12562,5382.31,2570.71
cell_12563,5382.41,2280.84
cell_12564,5382.94,2801.23
cell_12565,5383,203.16
cell_12566,5383.43,2323.55
cell_12567,5383.6,276.02
cell_12568,5383.85,95.04
cell_12569,5383.94,2609.06
cell_12570,5384.12,1984.86
cell_12571,5384.22,355.27
cell_12572,5384.22,896.48
cell_12573,5384.51,2116.74
cell_12574,5385.14,381.35
cell_12575,5385.37,938.05
cell_12576,5385.54,623.22
cell_12577,5385.79,2649.25
cell_12578,5385.89,2211.5
cell_12579,5386.04,439.47
cell_12580,5386.55,308.68
cell_12581,5387.43,1014.78
cell_12582,5387.61,2692.53
cell_12583,5387.88,1087.59
cell_12584,5387.98,867.96
cell_12585,5388.34,408.03
cell_12586,5388.51,641.71
cell_12587,5388.59,263.4
cell_12588,5388.64,682.13
cell_12589,5389.33,812.29
cell_12590,5389.5,460.92
cell_12591,5389.54,2781.67
cell_12592,5389.75,783.37
cell_12593,5389.81,2010.84
cell_12594,539.8,1116.8
cell_12595,5390.17,848.03
cell_12596,5390.8,662.74
cell_12597,5390.94,2053.27
cell_12598,5391.11,2071.36
cell_12599,5391.38,729.93
cell_12600,5392.18,509.13
cell_12601,5392.38,123.08
cell_12602,5392.73,1915.2
cell_12603,5393.03,168.08
cell_12604,5393.3,1969.26
cell_12605,5393.42,1524.49
cell_12606,5393.46,489.76
cell_12607,5393.69,527.97
cell_12608,5393.77,135.87
cell_12609,5393.98,1326.47
cell_12610,5394.22,602.12
cell_12611,5394.38,698.15
cell_12612,5394.53,356.76
cell_12613,5394.63,54.99
cell_12614,5394.88,2789.84
cell_12615,5395.09,2149.16
cell_12616,5395.1,445.2
cell_12617,5395.52,342.28
cell_12618,5395.98,212.88
cell_12619,5396.27,617.91
cell_12620,5396.38,2656.76
cell_12621,5397.45,744.43
cell_12622,5397.96,791.41
cell_12623,5397.99,2288.44
cell_12624,5398,670.97
cell_12625,5398.74,2573.33
cell_12626,5399.1,2182.63
cell_12627,5399.39,379.99
cell_12628,5399.43,468.32
cell_12629,5399.79,631.95
cell_12630,5400.18,392.25
cell_12631,5401.15,1473.9
cell_12632,5401.2,2163.49
cell_12633,5401.35,584.32
cell_12634,5401.41,407.49
cell_12635,5401.5,1887.82
cell_12636,5401.82,2005.35
cell_12637,5402.34,2300.97
cell_12638,5402.46,761.85
cell_12639,5402.47,652.68
cell_12640,5402.66,838.29
cell_12641,5402.7,1187.1
cell_12642,5402.87,724.15
cell_12643,5403.2,161.42
cell_12644,5403.56,2733.7
cell_12645,5403.72,2197.83
cell_12646,5403.8,251.46
cell_12647,5403.91,2280.9
cell_12648,5403.93,2228.02
cell_12649,5403.96,814.13
cell_12650,5404.04,204.36
cell_12651,5404.07,450.56
cell_12652,5404.31,2470.5
cell_12653,5404.4,96.97
cell_12654,5404.5,304.05
cell_12655,5404.54,241.77
cell_12656,5404.67,505.53
cell_12657,5404.69,735.73
cell_12658,5404.94,65.86
cell_12659,5405.01,1992.01
cell_12660,5405.01,2802.22
cell_12661,5405.09,2052.14
cell_12662,5406.81,276.49
cell_12663,5407.04,2114.35
cell_12664,5407.37,700.31
cell_12665,5407.78,998.94
cell_12666,5407.9,2241.84
cell_12667,5408.07,2792.29
cell_12668,5408.3,2489.58
cell_12669,5408.86,1326.78
cell_12670,5408.89,49.64
cell_12671,5409.08,2172.53
cell_12672,5409.38,665.04
cell_12673,5409.48,264.18
cell_12674,5409.88,2448.21
cell_12675,5410.01,544.55
cell_12676,5410.47,514.49
cell_12677,5410.52,848.66
cell_12678,5410.83,1934.56
cell_12679,5411.04,2268.12
cell_12680,5411.15,1720.2
cell_12681,5411.35,685.47
cell_12682,5411.85,2460.07
cell_12683,5411.89,337.41
cell_12684,5412,473.71
cell_12685,5412.14,588.69
cell_12686,5412.96,2701.87
cell_12687,5413.02,191.77
cell_12688,5413.07,807.5
cell_12689,5413.36,890.37
cell_12690,5413.79,2096.58
cell_12691,5414.1,457.86
cell_12692,5414.21,769.99
cell_12693,5414.38,943.54
cell_12694,5414.8,525.26
cell_12695,5414.95,2151
cell_12696,5415.08,2298.42
cell_12697,5415.21,167.77
cell_12698,5415.34,1490.14
cell_12699,5415.88,1966.65
cell_12700,5416.05,717.62
cell_12701,5416.42,1085.74
cell_12702,5416.74,647.2
cell_12703,5416.82,2284.21
cell_12704,5416.88,130.49
cell_12705,5416.95,753.67
cell_12706,5417.06,409.83
cell_12707,5417.07,823.44
cell_12708,5418.63,1164.89
cell_12709,5419.22,738.52
cell_12710,5419.81,2541.81
cell_12711,5420.47,244.82
cell_12712,5420.64,2780.27
cell_12713,5421.19,2735.22
cell_12714,5421.36,1916.82
cell_12715,5421.87,1031.82
cell_12716,5422.12,2253.19
cell_12717,5422.3,2302.82
cell_12718,5423.06,2071.55
cell_12719,5423.11,700.37
cell_12720,5423.47,2486.32
cell_12721,5424.05,354.75
cell_12722,5424.09,613.66
cell_12723,5424.14,866.94
cell_12724,5424.46,459.7
cell_12725,5424.52,2114.96
cell_12726,5424.57,2232.67
cell_12727,5424.66,895.2
cell_12728,5424.68,393.6
cell_12729,5425.05,2319.48
cell_12730,5425.08,2050.78
cell_12731,5425.24,2181.9
cell_12732,5425.29,1849.79
cell_12733,5425.41,923.49
cell_12734,5425.88,793.16
cell_12735,5426.39,31.25
cell_12736,5426.52,1134.87
cell_12737,5427.03,776.62
cell_12738,5427.04,2101.95
cell_12739,5427.05,263.18
cell_12740,5427.88,2207.28
cell_12741,5429.16,379.06
cell_12742,5429.5,2031.87
cell_12743,5429.71,638.82
cell_12744,5430.6,2721.71
cell_12745,5430.63,2260.23
cell_12746,5430.74,2548.52
cell_12747,5431.3,805.85
cell_12748,5431.55,1802.95
cell_12749,5431.8,314.09
cell_12750,5432.56,193.9
cell_12751,5432.71,2279.99
cell_12752,5432.78,662.19
cell_12753,5432.98,2701.57
cell_12754,5433.37,2658.42
cell_12755,5433.55,708.91
cell_12756,5433.6,562.8
cell_12757,5434.07,1047.74
cell_12758,5434.14,1441.36
cell_12759,5434.79,605.21
cell_12760,5434.88,1912.76
cell_12761,5435.43,754.71
cell_12762,5435.84,871.33
cell_12763,5436.02,342.91
cell_12764,5436.28,274.37
cell_12765,5436.71,913.53
cell_12766,5437.06,1268.41
cell_12767,5437.11,817.32
cell_12768,5437.24,398.62
cell_12769,5437.56,779.83
cell_12770,5437.77,851.11
cell_12771,5437.94,2330.67
cell_12772,5438.1,2313.11
cell_12773,5438.23,898.08
cell_12774,5438.71,2139.51
cell_12775,5438.72,183.42
cell_12776,5438.94,2240.87
cell_12777,5439.06,1003.09
cell_12778,5439.08,794.63
cell_12779,5439.43,2734.75
cell_12780,5439.54,2230.49
cell_12781,5439.65,2648.04
cell_12782,5439.8,326.39
cell_12783,544.82,1591.73
cell_12784,5440.03,829.84
cell_12785,5440.04,2791.22
cell_12786,5440.31,170.3
cell_12787,5440.5,19.88
cell_12788,5440.97,384.44
cell_12789,5441.04,1035.26
cell_12790,5441.07,2777.93
cell_12791,5441.08,687.94
cell_12792,5441.15,306.17
cell_12793,5441.44,626.81
cell_12794,5441.52,117.67
cell_12795,5441.93,1734.48
cell_12796,5443.05,987.95
cell_12797,5443.52,1853.25
cell_12798,5443.62,244.46
cell_12799,5444.1,411.47
cell_12800,5444.34,2617.92
cell_12801,5444.55,709.87
cell_12802,5444.61,939.99
cell_12803,5444.81,2457.85
cell_12804,5444.83,461.41
cell_12805,5444.87,609.84
cell_12806,5444.95,759.95
cell_12807,5445.15,2274.36
cell_12808,5445.42,158.62
cell_12809,5445.78,647.88
cell_12810,5445.89,2163.82
cell_12811,5446.65,2556.49
cell_12812,5446.98,351.83
cell_12813,5447.18,804.06
cell_12814,5447.47,660.29
cell_12815,5448.65,2324.47
cell_12816,5449.01,2072.97
cell_12817,5449.68,2711.25
cell_12818,5449.84,635.61
cell_12819,5449.96,1181.41
cell_12820,5449.96,2297.44
cell_12821,5450.58,2050.26
cell_12822,5450.71,1823.17
cell_12823,5451.07,273.11
cell_12824,5451.26,1042.62
cell_12825,5451.69,1770.37
cell_12826,5452.34,2202.63
cell_12827,5452.35,103.55
cell_12828,5452.83,2544.89
cell_12829,5453.01,2736.29
cell_12830,5453.51,748.45
cell_12831,5453.68,2261.58
cell_12832,5453.96,823.51
cell_12833,5454.17,1227.42
cell_12834,5454.53,2632.61
cell_12835,5454.87,248.82
cell_12836,5455.01,191.62
cell_12837,5455.06,2004.35
cell_12838,5455.37,2653.63
cell_12839,5455.41,2282.17
cell_12840,5455.69,489.53
cell_12841,5455.85,839.35
cell_12842,5456.23,2314.61
cell_12843,5456.26,726.77
cell_12844,5456.47,2184.95
cell_12845,5456.55,1155.82
cell_12846,5456.56,205.56
cell_12847,5456.81,260.33
cell_12848,5456.98,593.08
cell_12849,5457.39,687.3
cell_12850,5457.44,791.95
cell_12851,5457.52,1915.73
cell_12852,5458.43,938.66
cell_12853,5459.24,504.73
cell_12854,5459.37,2564
cell_12855,5459.5,1539.24
cell_12856,5459.81,771.49
cell_12857,546.31,1550.27
cell_12858,5460.01,632.5
cell_12859,5461.11,2036
cell_12860,5461.29,1940.42
cell_12861,5461.47,383.97
cell_12862,5461.47,802.99
cell_12863,5461.5,2212.28
cell_12864,5461.52,2552.81
cell_12865,5461.84,554.97
cell_12866,5462.16,875.66
cell_12867,5462.37,2086.78
cell_12868,5462.47,1798.48
cell_12869,5463.08,736.19
cell_12870,5463.09,2621.63
cell_12871,5463.35,814.75
cell_12872,5463.86,649.68
cell_12873,5463.98,2728.62
cell_12874,5464.48,125.63
cell_12875,5465.41,1077.63
cell_12876,5465.45,333.26
cell_12877,5466.03,2166.18
cell_12878,5466.2,113.72
cell_12879,5466.3,2304.38
cell_12880,5466.39,2644.28
cell_12881,5466.8,2318.76
cell_12882,5466.89,521.87
cell_12883,5467.24,2257.19
cell_12884,5467.87,2290.45
cell_12885,5468.25,1960.52
cell_12886,5468.82,2071.21
cell_12887,5468.96,766.59
cell_12888,547.58,1226.52
cell_12889,547.95,1241.97
cell_12890,5470.07,2455.57
cell_12891,5470.18,634.92
cell_12892,5470.26,2783.68
cell_12893,5470.26,661.88
cell_12894,5470.3,618.04
cell_12895,5470.88,2808
cell_12896,5471.49,722.34
cell_12897,5471.99,1833.65
cell_12898,5472.41,2577.28
cell_12899,5472.96,579.6
cell_12900,5473.48,1124.36
cell_12901,5473.86,2198.28
cell_12902,5474.24,2655.75
cell_12903,5475.31,1169.48
cell_12904,5475.32,2008.86
cell_12905,5475.95,791.22
cell_12906,5476.41,883.81
cell_12907,5476.74,2801.38
cell_12908,5476.76,389.98
cell_12909,5476.85,816.24
cell_12910,5476.99,267.48
cell_12911,5477.03,437.95
cell_12912,5477.31,2543.97
cell_12913,5477.4,2098.57
cell_12914,5477.51,304.29
cell_12915,5477.58,742.86
cell_12916,5477.94,28.29
cell_12917,5478.64,405.95
cell_12918,5479.21,2308.86
cell_12919,5479.71,482.33
cell_12920,5480.19,2238.31
cell_12921,5480.32,2183.88
cell_12922,5480.5,1820.06
cell_12923,5480.75,2619.86
cell_12924,5481.02,326.63
cell_12925,5481.42,2734.29
cell_12926,5481.65,767.59
cell_12927,5481.75,839.3
cell_12928,5482.2,378.87
cell_12929,5482.38,2282.24
cell_12930,5482.64,445.88
cell_12931,5482.74,428.35
cell_12932,5482.95,612.81
cell_12933,5483.03,979.21
cell_12934,5483.36,162.93
cell_12935,5483.83,538.62
cell_12936,5484.29,2703.41
cell_12937,5484.53,1936.52
cell_12938,5484.85,2793.23
cell_12939,5485.09,2263.27
cell_12940,5485.38,2630.98
cell_12941,5485.44,2323.6
cell_12942,5485.45,635.16
cell_12943,5485.69,556.24
cell_12944,5485.97,865.85
cell_12945,5486.41,791.74
cell_12946,5486.84,98.02
cell_12947,5487.09,339.26
cell_12948,5487.21,811.59
cell_12949,5487.52,1530.41
cell_12950,5487.59,2159.05
cell_12951,5487.72,114.71
cell_12952,5487.8,44.54
cell_12953,5488.16,1890.94
cell_12954,5488.16,2642.55
cell_12955,5488.16,2653.68
cell_12956,5488.2,693.03
cell_12957,5488.42,993.85
cell_12958,5488.48,660.09
cell_12959,5488.6,17.79
cell_12960,5488.72,755.15
cell_12961,5489.22,1962.84
cell_12962,5489.7,831.12
cell_12963,5489.79,1842.87
cell_12964,549.02,1320.1
cell_12965,549.91,1427.96
cell_12966,5490.62,711.47
cell_12967,5490.79,741.15
cell_12968,5490.94,185.55
cell_12969,5491.06,411.22
cell_12970,5491.35,270.65
cell_12971,5491.51,2718.04
cell_12972,5491.66,2199.62
cell_12973,5491.72,1422.79
cell_12974,5491.89,2236.81
cell_12975,5492.47,1997.5
cell_12976,5492.48,589.4
cell_12977,5492.67,2497.64
cell_12978,5492.73,33.32
cell_12979,5493.28,1037.5
cell_12980,5493.37,453.52
cell_12981,5493.64,128.95
cell_12982,5493.77,546.7
cell_12983,5494.34,905.87
cell_12984,5494.44,1805.6
cell_12985,5494.51,198.41
cell_12986,5494.68,783.32
cell_12987,5494.84,387.51
cell_12988,5494.9,238.35
cell_12989,5494.95,935.67
cell_12990,5495,434.2
cell_12991,5495.26,2125.82
cell_12992,5495.4,2301.21
cell_12993,5495.68,2801.44
cell_12994,5495.96,883.09
cell_12995,5496.17,2576.3
cell_12996,5496.33,603.6
cell_12997,5496.54,253.98
cell_12998,5496.99,2226.04
cell_12999,5497.61,640.94
cell_13000,5497.82,2039.38
cell_13001,5498.15,2092.12
cell_13002,5498.25,2323.44
cell_13003,5498.34,2562.05
cell_13004,5498.35,317.74
cell_13005,5498.82,750.66
cell_13006,5498.83,1862.5
cell_13007,5498.93,515.8
cell_13008,5499.17,447.74
cell_13009,5499.33,842.91
cell_13010,5499.41,531.78
cell_13011,5499.9,922.06
cell_13012,550.87,1618.82
cell_13013,5500.4,626.1
cell_13014,5500.92,825.05
cell_13015,5501,177.92
cell_13016,5501.21,303.83
cell_13017,5501.21,378.68
cell_13018,5501.23,2739.49
cell_13019,5501.52,349
cell_13020,5502.1,2478.88
cell_13021,5502.43,2696.28
cell_13022,5502.48,243.42
cell_13023,5503.01,2111.95
cell_13024,5503.16,265.66
cell_13025,5503.18,404.46
cell_13026,5503.46,2247.18
cell_13027,5503.71,2494.25
cell_13028,5503.85,804.77
cell_13029,5504.03,775.23
cell_13030,5504.18,504.04
cell_13031,5504.9,577.65
cell_13032,5505.08,545.17
cell_13033,5505.47,714.17
cell_13034,5505.85,2288.56
cell_13035,5505.92,1921.81
cell_13036,5506.08,589.95
cell_13037,5506.37,694.37
cell_13038,5506.88,950.42
cell_13039,5506.91,519.78
cell_13040,5507.5,461.38
cell_13041,5507.55,392.17
cell_13042,5507.71,2310.25
cell_13043,5507.87,1068.79
cell_13044,5508.15,2469.06
cell_13045,5508.3,311.13
cell_13046,5508.34,1012.4
cell_13047,5508.49,1903.22
cell_13048,5508.64,608.13
cell_13049,5509.38,2372.71
cell_13050,5509.48,1117.33
cell_13051,5509.68,669.5
cell_13052,5509.7,51.45
cell_13053,5509.77,2787.25
cell_13054,5509.88,2271.72
cell_13055,5510.01,2719.91
cell_13056,5510.25,2237.21
cell_13057,5510.28,94.23
cell_13058,5510.32,160.02
cell_13059,5510.38,765.54
cell_13060,5511,816.69
cell_13061,5511.01,168.94
cell_13062,5511.28,1816.86
cell_13063,5511.36,979.13
cell_13064,5511.43,794.08
cell_13065,5511.58,40.02
cell_13066,5512.19,2202.64
cell_13067,5512.27,16.93
cell_13068,5512.36,2658.35
cell_13069,5512.38,2804.32
cell_13070,5512.55,440.17
cell_13071,5512.72,559.27
cell_13072,5512.81,502.62
cell_13073,5513.4,123.44
cell_13074,5513.69,2637.38
cell_13075,5513.86,528.52
cell_13076,5513.91,190.15
cell_13077,5513.92,653.14
cell_13078,5514.4,475.37
cell_13079,5514.58,516.98
cell_13080,5514.59,2557.38
cell_13081,5514.7,466.81
cell_13082,5514.9,869.57
cell_13083,5515.17,690.31
cell_13084,5515.59,1973.43
cell_13085,5515.87,451.2
cell_13086,5516.17,899.96
cell_13087,5516.51,264.71
cell_13088,5516.6,598.76
cell_13089,5516.75,2220.86
cell_13090,5517.05,2291.55
cell_13091,5517.18,578.47
cell_13092,5517.31,405.4
cell_13093,5517.66,2101.71
cell_13094,5517.76,491.33
cell_13095,5517.8,29.46
cell_13096,5518.38,249.58
cell_13097,5518.42,833.03
cell_13098,5518.5,544.87
cell_13099,5518.87,2456.55
cell_13100,5518.91,373.82
cell_13101,5519.01,635.18
cell_13102,5519.08,390.29
cell_13103,5519.26,812.88
cell_13104,5519.5,768.25
cell_13105,5520,728.47
cell_13106,5520.13,2375.92
cell_13107,5520.5,792.41
cell_13108,5521.59,2133.58
cell_13109,5521.71,509.78
cell_13110,5522.1,2485.23
cell_13111,5522.92,2042.04
cell_13112,5523.55,177.28
cell_13113,5523.91,2255.63
cell_13114,5524.13,2575.05
cell_13115,5525.04,2501.36
cell_13116,5525.18,342.4
cell_13117,5525.24,1999.3
cell_13118,5525.49,2200.71
cell_13119,5526.04,2240.99
cell_13120,5526.2,1410.27
cell_13121,5526.5,603.47
cell_13122,5526.57,2714.3
cell_13123,5526.6,496.99
cell_13124,5526.81,2739
cell_13125,5527.09,2628.04
cell_13126,5527.32,19.15
cell_13127,5527.33,2798.05
cell_13128,5527.55,90.86
cell_13129,5527.73,806.41
cell_13130,5527.82,1899.45
cell_13131,5527.84,533.06
cell_13132,5528.02,614.04
cell_13133,5528.16,106.35
cell_13134,5528.17,442.12
cell_13135,5528.34,122.61
cell_13136,5528.44,768.6
cell_13137,5528.49,517.8
cell_13138,5528.63,712.7
cell_13139,5528.88,883.24
cell_13140,5529.02,2386.48
cell_13141,5529.21,263.98
cell_13142,5529.36,860.45
cell_13143,5529.43,2179.14
cell_13144,5529.45,790.19
cell_13145,5529.86,2303.2
cell_13146,5529.87,736.3
cell_13147,5530.12,2359.39
cell_13148,5532.37,300.82
cell_13149,5532.58,233.85
cell_13150,5532.92,199.61
cell_13151,5533.1,830.47
cell_13152,5533.17,252.38
cell_13153,5533.35,569.65
cell_13154,5533.36,2664.81
cell_13155,5534.17,452.38
cell_13156,5534.52,408
cell_13157,5534.6,482.48
cell_13158,5534.98,986.5
cell_13159,5535,698.79
cell_13160,5535.02,638.07
cell_13161,5535.08,1954.43
cell_13162,5535.13,589.76
cell_13163,5535.35,681.45
cell_13164,5535.63,164.83
cell_13165,5536.43,556.49
cell_13166,5536.84,968.5
cell_13167,5536.95,2551.97
cell_13168,5536.97,811.19
cell_13169,5537.09,2072.26
cell_13170,5537.25,760.64
cell_13171,5537.46,346.83
cell_13172,5537.72,510.66
cell_13173,5537.8,1976.61
cell_13174,5538.25,98.48
cell_13175,5538.94,953.06
cell_13176,5539.44,2708.94
cell_13177,5539.47,921.19
cell_13178,5539.49,2478.22
cell_13179,5539.9,652.27
cell_13180,5539.99,619.85
cell_13181,554.78,1396.11
cell_13182,554.91,1507.08
cell_13183,5540.04,1338.22
cell_13184,5540.27,1229.4
cell_13185,5540.31,442.98
cell_13186,5540.75,391.27
cell_13187,5540.86,901.83
cell_13188,5541.22,2640.43
cell_13189,5541.77,333.98
cell_13190,5541.79,543.84
cell_13191,5542.16,789.36
cell_13192,5542.19,1750.57
cell_13193,5542.23,472.63
cell_13194,5542.43,2788.89
cell_13195,5542.43,497.76
cell_13196,5542.44,2562.82
cell_13197,5542.85,88.76
cell_13198,5543.29,1933.36
cell_13199,5543.46,736.98
cell_13200,5544.1,1889.56
cell_13201,5544.26,596.64
cell_13202,5544.27,2237.6
cell_13203,5544.44,177.99
cell_13204,5545.23,193.62
cell_13205,5545.34,2306.84
cell_13206,5545.38,266.86
cell_13207,5545.46,1992.25
cell_13208,5545.46,2178.25
cell_13209,5546.37,1160.55
cell_13210,5546.93,485.58
cell_13211,5546.98,1843.46
cell_13212,5547.18,460.76
cell_13213,5547.43,716.42
cell_13214,5547.46,240.9
cell_13215,5547.71,528.46
cell_13216,5547.76,2804.4
cell_13217,5547.91,862.7
cell_13218,5548.59,2337.45
cell_13219,5548.7,812.91
cell_13220,5549.11,880.06
cell_13221,5549.27,560
cell_13222,5549.37,15.85
cell_13223,5549.38,377.76
cell_13224,5549.42,314.91
cell_13225,5550,574.36
cell_13226,5550.04,944.96
cell_13227,5550.12,513.73
cell_13228,5550.49,2580.89
cell_13229,5550.49,2726.38
cell_13230,5550.76,763.92
cell_13231,5550.88,2214.68
cell_13232,5551.05,700.61
cell_13233,5551.21,1820.07
cell_13234,5551.44,2382.5
cell_13235,5551.51,498.75
cell_13236,5551.87,2566.13
cell_13237,5551.95,1548.54
cell_13238,5552.81,2458.5
cell_13239,5552.82,2257.49
cell_13240,5552.96,2622.07
cell_13241,5553.22,1196.69
cell_13242,5553.52,2360.75
cell_13243,5553.7,341.41
cell_13244,5553.73,230.42
cell_13245,5553.98,901.32
cell_13246,5554.23,2710.61
cell_13247,5554.62,2316.51
cell_13248,5555.06,259.83
cell_13249,5555.33,2481.73
cell_13250,5555.6,179.65
cell_13251,5555.8,2299.73
cell_13252,5555.87,451.23
cell_13253,5555.92,2398.51
cell_13254,5556.02,164.35
cell_13255,5556.05,409.17
cell_13256,5556.2,735.72
cell_13257,5556.35,125.92
cell_13258,5556.45,635.46
cell_13259,5556.63,621.94
cell_13260,5557.58,190.36
cell_13261,5557.64,479.57
cell_13262,5558.16,33.52
cell_13263,5558.41,798.96
cell_13264,5558.43,110.56
cell_13265,5558.82,588.13
cell_13266,5559.44,1847.58
cell_13267,5559.55,826.69
cell_13268,5559.79,2034.44
cell_13269,5559.95,467.24
cell_13270,5560.08,2649.49
cell_13271,5560.5,2553.37
cell_13272,5560.51,564.34
cell_13273,5561.7,2055.32
cell_13274,5561.72,394.07
cell_13275,5562.01,248.31
cell_13276,5562.47,892.49
cell_13277,5562.56,1167.7
cell_13278,5562.59,2499.67
cell_13279,5562.85,2335.46
cell_13280,5562.94,1710.83
cell_13281,5563.28,99.48
cell_13282,5563.45,1737.78
cell_13283,5563.68,320.97
cell_13284,5563.81,299.85
cell_13285,5563.88,485.39
cell_13286,5563.89,2383.97
cell_13287,5563.94,173.3
cell_13288,5563.95,772.11
cell_13289,5563.98,527.81
cell_13290,5564.62,916.82
cell_13291,5564.79,12.26
cell_13292,5565.04,977.6
cell_13293,5565.07,2070.87
cell_13294,5565.33,503.52
cell_13295,5565.46,1506.57
cell_13296,5565.47,2367
cell_13297,5565.67,2741.03
cell_13298,5565.91,539.63
cell_13299,5566.01,47.38
cell_13300,5566.39,847.99
cell_13301,5566.52,2266.31
cell_13302,5566.86,2155.78
cell_13303,5566.91,2791.94
cell_13304,5567,1913.35
cell_13305,5567.43,343.04
cell_13306,5567.59,2355.06
cell_13307,5567.65,938.03
cell_13308,5567.98,2251.11
cell_13309,5568.07,2286.66
cell_13310,5568.08,2183.7
cell_13311,5568.14,988.98
cell_13312,5568.66,864.26
cell_13313,5569.12,811.44
cell_13314,5569.29,548.73
cell_13315,5569.33,1358.91
cell_13316,5569.63,1803.68
cell_13317,5569.71,1137.49
cell_13318,5570.18,2635.78
cell_13319,5570.25,459
cell_13320,5570.44,2573.02
cell_13321,5570.61,89.42
cell_13322,5571.28,2126.59
cell_13323,5571.35,412.39
cell_13324,5571.65,2395.33
cell_13325,5572.08,794.72
cell_13326,5572.25,1547.51
cell_13327,5572.38,198.64
cell_13328,5572.8,2318.4
cell_13329,5572.84,1307.04
cell_13330,5573.1,2092.52
cell_13331,5573.25,2477.51
cell_13332,5574.07,691.12
cell_13333,5574.54,28.97
cell_13334,5574.57,652.47
cell_13335,5574.98,2235.45
cell_13336,5575.06,842.35
cell_13337,5575.67,508.38
cell_13338,5575.9,1071.84
cell_13339,5575.91,581.76
cell_13340,5576.02,567.45
cell_13341,5576.52,2661.94
cell_13342,5576.8,257.94
cell_13343,5577.03,2797.73
cell_13344,5577.2,177.54
cell_13345,5577.26,2486.78
cell_13346,5577.42,2333.24
cell_13347,5577.94,2582.88
cell_13348,5577.95,2221.23
cell_13349,5579.1,2372.47
cell_13350,5579.15,380.55
cell_13351,5579.32,1891.8
cell_13352,5579.48,783.43
cell_13353,5580.32,2347.49
cell_13354,5580.49,1417.75
cell_13355,5580.56,164.28
cell_13356,5580.57,531.8
cell_13357,5580.82,477.98
cell_13358,5581.8,2721.96
cell_13359,5582.06,2201
cell_13360,5582.44,407.69
cell_13361,5582.58,232.48
cell_13362,5582.7,419.48
cell_13363,5582.81,1033.93
cell_13364,5583,2593.66
cell_13365,5583,98.77
cell_13366,5583.68,2064.01
cell_13367,5583.85,2050.73
cell_13368,5584.39,552.57
cell_13369,5584.71,2553.92
cell_13370,5584.8,109.27
cell_13371,5584.95,2462.28
cell_13372,5585.8,981.14
cell_13373,5586.31,502.56
cell_13374,5586.42,397.52
cell_13375,5586.43,832.07
cell_13376,5586.91,2183.15
cell_13377,5586.98,1972.02
cell_13378,5587.04,2568
cell_13379,5587.32,2497.81
cell_13380,5587.63,2327.21
cell_13381,5588.25,704.32
cell_13382,5588.33,593.6
cell_13383,5588.68,488.38
cell_13384,5589.6,2212.79
cell_13385,5589.75,659.09
cell_13386,559.48,1342.26
cell_13387,5590.07,2291.52
cell_13388,5590.14,2311.17
cell_13389,5590.53,118.9
cell_13390,5590.56,1932.63
cell_13391,5590.69,1016.14
cell_13392,5590.91,614.49
cell_13393,5591.17,2704.45
cell_13394,5591.4,53.21
cell_13395,5591.45,857.28
cell_13396,5592.61,2807.84
cell_13397,5592.67,305.64
cell_13398,5592.72,327.95
cell_13399,5592.76,2366.84
cell_13400,5592.93,343.1
cell_13401,5593.63,925.85
cell_13402,5593.66,1948.98
cell_13403,5594.47,34.53
cell_13404,5594.97,2347.76
cell_13405,5595.27,2659.95
cell_13406,5595.31,778.9
cell_13407,5595.46,2550.32
cell_13408,5596.11,506.14
cell_13409,5596.36,2713.19
cell_13410,5596.42,392.91
cell_13411,5596.71,1115.94
cell_13412,5596.71,295.13
cell_13413,5597.09,2138.04
cell_13414,5597.31,196.4
cell_13415,5597.39,519.4
cell_13416,5597.79,576.23
cell_13417,5597.94,317.88
cell_13418,5598.05,2391.73
cell_13419,5598.24,601.85
cell_13420,5598.31,1840.59
cell_13421,5598.52,413.03
cell_13422,5598.55,552.55
cell_13423,5598.68,2252.76
cell_13424,5598.97,1751.35
cell_13425,5599.86,879.51
cell_13426,5600.14,2652.66
cell_13427,5600.51,2238.81
cell_13428,5601.14,2076.55
cell_13429,5601.21,91.97
cell_13430,5601.99,818.97
cell_13431,5602.08,1001.11
cell_13432,5602.62,1567.22
cell_13433,5602.91,2272.25
cell_13434,5603.53,1411.77
cell_13435,5603.57,108.78
cell_13436,5603.6,1995.35
cell_13437,5603.66,162.04
cell_13438,5603.73,758.29
cell_13439,5603.89,2173.47
cell_13440,5603.97,2020.83
cell_13441,5604.04,2720.21
cell_13442,5604.17,1870.22
cell_13443,5604.31,2568.52
cell_13444,5604.56,939.8
cell_13445,5604.58,842.49
cell_13446,5604.59,18.62
cell_13447,5605.14,2363.54
cell_13448,5605.19,228.61
cell_13449,5605.65,2800.33
cell_13450,5605.82,182.09
cell_13451,5605.94,1178.38
cell_13452,5606.2,120.71
cell_13453,5606.4,457.8
cell_13454,5606.69,2316.97
cell_13455,5607.21,2578.46
cell_13456,5607.24,469.56
cell_13457,5607.61,698.42
cell_13458,5608.01,257.7
cell_13459,5608.41,2666.81
cell_13460,5608.84,2158.76
cell_13461,5609.15,537.77
cell_13462,5609.37,2373.61
cell_13463,5609.73,977.46
cell_13464,5609.77,2738.85
cell_13465,5609.82,951.8
cell_13466,561.49,1522.9
cell_13467,561.54,1544.54
cell_13468,561.93,1608.31
cell_13469,5610.26,897.96
cell_13470,5610.49,1289.33
cell_13471,5610.56,1763.61
cell_13472,5610.67,480.89
cell_13473,5611.16,8.96
cell_13474,5611.18,2200.33
cell_13475,5611.4,552.77
cell_13476,5613.21,98.71
cell_13477,5613.59,396.86
cell_13478,5613.63,172.2
cell_13479,5613.73,928.05
cell_13480,5614.14,412.89
cell_13481,5614.17,2457.81
cell_13482,5614.44,1898.97
cell_13483,5614.49,2111.46
cell_13484,5614.65,1921.64
cell_13485,5614.73,2559.72
cell_13486,5614.85,1070.94
cell_13487,5614.87,303.14
cell_13488,5615.51,1979.58
cell_13489,5615.8,492.89
cell_13490,5616.09,2807.75
cell_13491,5616.42,750.43
cell_13492,5617.13,1031.39
cell_13493,5617.15,1001.54
cell_13494,5617.26,2657.2
cell_13495,5617.7,2142.76
cell_13496,5617.86,1883.13
cell_13497,5617.87,1939.1
cell_13498,5618.7,2290.17
cell_13499,5618.8,2590.59
cell_13500,5619.24,1149.27
cell_13501,5619.43,458.5
cell_13502,5619.72,382.51
cell_13503,5619.88,2382.87
cell_13504,562.2,1483.57
cell_13505,5620.77,436.99
cell_13506,5621.09,2303.61
cell_13507,5621.14,561.53
cell_13508,5621.38,584.48
cell_13509,5621.47,731.44
cell_13510,5621.56,2642.53
cell_13511,5622.45,474.64
cell_13512,5623.31,402.7
cell_13513,5623.73,179.86
cell_13514,5624.4,2365.36
cell_13515,5624.56,636.24
cell_13516,5624.75,2491.07
cell_13517,5624.97,795.68
cell_13518,5625.23,609.14
cell_13519,5625.32,2727.2
cell_13520,5625.4,160.68
cell_13521,5625.93,247.43
cell_13522,5626.59,2278.72
cell_13523,5626.99,341.71
cell_13524,5627.03,2570.15
cell_13525,5627.21,1767.7
cell_13526,5627.76,195.55
cell_13527,5628.48,2478.46
cell_13528,5628.66,2465.98
cell_13529,5628.92,2190.56
cell_13530,5629.23,464.68
cell_13531,5629.43,94.9
cell_13532,5629.85,2264.84
cell_13533,5629.91,2251.11
cell_13534,563.17,1132.21
cell_13535,5630.37,892.16
cell_13536,5630.39,916.64
cell_13537,5630.67,2107.11
cell_13538,5630.89,2130
cell_13539,5631.11,2740.72
cell_13540,5631.33,411.82
cell_13541,5631.56,1017.71
cell_13542,5632.14,294.09
cell_13543,5632.17,719.8
cell_13544,5632.24,844.41
cell_13545,5632.5,823.83
cell_13546,5632.67,2213.46
cell_13547,5633.14,2630.45
cell_13548,5633.24,2711.43
cell_13549,5634.28,927.57
cell_13550,5634.33,2381.93
cell_13551,5634.4,1862.92
cell_13552,5634.47,1929.82
cell_13553,5634.97,448.73
cell_13554,5635.08,1174.87
cell_13555,5635.4,1883.98
cell_13556,5635.57,227.26
cell_13557,5635.8,1904.14
cell_13558,5636.01,2039.85
cell_13559,5636.26,671.89
cell_13560,5636.33,589.42
cell_13561,5636.46,185.6
cell_13562,5636.61,983.65
cell_13563,5636.64,2560.65
cell_13564,5637.22,258.71
cell_13565,5637.35,1956.53
cell_13566,5637.73,704.58
cell_13567,5638.47,2669.29
cell_13568,5638.56,787.21
cell_13569,5638.72,809.33
cell_13570,5638.74,634.66
cell_13571,5638.81,959.29
cell_13572,5638.83,1992.14
cell_13573,5639.03,741.46
cell_13574,5639.04,1291.85
cell_13575,5639.22,2364.93
cell_13576,5639.85,605.88
cell_13577,564.07,1291.9
cell_13578,564.45,1249.18
cell_13579,564.87,1562.87
cell_13580,5640.73,2339.63
cell_13581,5641.03,2150.25
cell_13582,5641.09,1521.51
cell_13583,5641.11,344.08
cell_13584,5641.94,873.67
cell_13585,5641.99,661.76
cell_13586,5642.48,520.76
cell_13587,5642.54,194.79
cell_13588,5642.61,2798.18
cell_13589,5642.74,1147.87
cell_13590,5643.41,435.12
cell_13591,5643.62,2290.52
cell_13592,5644.13,119.08
cell_13593,5644.45,825.35
cell_13594,5644.48,2636.03
cell_13595,5644.51,502.33
cell_13596,5644.57,2047.21
cell_13597,5645.04,692.54
cell_13598,5645.29,2484.15
cell_13599,5645.3,157.82
cell_13600,5645.81,20.97
cell_13601,5647.78,2013.65
cell_13602,5647.84,471.46
cell_13603,5647.92,171.8
cell_13604,5648.34,2374.13
cell_13605,5648.53,10.61
cell_13606,5648.78,48.84
cell_13607,5649.33,388.93
cell_13608,5649.71,2556.61
cell_13609,5649.92,2171.65
cell_13610,565.08,2096.98
cell_13611,565.35,1226.5
cell_13612,5650.16,329.26
cell_13613,5650.48,2648.95
cell_13614,5650.57,447.91
cell_13615,5651.1,915.32
cell_13616,5651.1,937.91
cell_13617,5651.48,1937.79
cell_13618,5651.53,90.97
cell_13619,5651.79,2056.93
cell_13620,5652.09,2580.45
cell_13621,5652.35,182.6
cell_13622,5652.61,1857.74
cell_13623,5652.9,2321.54
cell_13624,5653,2494.1
cell_13625,5653.8,398.84
cell_13626,5653.82,315.2
cell_13627,5653.91,1121.04
cell_13628,5654.64,412.34
cell_13629,5654.99,706.85
cell_13630,5655.09,646.21
cell_13631,5655.24,2743.13
cell_13632,5655.98,482.02
cell_13633,5656.01,2476.65
cell_13634,5656.03,2070.38
cell_13635,5656.51,2593.57
cell_13636,5656.89,245.25
cell_13637,5656.96,511.57
cell_13638,5656.97,2104.88
cell_13639,5657.81,2337.52
cell_13640,5658.02,2704.93
cell_13641,5658.27,684.43
cell_13642,5658.39,1801.99
cell_13643,5658.61,1957.29
cell_13644,5658.82,2137.32
cell_13645,5658.84,192.55
cell_13646,5659.61,1911.35
cell_13647,5660.34,1248.09
cell_13648,5660.98,1974.37
cell_13649,5661.1,2571.37
cell_13650,5661.25,2248.56
cell_13651,5661.71,1870.42
cell_13652,5661.72,2506.4
cell_13653,5661.92,2000.83
cell_13654,5661.99,1306.23
cell_13655,5662.19,432.21
cell_13656,5662.54,259.79
cell_13657,5663.15,987.57
cell_13658,5663.22,2667.46
cell_13659,5663.4,867.52
cell_13660,5663.68,2713.82
cell_13661,5663.68,740.93
cell_13662,5663.72,36.25
cell_13663,5664.15,2452.9
cell_13664,5664.32,99.3
cell_13665,5664.6,654.39
cell_13666,5664.67,2045.03
cell_13667,5664.81,2308.8
cell_13668,5664.84,2723.32
cell_13669,5665.28,28.29
cell_13670,5665.47,2117.41
cell_13671,5666.02,2263.63
cell_13672,5666.06,2200.79
cell_13673,5666.18,47.23
cell_13674,5666.43,2624.32
cell_13675,5666.81,712.03
cell_13676,5667.02,665.27
cell_13677,5667.17,2791.07
cell_13678,5667.21,2147.2
cell_13679,5667.95,2175.5
cell_13680,5668,224.83
cell_13681,5668.19,1925.15
cell_13682,5668.25,341.8
cell_13683,5668.6,2472.01
cell_13684,5669.1,2070.79
cell_13685,5669.3,1093.26
cell_13686,5669.39,567.46
cell_13687,5669.49,689.63
cell_13688,5670.01,395.18
cell_13689,5670.25,2642.85
cell_13690,5670.25,534.53
cell_13691,5670.33,496.74
cell_13692,5670.45,464.6
cell_13693,5670.66,2024.63
cell_13694,5670.67,236.37
cell_13695,5670.76,2211.43
cell_13696,5670.8,2388.96
cell_13697,5671.08,295.38
cell_13698,5671.5,2563.41
cell_13699,5672.22,885.99
cell_13700,5672.32,811.97
cell_13701,5672.52,2362.39
cell_13702,5672.55,382.55
cell_13703,5673.03,431.27
cell_13704,5673.07,1980.58
cell_13705,5673.15,410.72
cell_13706,5673.5,851.85
cell_13707,5673.83,21.53
cell_13708,5673.85,2459.84
cell_13709,5674.25,766.29
cell_13710,5674.31,1059.25
cell_13711,5674.47,1743.16
cell_13712,5674.53,2553.42
cell_13713,5674.8,108.49
cell_13714,5675.33,901.41
cell_13715,5675.67,2008.55
cell_13716,5675.93,2655.61
cell_13717,5676.47,157.68
cell_13718,5676.61,448.3
cell_13719,5677.04,309.05
cell_13720,5677.06,2744.05
cell_13721,5677.18,1908.38
cell_13722,5677.87,1937.74
cell_13723,5678.11,90.45
cell_13724,5678.23,2730.82
cell_13725,5678.23,683.69
cell_13726,5678.47,945.24
cell_13727,5678.6,1609.82
cell_13728,5678.69,1189.96
cell_13729,5678.92,581.09
cell_13730,5679.21,2493.65
cell_13731,5679.27,2713.38
cell_13732,5679.29,123.18
cell_13733,5679.66,524.45
cell_13734,568.41,1317.59
cell_13735,5680.5,725.82
cell_13736,5680.59,565.99
cell_13737,5680.82,1960.29
cell_13738,5681.24,457.7
cell_13739,5681.37,2804.21
cell_13740,5682.43,1852.48
cell_13741,5684.39,396.77
cell_13742,5685.42,2307.08
cell_13743,5685.65,2173.97
cell_13744,5685.97,433.69
cell_13745,5686.26,31.03
cell_13746,5686.43,1316.31
cell_13747,5686.67,468.39
cell_13748,5686.82,1820.7
cell_13749,5686.93,2359.03
cell_13750,5687.7,2317.62
cell_13751,5688.32,798.99
cell_13752,5688.45,755.88
cell_13753,5688.51,198.38
cell_13754,5688.76,188.58
cell_13755,5688.94,2076
cell_13756,5689.06,2159.71
cell_13757,5689.33,515.96
cell_13758,5690.22,2660.94
cell_13759,5690.64,261.76
cell_13760,5691.19,1020.33
cell_13761,5691.23,1985.99
cell_13762,5691.63,2452.38
cell_13763,5691.69,2728.05
cell_13764,5691.81,2266.57
cell_13765,5691.83,1431.75
cell_13766,5691.83,481.03
cell_13767,5691.88,2337.55
cell_13768,5691.97,92.85
cell_13769,5691.99,2642.56
cell_13770,5692.23,995.61
cell_13771,5692.34,2184.93
cell_13772,5692.53,691.56
cell_13773,5692.7,2326.84
cell_13774,5693.25,42.76
cell_13775,5694.01,711.1
cell_13776,5694.04,933.22
cell_13777,5694.17,2107.09
cell_13778,5694.25,2550.93
cell_13779,5694.3,2494.31
cell_13780,5694.37,2474.13
cell_13781,5694.44,330.33
cell_13782,5694.68,885.86
cell_13783,5694.74,872.03
cell_13784,5694.85,2372.56
cell_13785,5695.05,2576.46
cell_13786,5695.39,2095.3
cell_13787,5695.41,498.91
cell_13788,5695.89,23.58
cell_13789,5696.31,2746.46
cell_13790,5696.6,1106.67
cell_13791,5696.68,168.62
cell_13792,5697.16,410
cell_13793,5697.2,787.26
cell_13794,5697.58,916.06
cell_13795,5697.9,356.94
cell_13796,5697.9,829.33
cell_13797,5698.26,1864.33
cell_13798,5698.55,1225.37
cell_13799,5698.77,2700.17
cell_13800,5698.92,2594.12
cell_13801,5699.03,1945.29
cell_13802,5699.44,178.46
cell_13803,5699.72,226.26
cell_13804,5699.76,1077.65
cell_13805,5699.77,2176.94
cell_13806,5699.95,2021.27
cell_13807,570.63,1036.25
cell_13808,5700.17,2294.46
cell_13809,5701.2,434.81
cell_13810,5701.64,2351.88
cell_13811,5701.89,573.43
cell_13812,5702.19,1133.91
cell_13813,5702.21,395.35
cell_13814,5702.43,507.01
cell_13815,5702.52,377.85
cell_13816,5702.78,2456.44
cell_13817,5703.13,2191.67
cell_13818,5703.28,2133.41
cell_13819,5703.41,52.15
cell_13820,5703.51,307.42
cell_13821,5703.67,816.71
cell_13822,5703.78,295.28
cell_13823,5704.3,1877.88
cell_13824,5704.31,98.46
cell_13825,5704.38,702.76
cell_13826,5704.58,1190.35
cell_13827,5705.23,1910.59
cell_13828,5706.02,2718.87
cell_13829,5706.11,2119.51
cell_13830,5706.18,599.88
cell_13831,5706.2,849.03
cell_13832,5706.6,756.07
cell_13833,5707.57,2443.46
cell_13834,5707.58,1014.05
cell_13835,5707.67,2809.05
cell_13836,5707.74,2735.29
cell_13837,5707.77,87.92
cell_13838,5707.86,12.95
cell_13839,5707.93,2565.99
cell_13840,5708.06,2208.49
cell_13841,5708.26,725.6
cell_13842,5708.55,1821.74
cell_13843,5708.55,493.47
cell_13844,5708.6,2792.08
cell_13845,5708.63,1972.76
cell_13846,5708.75,477.97
cell_13847,5708.91,2663.72
cell_13848,5708.97,32.79
cell_13849,5709.71,2628.35
cell_13850,5710.07,458.61
cell_13851,5710.51,2273.7
cell_13852,5711,2226.25
cell_13853,5711.21,2158.45
cell_13854,5711.45,806.15
cell_13855,5711.48,107.49
cell_13856,5711.56,2646.54
cell_13857,5711.75,2322.58
cell_13858,5712.15,893.96
cell_13859,5712.25,771.96
cell_13860,5712.56,190.87
cell_13861,5712.66,1487.03
cell_13862,5712.71,438.09
cell_13863,5712.82,234.19
cell_13864,5712.96,1156.22
cell_13865,5713.01,327.57
cell_13866,5713.3,583.06
cell_13867,5713.64,2336.01
cell_13868,5713.68,156.12
cell_13869,5713.74,2263.24
cell_13870,5713.83,172.48
cell_13871,5714.17,2352.78
cell_13872,5714.67,1936.65
cell_13873,5714.75,2088.73
cell_13874,5715.34,2586.08
cell_13875,5715.36,520.39
cell_13876,5715.37,2460.78
cell_13877,5715.72,413.73
cell_13878,5715.76,748.85
cell_13879,5715.81,2598.38
cell_13880,5715.99,738.03
cell_13881,5716.1,1921.72
cell_13882,5716.5,1054.16
cell_13883,5716.84,1897.35
cell_13884,5716.95,567.28
cell_13885,5717,836.58
cell_13886,5717.73,952.1
cell_13887,5717.78,551.93
cell_13888,5717.93,122
cell_13889,5718.04,2745.72
cell_13890,5718.14,533.18
cell_13891,5718.75,607.33
cell_13892,5718.78,860.28
cell_13893,5718.86,1889.06
cell_13894,5719,464.05
cell_13895,5719.36,2165.61
cell_13896,5719.62,1880.14
cell_13897,5719.87,2116.11
cell_13898,5720.05,245.12
cell_13899,5720.3,1848.76
cell_13900,5720.32,2722.24
cell_13901,5720.44,913.03
cell_13902,5720.65,98.97
cell_13903,5720.72,1970.31
cell_13904,5720.79,821.83
cell_13905,5720.98,2651.62
cell_13906,5721.12,2251.28
cell_13907,5721.22,874.49
cell_13908,5722.14,1868.78
cell_13909,5722.25,1906.9
cell_13910,5722.51,991.41
cell_13911,5722.54,505.3
cell_13912,5722.63,799.85
cell_13913,5722.7,24.39
cell_13914,5722.78,2097.07
cell_13915,5722.98,2179.85
cell_13916,5723.08,442.89
cell_13917,5723.65,393.6
cell_13918,5723.76,2553.58
cell_13919,5723.85,626.29
cell_13920,5723.86,644.26
cell_13921,5724.3,719.35
cell_13922,5724.32,349.18
cell_13923,5724.53,897.6
cell_13924,5725,489.12
cell_13925,5725.05,292.05
cell_13926,5725.5,2577.46
cell_13927,5725.7,732.66
cell_13928,5726.18,592.86
cell_13929,5726.52,257.37
cell_13930,5726.6,339.06
cell_13931,5726.78,473.46
cell_13932,5727.61,1326.81
cell_13933,5727.72,1015.01
cell_13934,5727.75,49.67
cell_13935,5728.2,15.19
cell_13936,5728.31,2306.26
cell_13937,5728.4,2191.03
cell_13938,5728.5,2081.8
cell_13939,5729.2,1241.69
cell_13940,5729.44,302.65
cell_13941,5729.53,2010.34
cell_13942,5729.88,1029.52
cell_13943,5729.9,766.87
cell_13944,573.9,2144.79
cell_13945,5730.12,2473.61
cell_13946,5730.28,2761.17
cell_13947,5730.66,2148.16
cell_13948,5730.96,454.03
cell_13949,5731.34,1053.49
cell_13950,5731.64,2163.13
cell_13951,5731.69,523.52
cell_13952,5731.8,1082.21
cell_13953,5732.16,2807.72
cell_13954,5732.88,629.92
cell_13955,5732.9,2622.46
cell_13956,5733.17,179.11
cell_13957,5733.28,963.68
cell_13958,5733.37,2328.99
cell_13959,5733.62,236.26
cell_13960,5733.81,227.06
cell_13961,5734.02,1965.59
cell_13962,5734.1,2716.85
cell_13963,5734.35,574.15
cell_13964,5734.39,818.14
cell_13965,5734.77,2796.74
cell_13966,5735.34,1888.89
cell_13967,5735.47,559.8
cell_13968,5735.62,2173.53
cell_13969,5736.07,2022.38
cell_13970,5736.54,657.52
cell_13971,5737.12,1952.52
cell_13972,5737.14,1926.3
cell_13973,5737.23,730.91
cell_13974,5739.22,645.53
cell_13975,5739.27,89.05
cell_13976,5739.72,1101.11
cell_13977,5739.87,2571.45
cell_13978,5739.97,1978.15
cell_13979,5739.99,31.28
cell_13980,574.01,1506.9
cell_13981,574.6,1351.68
cell_13982,5740.14,2215.28
cell_13983,5740.25,318.82
cell_13984,5740.53,545.63
cell_13985,5740.59,307.92
cell_13986,5740.6,1906.17
cell_13987,5740.92,157.94
cell_13988,5741.72,2180.63
cell_13989,5741.97,245.84
cell_13990,5742.05,466.22
cell_13991,5742.06,772
cell_13992,5742.54,1462.85
cell_13993,5742.95,169.94
cell_13994,5743.15,2109.58
cell_13995,5743.34,340.62
cell_13996,5743.37,2142.88
cell_13997,5743.47,589.76
cell_13998,5743.79,799.75
cell_13999,5743.94,381.48
cell_14000,5744.3,1827.15
cell_14001,5744.79,2341.48
cell_14002,5744.89,1246.02
cell_14003,5745.27,2093.12
cell_14004,5745.29,992
cell_14005,5745.56,189.64
cell_14006,5746.69,884.16
cell_14007,5746.74,917.51
cell_14008,5746.97,743.81
cell_14009,5747.17,788.26
cell_14010,5747.44,2708.49
cell_14011,5747.57,1894.66
cell_14012,5747.8,667
cell_14013,5748.21,2323.79
cell_14014,5748.34,2629.35
cell_14015,5748.98,2442.06
cell_14016,5749.03,2244.69
cell_14017,5749.2,900.11
cell_14018,575.26,1546.49
cell_14019,575.48,1399.25
cell_14020,5750.03,2310.97
cell_14021,5750.21,1135.7
cell_14022,5750.41,1848.46
cell_14023,5750.46,42.23
cell_14024,5750.52,543.28
cell_14025,5751.56,2728.86
cell_14026,5751.61,467.46
cell_14027,5751.81,2642.55
cell_14028,5751.87,1928.78
cell_14029,5751.93,120.85
cell_14030,5752.54,225
cell_14031,5752.55,1881.57
cell_14032,5753.02,2284.96
cell_14033,5753.52,291.31
cell_14034,5753.67,327.77
cell_14035,5753.77,2490.72
cell_14036,5753.84,942.38
cell_14037,5753.88,110.02
cell_14038,5754.13,388.66
cell_14039,5754.36,95.72
cell_14040,5754.43,15.34
cell_14041,5754.44,632.21
cell_14042,5754.82,235.12
cell_14043,5755.76,854.55
cell_14044,5755.84,2560.61
cell_14045,5756.02,617.97
cell_14046,5756.31,752.24
cell_14047,5756.35,2806.12
cell_14048,5756.36,2542.41
cell_14049,5756.75,2663.1
cell_14050,5756.8,1083.22
cell_14051,5756.81,251.98
cell_14052,5756.84,1939.5
cell_14053,5757.04,2081.94
cell_14054,5757.08,2257.7
cell_14055,5757.11,304.05
cell_14056,5757.21,647.15
cell_14057,5757.93,2276.33
cell_14058,5758.01,2719.58
cell_14059,5758.04,1150.53
cell_14060,5758.42,2070.02
cell_14061,5758.45,340.52
cell_14062,5758.84,2739.19
cell_14063,5759,677.38
cell_14064,5759.64,574.85
cell_14065,5759.67,2160.09
cell_14066,5759.72,834.98
cell_14067,576.77,1413.5
cell_14068,5760.07,263.19
cell_14069,5760.25,2100.01
cell_14070,5760.78,2207.13
cell_14071,5761.09,605.46
cell_14072,5761.33,1396.01
cell_14073,5761.64,781.93
cell_14074,5761.95,2148.37
cell_14075,5762.06,2023.05
cell_14076,5762.65,52.43
cell_14077,5762.73,2233.29
cell_14078,5762.88,661.71
cell_14079,5762.93,871.39
cell_14080,5763.16,2346.18
cell_14081,5763.35,1901.51
cell_14082,5763.8,189.06
cell_14083,5763.94,447.93
cell_14084,5764.48,1815.07
cell_14085,5764.71,24.51
cell_14086,5765.03,407.8
cell_14087,5765.18,424.63
cell_14088,5765.27,2177.41
cell_14089,5765.29,801.68
cell_14090,5765.42,203.07
cell_14091,5765.92,691.87
cell_14092,5766.4,2010.67
cell_14093,5766.44,2481.6
cell_14094,5766.67,1912.73
cell_14095,5766.68,624.44
cell_14096,5766.79,2729.66
cell_14097,5766.94,2191.27
cell_14098,5766.94,569
cell_14099,5767.19,2328.76
cell_14100,5767.24,2123.71
cell_14101,5767.33,811.58
cell_14102,5767.64,2167.44
cell_14103,5768.27,1598.89
cell_14104,5768.29,169.67
cell_14105,5768.3,2637.81
cell_14106,5768.33,638.13
cell_14107,5768.53,2717.72
cell_14108,5768.61,1661.92
cell_14109,5768.62,88.39
cell_14110,5769,1958.01
cell_14111,5769.45,789.82
cell_14112,5769.59,379.59
cell_14113,5769.67,395.43
cell_14114,5769.82,315.24
cell_14115,577.2,1593.19
cell_14116,5770.26,2216.76
cell_14117,5770.28,2074.56
cell_14118,5770.9,2053.34
cell_14119,5771.14,2748.36
cell_14120,5771.16,904.64
cell_14121,5772.15,700.26
cell_14122,5772.47,2035.75
cell_14123,5772.49,532.11
cell_14124,5772.78,16.4
cell_14125,5772.8,2272.19
cell_14126,5772.82,436.44
cell_14127,5773.21,245.81
cell_14128,5773.99,2318.17
cell_14129,5774.01,43.53
cell_14130,5774.16,773.56
cell_14131,5774.51,2666.96
cell_14132,5775.76,1108.9
cell_14133,5775.79,2805.16
cell_14134,5775.94,298.73
cell_14135,5776.01,1009.92
cell_14136,5776.02,2589.32
cell_14137,5776.08,225.54
cell_14138,5776.19,455.28
cell_14139,5776.27,2063.49
cell_14140,5776.32,710.89
cell_14141,5776.88,1468.06
cell_14142,5777.47,621.25
cell_14143,5777.9,425.44
cell_14144,5778.06,2138.23
cell_14145,5778.6,2547.64
cell_14146,5778.79,157.15
cell_14147,5779.38,2291.67
cell_14148,5779.42,634.88
cell_14149,5779.43,660.53
cell_14150,5779.47,1764.55
cell_14151,5779.88,2125.57
cell_14152,578.12,1224.98
cell_14153,5780.15,34.06
cell_14154,5780.52,690.62
cell_14155,5780.63,721.1
cell_14156,5780.99,852.62
cell_14157,5781.13,2337.73
cell_14158,5781.51,819.99
cell_14159,5781.75,236.74
cell_14160,5781.8,1227.45
cell_14161,5781.83,834.68
cell_14162,5781.86,1083.66
cell_14163,5782.44,979.34
cell_14164,5782.68,339.3
cell_14165,5782.81,310.23
cell_14166,5783.52,2795.69
cell_14167,5783.76,672.6
cell_14168,5784.07,909.4
cell_14169,5784.11,1838.71
cell_14170,5784.19,326.41
cell_14171,5784.66,2431.32
cell_14172,5784.69,795.37
cell_14173,5785,1806.3
cell_14174,5785.05,128.07
cell_14175,5785.33,177.38
cell_14176,5785.61,101.56
cell_14177,5785.67,2662.29
cell_14178,5785.92,2153.13
cell_14179,5786.7,2013.57
cell_14180,5787.65,2259.64
cell_14181,5787.8,50.88
cell_14182,5788.15,465.19
cell_14183,5788.84,424.56
cell_14184,5788.99,730.29
cell_14185,5789.57,531.9
cell_14186,5789.89,2246.94
cell_14187,5789.99,1029.73
cell_14188,5790.03,626.51
cell_14189,5790.05,295.12
cell_14190,5790.11,2560.05
cell_14191,5790.15,384.71
cell_14192,5790.52,408.44
cell_14193,5790.66,1859.23
cell_14194,5790.95,1950.65
cell_14195,5790.98,710.97
cell_14196,5791.06,1873.65
cell_14197,5791.15,952.1
cell_14198,5791.27,1283.87
cell_14199,5791.34,1899.46
cell_14200,5791.66,2271.59
cell_14201,5792.12,2628.76
cell_14202,5792.42,167.02
cell_14203,5792.53,803.9
cell_14204,5792.69,1648.89
cell_14205,5792.9,691.58
cell_14206,5793.33,2194.39
cell_14207,5793.36,235.81
cell_14208,5793.36,865.41
cell_14209,5793.46,657.4
cell_14210,5793.67,561.66
cell_14211,5793.74,16
cell_14212,5793.76,885.88
cell_14213,5794.12,1158.5
cell_14214,5794.53,1919.37
cell_14215,5794.56,394.49
cell_14216,5794.6,87.96
cell_14217,5795.14,2343.13
cell_14218,5795.39,450.81
cell_14219,5795.48,2209.42
cell_14220,5795.5,2079.77
cell_14221,5795.55,26.13
cell_14222,5796.45,818.18
cell_14223,5797.69,204.27
cell_14224,5797.72,126.26
cell_14225,5798.43,319.32
cell_14226,5798.45,2654.21
cell_14227,5798.69,2480.63
cell_14228,5798.82,436.72
cell_14229,5798.84,189.6
cell_14230,5799.72,751.33
cell_14231,5799.85,1940.07
cell_14232,5800.44,625.43
cell_14233,5800.51,2004.87
cell_14234,5800.69,924.9
cell_14235,5800.74,485.92
cell_14236,5802.15,712.39
cell_14237,5802.63,2237.08
cell_14238,5803.02,1327.33
cell_14239,5803.31,40.91
cell_14240,5803.64,299.76
cell_14241,5803.79,671.31
cell_14242,5803.82,803.46
cell_14243,5803.83,830.7
cell_14244,5804.06,423.81
cell_14245,5804.61,683.19
cell_14246,5805.3,174.5
cell_14247,5805.41,844.33
cell_14248,5805.49,760.64
cell_14249,5805.56,508.62
cell_14250,5805.72,2116.63
cell_14251,5805.9,1058.56
cell_14252,5805.9,2634.57
cell_14253,5805.98,637.8
cell_14254,5806.41,2056.07
cell_14255,5806.46,447.34
cell_14256,5806.72,466.97
cell_14257,5806.72,551.82
cell_14258,5806.84,339.03
cell_14259,5806.86,245.34
cell_14260,5807.27,1606.29
cell_14261,5807.57,457.41
cell_14262,5807.6,17.66
cell_14263,5807.66,404.85
cell_14264,5807.67,2221.67
cell_14265,5807.78,604.42
cell_14266,5807.95,475.11
cell_14267,5808.11,2089.21
cell_14268,5808.12,106.66
cell_14269,5808.3,2663.09
cell_14270,5808.49,2553.67
cell_14271,5808.55,543.02
cell_14272,5809.22,2571.44
cell_14273,5809.31,859.85
cell_14274,5809.35,1685.61
cell_14275,5809.36,2025.44
cell_14276,5809.56,227.77
cell_14277,5809.6,746.91
cell_14278,5809.74,772.41
cell_14279,5809.78,1025.61
cell_14280,5809.87,2134.93
cell_14281,5809.91,96.95
cell_14282,5809.92,2324.61
cell_14283,581.89,1100.17
cell_14284,5810.3,2806.71
cell_14285,5810.78,2345.99
cell_14286,5810.85,260.88
cell_14287,5810.87,570.26
cell_14288,5810.88,1346.48
cell_14289,5811.2,157.49
cell_14290,5811.96,2752.93
cell_14291,5812.13,326.97
cell_14292,5812.22,53.74
cell_14293,5812.35,2267.52
cell_14294,5812.69,1561.72
cell_14295,5812.69,2438.15
cell_14296,5812.81,2460.35
cell_14297,5812.9,372.98
cell_14298,5812.94,663.49
cell_14299,5814.16,2279.45
cell_14300,5814.42,722.98
cell_14301,5814.45,487.33
cell_14302,5814.65,646.04
cell_14303,5814.87,2079.12
cell_14304,5814.89,441.51
cell_14305,5814.95,2427.85
cell_14306,5815.27,824.68
cell_14307,5815.76,780.47
cell_14308,5816.02,1902.16
cell_14309,5816.09,1127.48
cell_14310,5816.23,2239.81
cell_14311,5816.53,187.11
cell_14312,5816.87,765.6
cell_14313,5816.99,1841.83
cell_14314,5817.12,1406.4
cell_14315,5817.25,429.7
cell_14316,5817.26,2147.7
cell_14317,5817.47,384.43
cell_14318,5817.77,790.13
cell_14319,5818.18,125.84
cell_14320,5818.29,2796.35
cell_14321,5818.3,517.67
cell_14322,5818.36,42.39
cell_14323,5818.6,309.5
cell_14324,5818.7,2337.28
cell_14325,5818.75,2046.59
cell_14326,5819.34,90.39
cell_14327,5819.74,472.68
cell_14328,5819.94,744.63
cell_14329,5820.08,2705.12
cell_14330,5820.36,697.64
cell_14331,5820.73,2254.53
cell_14332,5820.97,2210.05
cell_14333,5821.1,2170.95
cell_14334,5821.14,1575.69
cell_14335,5821.71,2297.24
cell_14336,5821.76,1883.63
cell_14337,5821.87,19.85
cell_14338,5822.22,2116.29
cell_14339,5822.27,978.01
cell_14340,5822.39,1643.98
cell_14341,5822.43,338.01
cell_14342,5822.68,297.56
cell_14343,5822.71,2419.97
cell_14344,5822.79,393.1
cell_14345,5823.37,545.78
cell_14346,5824.53,2552.03
cell_14347,5824.68,2475.1
cell_14348,5825.35,532.54
cell_14349,5825.87,404.35
cell_14350,5826.08,2564.43
cell_14351,5826.25,2061.08
cell_14352,5826.29,799.89
cell_14353,5827.11,465.82
cell_14354,5827.21,2355.05
cell_14355,5827.7,688.16
cell_14356,5827.97,644.25
cell_14357,5828.05,112.86
cell_14358,5828.37,1592.31
cell_14359,5828.4,722.09
cell_14360,5828.6,2650.86
cell_14361,5828.75,177.5
cell_14362,5828.94,764.35
cell_14363,5829.36,1742.53
cell_14364,5829.8,891.04
cell_14365,5829.81,449.3
cell_14366,583.99,1240.39
cell_14367,5830.01,658.26
cell_14368,5830.16,488.35
cell_14369,5831.06,775.9
cell_14370,5831.14,963.16
cell_14371,5832.23,1102.61
cell_14372,5832.26,2192.86
cell_14373,5832.36,858.9
cell_14374,5832.37,2336.3
cell_14375,5832.48,2638.54
cell_14376,5832.84,30.24
cell_14377,5832.89,224.32
cell_14378,5832.94,2315.93
cell_14379,5833.17,259.17
cell_14380,5833.55,388.14
cell_14381,5833.57,2085.53
cell_14382,5834.08,2280.43
cell_14383,5834.34,123.71
cell_14384,5834.47,746.76
cell_14385,5834.74,104.31
cell_14386,5834.79,2239.5
cell_14387,5834.99,2755.62
cell_14388,5835.39,17.62
cell_14389,5835.79,2223.29
cell_14390,5835.88,325.99
cell_14391,5836.03,2256.38
cell_14392,5836.55,196.27
cell_14393,5836.96,1705.11
cell_14394,5837.25,711.37
cell_14395,5837.41,1621.68
cell_14396,5837.47,689.03
cell_14397,5837.68,411.61
cell_14398,5837.79,1025.02
cell_14399,5837.96,833.28
cell_14400,5838.07,1909.46
cell_14401,5838.69,300.12
cell_14402,5839.13,451.3
cell_14403,5839.37,1390.51
cell_14404,584.08,1374.1
cell_14405,584.67,1531.77
cell_14406,5840.57,1606.46
cell_14407,5840.87,812.5
cell_14408,5841.15,246.43
cell_14409,5841.21,403.43
cell_14410,5841.41,914.66
cell_14411,5841.66,88.99
cell_14412,5842.28,769.98
cell_14413,5842.74,2114.75
cell_14414,5843.14,1050.42
cell_14415,5843.15,373.56
cell_14416,5843.26,785.47
cell_14417,5843.42,443.4
cell_14418,5844.06,26.14
cell_14419,5844.19,647.14
cell_14420,5844.22,159.89
cell_14421,5844.7,1538.89
cell_14422,5845.38,460.28
cell_14423,5845.51,177.99
cell_14424,5845.72,662
cell_14425,5846,2550.95
cell_14426,5846.15,2538.65
cell_14427,5846.38,337.58
cell_14428,5846.61,628.24
cell_14429,5846.67,470.79
cell_14430,5846.7,1138.75
cell_14431,5846.7,2586.08
cell_14432,5846.71,98.44
cell_14433,5846.8,1162.8
cell_14434,5847.23,310.17
cell_14435,5847.44,891.62
cell_14436,5847.51,758.92
cell_14437,5847.78,1315.04
cell_14438,5849.37,738.18
cell_14439,5849.89,114.52
cell_14440,5849.96,860.39
cell_14441,585.86,1461.33
cell_14442,5850.01,836.27
cell_14443,5850.13,2337.22
cell_14444,5850.24,1203.94
cell_14445,5850.45,2200.04
cell_14446,5850.61,61.71
cell_14447,5851.29,1578.96
cell_14448,5851.35,2716.24
cell_14449,5851.39,609.76
cell_14450,5851.63,36.49
cell_14451,5851.98,700.61
cell_14452,5852.05,933.98
cell_14453,5852.18,433.52
cell_14454,5852.26,2748.59
cell_14455,5852.46,2134.59
cell_14456,5852.51,2272.74
cell_14457,5852.58,2624.67
cell_14458,5852.95,2212.14
cell_14459,5853.08,483.99
cell_14460,5853.35,230.11
cell_14461,5853.68,2639.17
cell_14462,5853.92,2561.51
cell_14463,5854.14,660.73
cell_14464,5854.18,2574.72
cell_14465,5854.25,48.43
cell_14466,5854.4,2082.97
cell_14467,5854.69,191.77
cell_14468,5854.76,804.68
cell_14469,5854.77,752.3
cell_14470,5855.38,590.94
cell_14471,5855.41,2651.47
cell_14472,5855.48,2324.92
cell_14473,5856.34,1888.1
cell_14474,5857.25,389.24
cell_14475,5857.65,423
cell_14476,5857.75,822.58
cell_14477,5858.19,261.6
cell_14478,5858.49,2706.95
cell_14479,5858.72,18.76
cell_14480,5859.16,2113.01
cell_14481,5859.37,1928.5
cell_14482,5859.57,2239.66
cell_14483,5859.85,1912.02
cell_14484,586.11,1551.78
cell_14485,586.71,1615.65
cell_14486,5860.04,2802.73
cell_14487,5860.2,456.29
cell_14488,5860.29,122.46
cell_14489,5860.29,636.82
cell_14490,5860.46,1230.87
cell_14491,5861.04,650.35
cell_14492,5861.33,169.91
cell_14493,5861.36,315.28
cell_14494,5861.48,2430.75
cell_14495,5861.51,181.46
cell_14496,5861.64,718.28
cell_14497,5861.9,613.06
cell_14498,5862.04,515.16
cell_14499,5862.09,400.98
cell_14500,5862.6,2222.49
cell_14501,5862.68,2051.86
cell_14502,5862.72,436.89
cell_14503,5863.03,474.42
cell_14504,5863.3,864.44
cell_14505,5863.49,2253.82
cell_14506,5863.52,1551.81
cell_14507,5863.6,769.5
cell_14508,5863.78,801.85
cell_14509,5863.87,31.75
cell_14510,5864.05,326.73
cell_14511,5864.19,239.25
cell_14512,5865.34,2188.47
cell_14513,5865.5,2336.76
cell_14514,5865.71,2660.43
cell_14515,5866.24,2311.7
cell_14516,5866.77,2156.22
cell_14517,5867,710.71
cell_14518,5867.03,673.97
cell_14519,5867.62,503.06
cell_14520,5867.85,100.66
cell_14521,5868.98,248.78
cell_14522,5869.04,157.5
cell_14523,5869.46,1650.03
cell_14524,5869.51,428.28
cell_14525,5869.58,1975.68
cell_14526,5869.69,607.01
cell_14527,5869.74,293.36
cell_14528,5870.03,956.85
cell_14529,5870.8,644.75
cell_14530,5870.89,2542.09
cell_14531,5871.09,1855.86
cell_14532,5871.23,663.51
cell_14533,5871.32,794.51
cell_14534,5871.52,983.36
cell_14535,5871.8,303.53
cell_14536,5871.88,1674
cell_14537,5872.09,914.47
cell_14538,5872.11,767.98
cell_14539,5872.41,494.03
cell_14540,5872.45,446.08
cell_14541,5872.48,825.75
cell_14542,5873.25,109.84
cell_14543,5873.45,2640.03
cell_14544,5873.82,183.27
cell_14545,5874.06,2577.75
cell_14546,5874.17,516.35
cell_14547,5874.41,227.39
cell_14548,5874.43,739.77
cell_14549,5874.84,125.89
cell_14550,5875.67,1281.8
cell_14551,5875.86,687.14
cell_14552,5876.24,41.45
cell_14553,5877.11,2792.6
cell_14554,5878.29,2265.66
cell_14555,5878.33,53.44
cell_14556,5878.67,1720.09
cell_14557,5878.9,92.24
cell_14558,5878.96,2327.44
cell_14559,5879.19,802.27
cell_14560,5879.25,887.47
cell_14561,5879.35,1890.14
cell_14562,5879.36,705.88
cell_14563,5879.79,166.34
cell_14564,5879.87,2568.45
cell_14565,588.86,998.92
cell_14566,5880.12,337.96
cell_14567,5880.31,2741.42
cell_14568,5880.52,405.44
cell_14569,5880.91,1145.18
cell_14570,5881.05,1630.14
cell_14571,5881.06,640.48
cell_14572,5881.11,2304.97
cell_14573,5881.2,490.45
cell_14574,5881.44,528.81
cell_14575,5881.67,376.4
cell_14576,5881.67,823.97
cell_14577,5881.76,605.04
cell_14578,5881.78,1045.6
cell_14579,5881.93,661.98
cell_14580,5882.17,554.14
cell_14581,5882.3,311.28
cell_14582,5882.36,1525.12
cell_14583,5882.53,2020.2
cell_14584,5882.86,1025.18
cell_14585,5882.88,324.72
cell_14586,5882.93,2433.65
cell_14587,5883.54,623.07
cell_14588,5883.67,849.24
cell_14589,5884.36,2166.49
cell_14590,5884.51,927.11
cell_14591,5884.72,2226.76
cell_14592,5884.81,727.44
cell_14593,5885.37,116.93
cell_14594,5885.4,2243.68
cell_14595,5885.43,1208.34
cell_14596,5885.54,196.45
cell_14597,5885.58,870.35
cell_14598,5886.09,501.78
cell_14599,5886.28,542.87
cell_14600,5887.63,2423.82
cell_14601,5888.09,790.11
cell_14602,5888.19,261.71
cell_14603,5888.22,751.84
cell_14604,5888.32,303.91
cell_14605,5888.34,2662.69
cell_14606,5888.51,2649.68
cell_14607,5888.58,2577.62
cell_14608,5889.07,434.34
cell_14609,5889.35,2717.28
cell_14610,5889.41,454.75
cell_14611,5889.56,2544.23
cell_14612,5889.63,181.39
cell_14613,589.14,1427.95
cell_14614,589.7,1576.65
cell_14615,589.95,1199.27
cell_14616,5890.36,2048.44
cell_14617,5890.39,678.6
cell_14618,5890.56,700.51
cell_14619,5890.61,658.98
cell_14620,5891.22,1976.59
cell_14621,5891.25,483.44
cell_14622,5891.32,472.63
cell_14623,5891.47,1660.26
cell_14624,5891.69,1114.6
cell_14625,5891.93,2622.43
cell_14626,5892.05,388.36
cell_14627,5892.71,2287.92
cell_14628,5892.76,895.23
cell_14629,5892.98,615.54
cell_14630,5893.42,226.84
cell_14631,5893.78,249.47
cell_14632,5893.9,2315.76
cell_14633,5894.52,50.73
cell_14634,5894.58,2639.96
cell_14635,5895.05,1582.08
cell_14636,5895.68,736.09
cell_14637,5896.32,237.17
cell_14638,5896.58,787.83
cell_14639,5897.11,102.15
cell_14640,5897.17,2242.41
cell_14641,5897.3,584.57
cell_14642,5897.49,397.36
cell_14643,5897.59,1815.73
cell_14644,5897.8,633.46
cell_14645,5898.03,1917.49
cell_14646,5898.48,2155.78
cell_14647,5898.52,1404.72
cell_14648,5898.86,2804.61
cell_14649,5898.91,869.92
cell_14650,5899.17,1867.84
cell_14651,5899.27,2559.59
cell_14652,5899.39,756.32
cell_14653,5899.64,21.29
cell_14654,5899.74,162.78
cell_14655,5899.83,649
cell_14656,590.29,1513.19
cell_14657,5900.12,1241.1
cell_14658,5900.21,1765.08
cell_14659,5900.21,2201.28
cell_14660,5900.25,2736.29
cell_14661,5900.33,946.95
cell_14662,5900.77,607.66
cell_14663,5901.05,2135.56
cell_14664,5901.19,443.05
cell_14665,5901.47,699.95
cell_14666,5901.5,1703.28
cell_14667,5903.21,2230.52
cell_14668,5903.63,317.3
cell_14669,5903.77,2746.98
cell_14670,5904.13,1439.69
cell_14671,5904.36,307.16
cell_14672,5904.45,803.5
cell_14673,5904.5,721.69
cell_14674,5904.58,33.02
cell_14675,5904.72,2273.37
cell_14676,5905.02,410.36
cell_14677,5905.02,669.88
cell_14678,5905.05,487.24
cell_14679,5905.06,1274.08
cell_14680,5905.68,196.89
cell_14681,5906.27,232.8
cell_14682,5907.32,1183.31
cell_14683,5907.65,326.8
cell_14684,5907.68,467.87
cell_14685,5907.76,250.05
cell_14686,5907.83,688.3
cell_14687,5907.88,2313.78
cell_14688,5907.98,1359.38
cell_14689,5908.06,786.57
cell_14690,5908.44,2191.27
cell_14691,5908.54,510.61
cell_14692,5908.71,297.2
cell_14693,5908.83,340.18
cell_14694,5908.95,1065.94
cell_14695,5909.96,266.09
cell_14696,591.2,1349.95
cell_14697,591.58,1307.64
cell_14698,5910.03,175.83
cell_14699,5910.31,2474.8
cell_14700,5910.54,530.09
cell_14701,5910.64,546.95
cell_14702,5910.9,1198.74
cell_14703,5911.16,2535.23
cell_14704,5911.21,2657.02
cell_14705,5911.25,1996.37
cell_14706,5911.46,2145.61
cell_14707,5911.63,1788.9
cell_14708,5911.82,1491.06
cell_14709,5911.97,1337.82
cell_14710,5912.15,963.54
cell_14711,5912.58,2544.84
cell_14712,5912.72,123.35
cell_14713,5912.96,110.39
cell_14714,5913.25,1730.15
cell_14715,5913.57,605.66
cell_14716,5913.84,2577.86
cell_14717,5913.87,43.01
cell_14718,5913.87,813.29
cell_14719,5914.93,751.36
cell_14720,5914.94,91.86
cell_14721,5914.96,2209.55
cell_14722,5915.41,377.62
cell_14723,5915.99,680
cell_14724,5916.14,770.28
cell_14725,5916.23,651.44
cell_14726,5916.39,2557.45
cell_14727,5916.66,932.63
cell_14728,5916.75,593.25
cell_14729,5916.92,447.31
cell_14730,5917.16,839.35
cell_14731,5917.26,2424.79
cell_14732,5918.05,2220.23
cell_14733,5918.21,11.93
cell_14734,5918.66,1153.64
cell_14735,5918.72,2798.05
cell_14736,5918.95,715.17
cell_14737,5918.99,2097.3
cell_14738,5919.58,399.86
cell_14739,5919.73,458.66
cell_14740,5919.96,630.39
cell_14741,592.07,1216.46
cell_14742,5920.12,62.12
cell_14743,5921.18,1402.14
cell_14744,5921.18,2723.14
cell_14745,5921.45,795.89
cell_14746,5921.48,1650.31
cell_14747,5921.72,1306.95
cell_14748,5922.36,2746.04
cell_14749,5922.47,2298.28
cell_14750,5923.02,2252.57
cell_14751,5924.15,2198.14
cell_14752,5924.21,498.64
cell_14753,5924.3,1971.11
cell_14754,5924.36,411.91
cell_14755,5924.4,831.48
cell_14756,5924.83,659.7
cell_14757,5925.01,315.02
cell_14758,5925.08,775.54
cell_14759,5925.18,2232.96
cell_14760,5925.65,1100.65
cell_14761,5925.78,515.06
cell_14762,5926.12,487.23
cell_14763,5926.19,389.67
cell_14764,5926.77,754.17
cell_14765,5926.81,680.95
cell_14766,5926.84,1558.13
cell_14767,5926.89,254.98
cell_14768,5927.37,469.89
cell_14769,5928.05,1112.34
cell_14770,5928.17,1897.54
cell_14771,5928.28,447.46
cell_14772,5928.74,605.36
cell_14773,5928.85,1819.49
cell_14774,5928.91,2277.93
cell_14775,5929.22,1281.61
cell_14776,5929.49,244.99
cell_14777,5930.28,306.07
cell_14778,5930.36,1872.15
cell_14779,5930.86,184.26
cell_14780,5930.88,2309.61
cell_14781,5931.06,2625.59
cell_14782,5931.41,799.15
cell_14783,5931.61,2646.93
cell_14784,5931.82,2056.36
cell_14785,5931.97,941.72
cell_14786,5931.98,1704.93
cell_14787,5932.14,625.86
cell_14788,5932.16,231.84
cell_14789,5932.18,2264.2
cell_14790,5932.22,2009.01
cell_14791,5932.5,672.27
cell_14792,5932.88,2535.52
cell_14793,5932.89,1362.23
cell_14794,5933.34,339.3
cell_14795,5933.55,2552.99
cell_14796,5933.56,2729.24
cell_14797,5933.67,113.32
cell_14798,5934.14,830.87
cell_14799,5934.15,551.61
cell_14800,5934.26,166.29
cell_14801,5934.36,104.41
cell_14802,5934.63,1947.24
cell_14803,5934.69,535.46
cell_14804,5934.74,196.64
cell_14805,5935.17,777.82
cell_14806,5935.23,2086.35
cell_14807,5935.62,587.56
cell_14808,5935.75,2158.63
cell_14809,5936.06,380.89
cell_14810,5936.52,720.23
cell_14811,5937.03,2141.85
cell_14812,5937.12,2565.25
cell_14813,5937.32,764.34
cell_14814,5937.52,656.58
cell_14815,5937.56,407.92
cell_14816,5937.63,452.86
cell_14817,5939.32,703.8
cell_14818,5939.53,479.97
cell_14819,5939.67,33.57
cell_14820,5939.99,510.02
cell_14821,5940.09,326.95
cell_14822,5940.7,2336.74
cell_14823,5940.75,1076.88
cell_14824,5941.01,2172.66
cell_14825,5941.49,2418.97
cell_14826,5941.8,2807.42
cell_14827,5942.06,2443.16
cell_14828,5942.12,263.6
cell_14829,5942.39,300.61
cell_14830,5942.58,524.49
cell_14831,5942.74,1971.65
cell_14832,5942.86,799.37
cell_14833,5942.89,2186.62
cell_14834,5942.98,830.25
cell_14835,5943.11,1819.84
cell_14836,5943.17,2632.78
cell_14837,5943.39,496.4
cell_14838,5943.66,2319.24
cell_14839,5943.68,94.17
cell_14840,5944.14,1800.54
cell_14841,5944.55,2544.14
cell_14842,5944.57,664.22
cell_14843,5944.98,240.98
cell_14844,5945.16,128.41
cell_14845,5945.33,2578.14
cell_14846,5945.57,1213.31
cell_14847,5945.62,2201.42
cell_14848,5946.32,1301.72
cell_14849,5946.39,172.31
cell_14850,5946.52,382.75
cell_14851,5946.78,1523.03
cell_14852,5946.79,470.8
cell_14853,5946.93,651.46
cell_14854,5946.95,1585.47
cell_14855,5947.01,1665.81
cell_14856,5947.2,598.22
cell_14857,5947.34,872.56
cell_14858,5947.51,682.15
cell_14859,5947.98,2559.82
cell_14860,5948.54,773.51
cell_14861,5948.72,567.18
cell_14862,5948.87,2468.47
cell_14863,5949.37,2246.83
cell_14864,5949.54,2740.14
cell_14865,5949.78,2431.72
cell_14866,5949.91,344.13
cell_14867,5950.21,417.29
cell_14868,5950.34,805.4
cell_14869,5950.59,160.06
cell_14870,5950.76,585.53
cell_14871,5951.19,2730.25
cell_14872,5951.95,195.86
cell_14873,5952.17,458.46
cell_14874,5952.42,120.52
cell_14875,5953.03,2270.83
cell_14876,5953.51,734.94
cell_14877,5953.67,991.77
cell_14878,5953.96,610.1
cell_14879,5954.15,2089.82
cell_14880,5954.46,13.87
cell_14881,5954.47,243.53
cell_14882,5954.79,62.62
cell_14883,5954.88,254.18
cell_14884,5955.08,308.99
cell_14885,5955.73,394.65
cell_14886,5955.74,517.54
cell_14887,5955.79,624.48
cell_14888,5956.09,2535.71
cell_14889,5956.38,2659.18
cell_14890,5956.73,675.08
cell_14891,5957.23,501.54
cell_14892,5957.3,972.37
cell_14893,5957.38,2110.06
cell_14894,5957.52,768.94
cell_14895,5957.54,2290.96
cell_14896,5957.85,2077.64
cell_14897,5957.97,1124.42
cell_14898,5958.1,2634.23
cell_14899,5958.12,384.44
cell_14900,5958.37,534.02
cell_14901,5958.41,2554.47
cell_14902,5959.19,2801.77
cell_14903,5959.2,2231.71
cell_14904,5959.39,547.08
cell_14905,5959.48,235.63
cell_14906,5959.6,939.16
cell_14907,5960.03,822.03
cell_14908,5960.56,696.87
cell_14909,5960.6,179.75
cell_14910,5960.63,850.72
cell_14911,5960.68,1235.23
cell_14912,5960.7,708.4
cell_14913,5961.33,867.92
cell_14914,5961.5,788.46
cell_14915,5961.99,1706.39
cell_14916,5962.13,490.13
cell_14917,5962.33,320.97
cell_14918,5962.38,406.47
cell_14919,5962.39,639.13
cell_14920,5962.68,1811.98
cell_14921,5962.9,187.25
cell_14922,5963.26,165.5
cell_14923,5963.49,1916.82
cell_14924,5963.85,1611.97
cell_14925,5963.92,419.64
cell_14926,5964.47,464.05
cell_14927,5964.71,2426.82
cell_14928,5965.8,749.2
cell_14929,5965.9,107.55
cell_14930,5966.45,1066.45
cell_14931,5966.58,603.33
cell_14932,5967.27,1586.27
cell_14933,5967.36,896.99
cell_14934,5967.97,2549.69
cell_14935,5968.43,116.28
cell_14936,5968.59,961.99
cell_14937,5968.63,98.7
cell_14938,5969.1,1669.32
cell_14939,5969.12,2239.99
cell_14940,5969.12,581.73
cell_14941,5969.19,2280.07
cell_14942,5969.29,2625.39
cell_14943,5969.39,670.89
cell_14944,5969.61,1760.93
cell_14945,597.52,1586.8
cell_14946,597.63,2119.01
cell_14947,5970.53,502.87
cell_14948,5970.66,2419.06
cell_14949,5970.86,851.66
cell_14950,5970.9,1148.94
cell_14951,5970.91,2717.61
cell_14952,5971.36,480.45
cell_14953,5971.51,321.28
cell_14954,5971.6,2054.82
cell_14955,5971.62,1104.58
cell_14956,5971.63,722.07
cell_14957,5971.72,804.63
cell_14958,5971.77,56.4
cell_14959,5971.81,1827.27
cell_14960,5972.85,303.31
cell_14961,5973.31,1787.2
cell_14962,5973.5,346.49
cell_14963,5973.9,2135.65
cell_14964,5974.48,400.93
cell_14965,5974.91,770.33
cell_14966,5974.97,45.51
cell_14967,5975.06,2176.01
cell_14968,5975.19,174.55
cell_14969,5975.39,2148.62
cell_14970,5975.62,519.03
cell_14971,5975.7,694.91
cell_14972,5976.06,265.7
cell_14973,5976.21,1295.55
cell_14974,5976.28,198.18
cell_14975,5976.37,658.68
cell_14976,5976.43,2190.12
cell_14977,5976.45,2742.87
cell_14978,5976.55,1114.6
cell_14979,5976.66,2535.85
cell_14980,5977.01,836.18
cell_14981,5977.07,2660.1
cell_14982,5977.42,791.82
cell_14983,5977.48,333.52
cell_14984,5977.83,38.69
cell_14985,5977.9,16.01
cell_14986,5978,2468.68
cell_14987,5978.09,2330.11
cell_14988,5978.18,547.01
cell_14989,5978.32,874.31
cell_14990,5979,391.72
cell_14991,5979.33,185.55
cell_14992,5979.68,893.06
cell_14993,5979.77,233.77
cell_14994,5979.79,2203.51
cell_14995,598.6,1528.92
cell_14996,5980.16,1073.68
cell_14997,5980.47,505.31
cell_14998,5980.54,426.13
cell_14999,5981.78,918.31
cell_15000,5982.34,2710.57
cell_15001,5982.59,252.73
cell_15002,5982.98,2163.09
cell_15003,5983.1,706.35
cell_15004,5983.11,1921.14
cell_15005,5983.37,2575.49
cell_15006,5983.49,820.83
cell_15007,5983.78,2000.58
cell_15008,5983.84,314.73
cell_15009,5984.01,2232.05
cell_15010,5984.02,2115.43
cell_15011,5984.09,1618.53
cell_15012,5984.09,602.82
cell_15013,5985.07,299.5
cell_15014,5985.38,534.15
cell_15015,5985.55,2727.96
cell_15016,5985.88,672.39
cell_15017,5986.79,517.76
cell_15018,5987.51,774.39
cell_15019,5987.84,1660.71
cell_15020,5988.05,807.2
cell_15021,5988.6,131.05
cell_15022,5988.6,976.48
cell_15023,5988.8,2807.28
cell_15024,5989.3,2551
cell_15025,5989.36,64.56
cell_15026,5989.53,727.6
cell_15027,5989.6,343
cell_15028,5989.66,162.91
cell_15029,5989.83,1132.68
cell_15030,5989.85,116.2
cell_15031,5990.19,2264.87
cell_15032,5990.37,1193.16
cell_15033,5990.48,696.25
cell_15034,5990.56,1629.31
cell_15035,5991.18,2432.53
cell_15036,5991.39,408.04
cell_15037,5991.41,1167.48
cell_15038,5991.46,860.51
cell_15039,5991.7,190.28
cell_15040,5991.88,885.03
cell_15041,5992.64,2462.33
cell_15042,5992.94,629.26
cell_15043,5993.01,1337.38
cell_15044,5993.08,2415.95
cell_15045,5993.35,15.29
cell_15046,5993.51,596.69
cell_15047,5993.65,428.38
cell_15048,5994.07,241.85
cell_15049,5994.16,574.76
cell_15050,5994.76,123.42
cell_15051,5995.24,478.04
cell_15052,5996.46,2728.83
cell_15053,5996.93,253.75
cell_15054,5997.29,765.37
cell_15055,5997.39,677.73
cell_15056,5997.74,555.9
cell_15057,5997.86,495.02
cell_15058,5998.26,2309.37
cell_15059,5998.8,950.5
cell_15060,5999.07,1423.94
cell_15061,5999.28,752.54
cell_15062,5999.35,521.23
cell_15063,5999.41,2078.15
cell_15064,60.57,2098.55
cell_15065,600.18,1568.28
cell_15066,6000.09,324.39
cell_15067,6000.28,2564.01
cell_15068,6000.91,99.94
cell_15069,6001.73,185.57
cell_15070,6001.99,1150.28
cell_15071,6001.99,2621.37
cell_15072,6002,867.89
cell_15073,6002.93,920.43
cell_15074,6003.24,2127.11
cell_15075,6003.31,2639.88
cell_15076,6003.62,267.14
cell_15077,6003.95,2661.7
cell_15078,6004.08,504.21
cell_15079,6004.13,349.7
cell_15080,6004.16,1828.13
cell_15081,6004.26,1787.8
cell_15082,6004.96,543.47
cell_15083,6005.3,642.25
cell_15084,6005.91,850.3
cell_15085,6006.5,399.29
cell_15086,6006.56,582.06
cell_15087,6006.9,596.15
cell_15088,6006.95,2033.65
cell_15089,6007.3,1174.5
cell_15090,6007.32,696.86
cell_15091,6007.49,786.59
cell_15092,6007.97,487.76
cell_15093,6008.01,621.39
cell_15094,6008.23,2749.5
cell_15095,6008.36,2584.8
cell_15096,6008.5,1099.75
cell_15097,6008.7,2181.26
cell_15098,6008.75,811.19
cell_15099,6009.12,764.93
cell_15100,6009.94,1058.29
cell_15101,601.64,1426.78
cell_15102,6010,1760.85
cell_15103,6010,2154.64
cell_15104,6010.03,1307.31
cell_15105,6010.38,310.87
cell_15106,6010.88,65.33
cell_15107,6011.18,188.82
cell_15108,6011.76,421.8
cell_15109,6011.82,2218.41
cell_15110,6011.91,2282.39
cell_15111,6011.96,1012.09
cell_15112,6011.99,2428.01
cell_15113,6012.03,2444.23
cell_15114,6012.62,792.98
cell_15115,6012.88,2196.78
cell_15116,6013.11,2724.99
cell_15117,6013.62,1082.03
cell_15118,6013.66,1969.41
cell_15119,6014.26,559.68
cell_15120,6014.47,55.16
cell_15121,6014.73,131.07
cell_15122,6014.76,723
cell_15123,6015.02,2143.77
cell_15124,6015.18,2639.83
cell_15125,6015.22,1879.26
cell_15126,6015.25,107.76
cell_15127,6015.41,433.82
cell_15128,6015.82,1131.28
cell_15129,6016.06,412.34
cell_15130,6016.12,1400.91
cell_15131,6016.26,513.47
cell_15132,6016.67,2407.71
cell_15133,6016.82,528.15
cell_15134,6017.47,2315.46
cell_15135,6018.06,2629.08
cell_15136,6018.35,2069.86
cell_15137,6018.47,495.17
cell_15138,6018.5,713.02
cell_15139,6018.74,1094.38
cell_15140,6018.98,637.83
cell_15141,6018.99,585.75
cell_15142,6019.56,2570.01
cell_15143,6019.59,303.62
cell_15144,6019.75,806.65
cell_15145,6019.78,2015.14
cell_15146,6020.02,1703.04
cell_15147,6020.14,335.94
cell_15148,6020.67,446.52
cell_15149,6020.69,1119.4
cell_15150,6020.69,2658.58
cell_15151,6020.71,2100.71
cell_15152,6020.94,904.95
cell_15153,6021.02,1908.32
cell_15154,6021.22,120.13
cell_15155,6021.51,1070.67
cell_15156,6021.59,2115.54
cell_15157,6022.07,618.14
cell_15158,6022.53,171.16
cell_15159,6022.85,322.89
cell_15160,6023.14,878.54
cell_15161,6024.04,235.88
cell_15162,6024.79,2713.81
cell_15163,6024.94,2051.81
cell_15164,6025.11,1935.87
cell_15165,6025.59,2799.16
cell_15166,6025.78,2580.34
cell_15167,6026.04,1537.92
cell_15168,6026.06,1784.04
cell_15169,6026.24,2560.1
cell_15170,6026.32,1605.64
cell_15171,6026.53,2421.65
cell_15172,6026.64,2726.3
cell_15173,6026.94,112.85
cell_15174,6027.43,2533.31
cell_15175,6027.5,506.46
cell_15176,6027.56,435.01
cell_15177,6027.63,2034.77
cell_15178,6027.83,545.46
cell_15179,6027.93,2755.68
cell_15180,6028.22,728.56
cell_15181,6028.4,2464.87
cell_15182,6028.73,1578.02
cell_15183,6028.91,2239.28
cell_15184,6028.99,64.53
cell_15185,6029.44,2742.36
cell_15186,6029.53,2639.34
cell_15187,6029.65,407.17
cell_15188,6030.11,1820.43
cell_15189,6030.26,100.22
cell_15190,6030.31,347.88
cell_15191,6030.42,524.03
cell_15192,6030.74,776.6
cell_15193,6030.89,2454.53
cell_15194,6031,859.45
cell_15195,6031.01,2314.44
cell_15196,6031.4,799.42
cell_15197,6031.86,206.69
cell_15198,6032.13,743.4
cell_15199,6032.27,147.12
cell_15200,6032.43,2543.83
cell_15201,6032.72,2002.16
cell_15202,6032.84,2199.15
cell_15203,6032.96,610.07
cell_15204,6033.72,1654.35
cell_15205,6033.81,186.67
cell_15206,6033.88,896.83
cell_15207,6035.13,2168.51
cell_15208,6035.16,1463.46
cell_15209,6035.3,2661.33
cell_15210,6036.06,2616.41
cell_15211,6036.24,916
cell_15212,6036.49,38.11
cell_15213,6036.67,2627.76
cell_15214,6036.89,2553.39
cell_15215,6037.72,2092.32
cell_15216,6038.13,822.12
cell_15217,6038.16,2408.64
cell_15218,6038.49,537.09
cell_15219,6038.63,268.75
cell_15220,6038.78,19.27
cell_15221,6038.96,1907.85
cell_15222,6039.06,2267.86
cell_15223,6039.18,763.39
cell_15224,6039.34,425.2
cell_15225,6039.48,1409.25
cell_15226,6039.63,441.05
cell_15227,604.21,1395.7
cell_15228,6040.26,1606.98
cell_15229,6040.77,1042.55
cell_15230,6040.77,312.08
cell_15231,6041.07,558.89
cell_15232,6041.43,2424.28
cell_15233,6041.51,1380.95
cell_15234,6041.59,118.99
cell_15235,6041.76,1368.01
cell_15236,6041.92,945.51
cell_15237,6042.19,133.07
cell_15238,6042.55,1426.91
cell_15239,6042.62,193.06
cell_15240,6043.51,165.17
cell_15241,6043.52,2067.36
cell_15242,6043.74,2221.17
cell_15243,6044.05,591.46
cell_15244,6044.1,2056.94
cell_15245,6044.14,878.86
cell_15246,6044.29,682.26
cell_15247,6044.52,744.08
cell_15248,6044.53,328.56
cell_15249,6044.58,635.91
cell_15250,6044.84,1021.79
cell_15251,6045.17,178.1
cell_15252,6045.24,1100.14
cell_15253,6045.38,514.95
cell_15254,6045.63,1087.19
cell_15255,6046.59,1109.7
cell_15256,6046.75,729.92
cell_15257,6046.89,2806.73
cell_15258,6047.31,203
cell_15259,6047.33,545.87
cell_15260,6047.41,420.07
cell_15261,6048.05,839.54
cell_15262,6048.26,699.78
cell_15263,6048.45,69.38
cell_15264,6048.54,2443.02
cell_15265,6048.57,2747.15
cell_15266,6048.7,857.27
cell_15267,6049.16,2648.17
cell_15268,6049.61,2144.83
cell_15269,605.03,1552.35
cell_15270,605.15,2692.5
cell_15271,605.21,1226.26
cell_15272,605.41,1250.78
cell_15273,6050.4,2290.24
cell_15274,6051.46,912.9
cell_15275,6051.56,570.46
cell_15276,6051.93,304.49
cell_15277,6052.17,2243.37
cell_15278,6052.21,1687.45
cell_15279,6052.32,408.74
cell_15280,6052.44,2714.34
cell_15281,6052.7,2660.75
cell_15282,6052.7,751.68
cell_15283,6053.38,2525.16
cell_15284,6053.61,527.45
cell_15285,6053.64,2534.75
cell_15286,6053.76,336.89
cell_15287,6054,641.42
cell_15288,6054.47,2794.99
cell_15289,6054.49,442.21
cell_15290,6054.81,2560.79
cell_15291,6055.36,1945.84
cell_15292,6055.51,719.5
cell_15293,6055.78,243.12
cell_15294,6056.02,1059.72
cell_15295,6056.1,2188.55
cell_15296,6056.15,1389.21
cell_15297,6056.15,1846.85
cell_15298,6056.29,549.21
cell_15299,6056.43,256.55
cell_15300,6056.55,163.68
cell_15301,6056.71,794.23
cell_15302,6057.04,100.37
cell_15303,6057.11,2320.09
cell_15304,6057.26,887.12
cell_15305,6057.6,2547.62
cell_15306,6057.84,767.49
cell_15307,6057.88,618.1
cell_15308,6058.98,1077.93
cell_15309,6059.4,2304.23
cell_15310,6059.56,2273.69
cell_15311,6059.7,1137.38
cell_15312,6060.15,2070.36
cell_15313,6060.66,2167.52
cell_15314,6060.75,2618.45
cell_15315,6060.86,116.21
cell_15316,6060.9,593.11
cell_15317,6061.67,2737.75
cell_15318,6061.69,318.21
cell_15319,6062.05,941.38
cell_15320,6062.08,28.52
cell_15321,6062.15,842.53
cell_15322,6062.53,2417.99
cell_15323,6062.81,2724.97
cell_15324,6062.91,1984.29
cell_15325,6062.93,562.03
cell_15326,6063.37,346.63
cell_15327,6063.46,729.05
cell_15328,6063.52,2041.13
cell_15329,6064.18,684.89
cell_15330,6064.28,1557.17
cell_15331,6064.49,1906.2
cell_15332,6065.14,2469.22
cell_15333,6065.17,1380.01
cell_15334,6065.26,829.63
cell_15335,6065.52,2747.76
cell_15336,6065.56,757.76
cell_15337,6065.57,638.64
cell_15338,6065.8,2637.97
cell_15339,6065.89,576.83
cell_15340,6066.33,2021.81
cell_15341,6066.87,190.97
cell_15342,6067.43,267.3
cell_15343,6068.01,55.87
cell_15344,6068.56,2209.35
cell_15345,6069.21,1125.04
cell_15346,6069.27,1653.88
cell_15347,6069.61,2580.67
cell_15348,6069.69,2084.45
cell_15349,6070.21,2805.02
cell_15350,6070.56,167.22
cell_15351,6071.14,20.27
cell_15352,6071.91,967.67
cell_15353,6072.64,2648.85
cell_15354,6072.73,2283.01
cell_15355,6073.14,238.37
cell_15356,6073.56,2442.57
cell_15357,6073.64,722.81
cell_15358,6073.96,425.72
cell_15359,6074.08,938.17
cell_15360,6074.36,1884.35
cell_15361,6074.55,2313.32
cell_15362,6074.56,256.04
cell_15363,6074.88,606.04
cell_15364,6074.89,661.14
cell_15365,6075.03,2630.28
cell_15366,6075.09,743.25
cell_15367,6075.65,330.73
cell_15368,6075.78,2534.57
cell_15369,6076.14,711.14
cell_15370,6076.5,305.39
cell_15371,6076.71,816.85
cell_15372,6076.93,800.54
cell_15373,6076.97,2725.7
cell_15374,6077.12,117.38
cell_15375,6077.13,179.47
cell_15376,6077.6,1779.51
cell_15377,6077.66,132.48
cell_15378,6077.99,1407.89
cell_15379,6078,443.22
cell_15380,6078.18,96.51
cell_15381,6078.41,2242.59
cell_15382,6078.46,493.38
cell_15383,6078.81,731.87
cell_15384,6079.3,504.11
cell_15385,6079.79,409.93
cell_15386,6079.82,955.01
cell_15387,6079.93,2662.61
cell_15388,608.78,1352.41
cell_15389,608.82,1186.4
cell_15390,6080.11,639.24
cell_15391,6080.15,2169.19
cell_15392,6080.71,1435.13
cell_15393,6080.86,270.72
cell_15394,6081.17,1843.2
cell_15395,6081.19,888
cell_15396,6081.2,1731.05
cell_15397,6081.2,674.08
cell_15398,6081.31,2562.43
cell_15399,6081.39,2099.57
cell_15400,6081.44,1686.77
cell_15401,6081.68,50.93
cell_15402,6082.27,2470.61
cell_15403,6082.5,756.09
cell_15404,6082.81,2547.33
cell_15405,6082.97,2525.88
cell_15406,6083.27,848.74
cell_15407,6083.5,2640.44
cell_15408,6083.81,1109.06
cell_15409,6083.84,2621.35
cell_15410,6083.86,1353.76
cell_15411,6083.95,2324.22
cell_15412,6084.3,628.25
cell_15413,6084.45,794.63
cell_15414,6084.79,995.95
cell_15415,6084.81,2745.94
cell_15416,6084.94,1373.07
cell_15417,6085.62,2036.85
cell_15418,6086.19,616.74
cell_15419,6086.48,421.83
cell_15420,6086.65,107.39
cell_15421,6087.2,2129.22
cell_15422,6087.24,1460.74
cell_15423,6087.29,1923.17
cell_15424,6087.97,345.05
cell_15425,6088.08,38.85
cell_15426,6088.43,62.94
cell_15427,6088.48,821.52
cell_15428,6088.51,2221.52
cell_15429,6089.22,2144.29
cell_15430,6089.35,2077.8
cell_15431,6089.38,185.56
cell_15432,6089.62,1759.36
cell_15433,6089.8,766.99
cell_15434,6090.04,201.87
cell_15435,6090.38,860.86
cell_15436,6090.4,1587.3
cell_15437,6090.51,1065.75
cell_15438,6090.85,175.08
cell_15439,6091.6,119.18
cell_15440,6091.9,430.81
cell_15441,6092.75,2735.16
cell_15442,6092.94,564.47
cell_15443,6093.02,1438.22
cell_15444,6093.4,1081.8
cell_15445,6093.5,98.08
cell_15446,6093.57,2541.19
cell_15447,6093.79,2800.29
cell_15448,6093.8,1948.32
cell_15449,6093.99,1122.09
cell_15450,6094.43,2708.77
cell_15451,6094.49,256.6
cell_15452,6094.64,967.61
cell_15453,6095.41,1420.42
cell_15454,6095.58,2267.58
cell_15455,6095.86,2307.5
cell_15456,6095.93,779.03
cell_15457,6095.98,1517.02
cell_15458,6096.11,320.12
cell_15459,6096.13,2639.21
cell_15460,6096.24,2206.13
cell_15461,6096.35,445.74
cell_15462,6096.37,2193.93
cell_15463,6097.13,331.5
cell_15464,6097.61,2649.61
cell_15465,6097.68,306.61
cell_15466,6097.72,1021.8
cell_15467,6097.73,2054.63
cell_15468,6098.12,2722.68
cell_15469,6098.64,736.85
cell_15470,6098.86,984.91
cell_15471,6098.99,248.18
cell_15472,6099.06,2073.46
cell_15473,6099.17,879.24
cell_15474,6099.47,190.93
cell_15475,6099.77,2534.55
cell_15476,610.96,1538.29
cell_15477,6100.41,410.96
cell_15478,6101.53,2628.4
cell_15479,6101.53,558.65
cell_15480,6101.74,704.69
cell_15481,6101.75,25
cell_15482,6101.94,2289.25
cell_15483,6102.04,717.76
cell_15484,6102.1,268.68
cell_15485,6102.54,432.18
cell_15486,6102.56,343.49
cell_15487,6102.75,1136.34
cell_15488,6103.22,574.07
cell_15489,6103.57,2404.19
cell_15490,6103.64,2322.2
cell_15491,6104.15,1061.62
cell_15492,6104.33,792.47
cell_15493,6104.46,170.39
cell_15494,6104.9,236.82
cell_15495,6104.91,1095.41
cell_15496,6105.05,589.77
cell_15497,6105.08,48.36
cell_15498,6105.32,2575.13
cell_15499,6105.52,2251.73
cell_15500,6105.78,1557.94
cell_15501,6106.04,2526.19
cell_15502,6106.61,1005.09
cell_15503,6107.21,2640.75
cell_15504,6107.51,2561.71
cell_15505,6107.61,2663.36
cell_15506,6107.69,93.47
cell_15507,6107.85,599.76
cell_15508,6108.19,2415.54
cell_15509,6108.41,2023.32
cell_15510,6108.87,612.69
cell_15511,6109.36,2746.31
cell_15512,6109.96,279.69
cell_15513,611.32,1584.28
cell_15514,6110.27,1481.43
cell_15515,6110.28,254.2
cell_15516,6110.33,2104.86
cell_15517,6110.35,2545.71
cell_15518,6110.6,730.84
cell_15519,6110.66,2468.39
cell_15520,6110.78,2585.31
cell_15521,6111.1,2618.31
cell_15522,6111.18,112.3
cell_15523,6111.38,2061.39
cell_15524,6111.87,2736.33
cell_15525,6112.33,934.1
cell_15526,6112.48,1763.86
cell_15527,6112.5,770.49
cell_15528,6112.54,2044.95
cell_15529,6112.64,131.55
cell_15530,6113.08,717.51
cell_15531,6113.44,2456.46
cell_15532,6114.16,2706.62
cell_15533,6114.63,2795.14
cell_15534,6114.75,1922.34
cell_15535,6115.07,526.35
cell_15536,6115.25,2034.96
cell_15537,6115.5,2224.45
cell_15538,6115.71,870.62
cell_15539,6115.73,965.03
cell_15540,6115.74,444.37
cell_15541,6115.92,1127.41
cell_15542,6115.92,2163.92
cell_15543,6115.96,317.66
cell_15544,6116,832.94
cell_15545,6116.16,540.07
cell_15546,6116.33,797.56
cell_15547,6116.87,2312.07
cell_15548,6117.05,1155.85
cell_15549,6117.19,1402.19
cell_15550,6117.24,1999.31
cell_15551,6117.62,2654.09
cell_15552,6117.7,589.21
cell_15553,6118.82,428.37
cell_15554,6118.91,636.1
cell_15555,6119.18,559.66
cell_15556,6119.69,621.88
cell_15557,6119.89,2268.27
cell_15558,612.34,1365.55
cell_15559,612.94,1604.24
cell_15560,6120.09,2716.58
cell_15561,6120.11,947.09
cell_15562,6120.16,2010.41
cell_15563,6120.2,1593.7
cell_15564,6120.31,2202.52
cell_15565,6120.42,343.18
cell_15566,6120.44,2077.69
cell_15567,6120.81,890.6
cell_15568,6121.25,58.52
cell_15569,6121.29,2526.58
cell_15570,6121.31,1063.99
cell_15571,6121.58,757.43
cell_15572,6121.66,198.67
cell_15573,6121.82,606.45
cell_15574,6122.01,734.39
cell_15575,6122.26,416.23
cell_15576,6122.46,1112.24
cell_15577,6122.79,518.79
cell_15578,6122.93,2729.4
cell_15579,6123.13,784.82
cell_15580,6123.14,102.21
cell_15581,6123.51,2633.55
cell_15582,6123.88,530.92
cell_15583,6124.28,165.42
cell_15584,6124.38,51.19
cell_15585,6124.41,121.02
cell_15586,6124.76,722.34
cell_15587,6125.03,111.82
cell_15588,6125.23,2663.6
cell_15589,6125.34,772.66
cell_15590,6125.38,2539.56
cell_15591,6125.59,2804.97
cell_15592,6126.04,495.7
cell_15593,6126.16,2181.9
cell_15594,6126.18,819.51
cell_15595,6126.46,2318.85
cell_15596,6126.87,405.93
cell_15597,6127.34,175.46
cell_15598,6127.42,1081.9
cell_15599,6127.7,2035.68
cell_15600,6127.71,988.72
cell_15601,6129.29,509.36
cell_15602,613.17,1241.13
cell_15603,613.72,1520.14
cell_15604,6130.29,307.08
cell_15605,6130.48,330.3
cell_15606,6130.67,2241.68
cell_15607,6130.89,2133.78
cell_15608,6131.04,929.18
cell_15609,6131.2,2107.07
cell_15610,6131.43,522.61
cell_15611,6132.19,908.02
cell_15612,6132.29,626.6
cell_15613,6132.31,566.54
cell_15614,6132.38,749.17
cell_15615,6132.42,1044.87
cell_15616,6132.65,319.18
cell_15617,6132.66,24.3
cell_15618,6132.9,600.63
cell_15619,6133.21,2304.18
cell_15620,6133.77,270.24
cell_15621,6133.97,182.68
cell_15622,6133.99,2415.58
cell_15623,6134.49,2170.29
cell_15624,6134.78,1836.99
cell_15625,6135.24,764.75
cell_15626,6135.57,255.38
cell_15627,6135.66,532.83
cell_15628,6135.68,997.47
cell_15629,6136.02,127.22
cell_15630,6136.12,2556.75
cell_15631,6136.13,194.27
cell_15632,6136.17,2641.69
cell_15633,6136.29,614.05
cell_15634,6136.33,655.69
cell_15635,6136.37,868.89
cell_15636,6136.97,2440.08
cell_15637,6137.31,640.62
cell_15638,6137.52,837.96
cell_15639,6137.73,344.35
cell_15640,6137.77,94.98
cell_15641,6138.27,970.44
cell_15642,6138.41,734.98
cell_15643,6138.54,2065.09
cell_15644,6138.74,2624.93
cell_15645,6139.04,2808.22
cell_15646,6139.16,2583.54
cell_15647,6139.7,115.37
cell_15648,6139.74,1886.93
cell_15649,6139.78,2716.89
cell_15650,6139.95,516.78
cell_15651,6139.96,501.39
cell_15652,614.89,1211.39
cell_15653,6140.34,2186.47
cell_15654,6140.75,236.54
cell_15655,6140.8,2548.8
cell_15656,6140.89,559.19
cell_15657,6140.91,2280.69
cell_15658,6140.99,632.35
cell_15659,6141.14,2316.64
cell_15660,6141.45,2566.48
cell_15661,6142.33,301.84
cell_15662,6142.36,2228.53
cell_15663,6142.86,542.91
cell_15664,6143.13,825.67
cell_15665,6143.23,466.31
cell_15666,6143.45,433.76
cell_15667,6143.59,2794.58
cell_15668,6143.64,1012.51
cell_15669,6143.83,1799.14
cell_15670,6144.09,2648.89
cell_15671,6144.11,2158.11
cell_15672,6144.3,423.75
cell_15673,6144.34,2664.18
cell_15674,6144.35,414.2
cell_15675,6144.68,588.98
cell_15676,6144.92,329.99
cell_15677,6145.1,2742.99
cell_15678,6145.23,664.34
cell_15679,6145.68,162.45
cell_15680,6145.98,946.72
cell_15681,6146.56,744.16
cell_15682,6146.73,490.57
cell_15683,6147.17,2530.58
cell_15684,6147.31,2455.19
cell_15685,6147.56,106.47
cell_15686,6147.91,603.09
cell_15687,6148.01,2254.34
cell_15688,6148.35,764.9
cell_15689,6149.39,991.46
cell_15690,6149.51,40.65
cell_15691,6149.56,2638.92
cell_15692,6149.7,650.25
cell_15693,6149.9,789.51
cell_15694,6149.98,1190.68
cell_15695,615.38,1553.21
cell_15696,6150.08,1088.49
cell_15697,6150.26,2005.79
cell_15698,6150.56,854.16
cell_15699,6150.71,2725.67
cell_15700,6150.85,2091.36
cell_15701,6151.55,2210.39
cell_15702,6151.62,534.29
cell_15703,6151.64,2305.71
cell_15704,6151.69,272.44
cell_15705,6151.93,1121.75
cell_15706,6151.96,457.76
cell_15707,6151.96,632.99
cell_15708,6151.98,1977.8
cell_15709,6152.07,2221.21
cell_15710,6152.28,810.51
cell_15711,6152.43,1027.68
cell_15712,6152.44,195.67
cell_15713,6152.9,50.51
cell_15714,6153.04,170.74
cell_15715,6153.17,314.76
cell_15716,6153.29,558.47
cell_15717,6153.6,2404.18
cell_15718,6153.96,2055.27
cell_15719,6155.3,183.42
cell_15720,6155.47,2295.07
cell_15721,6155.47,2543.47
cell_15722,6155.5,754.68
cell_15723,6155.74,2422.46
cell_15724,6155.83,1761.95
cell_15725,6156.04,246.35
cell_15726,6156.11,775.46
cell_15727,6156.14,596.55
cell_15728,6156.43,2081.62
cell_15729,6156.55,114.78
cell_15730,6156.84,2470.78
cell_15731,6156.9,1531.62
cell_15732,6156.94,1918.78
cell_15733,6157.76,523.33
cell_15734,6157.83,2808.02
cell_15735,6157.9,1278.08
cell_15736,6157.92,544.13
cell_15737,6157.98,1348.79
cell_15738,6158.31,502.84
cell_15739,6158.38,60.13
cell_15740,6158.7,2750.6
cell_15741,6158.79,1136.07
cell_15742,6159,2638.59
cell_15743,6159.5,2711.78
cell_15744,6159.81,433.3
cell_15745,6159.92,126.53
cell_15746,6160.02,303.57
cell_15747,6160.26,2318.27
cell_15748,6160.29,908.78
cell_15749,6160.31,2106.39
cell_15750,6160.7,2200.07
cell_15751,6160.78,926.61
cell_15752,6160.96,2560.95
cell_15753,6160.98,1943.15
cell_15754,6160.99,645.29
cell_15755,6161.37,659.43
cell_15756,6161.43,165.57
cell_15757,6161.44,2067.41
cell_15758,6161.8,604.24
cell_15759,6161.95,266.51
cell_15760,6162.55,631.4
cell_15761,6162.85,2413.55
cell_15762,6163.19,2125.62
cell_15763,6163.3,620.53
cell_15764,6163.68,830.16
cell_15765,6163.97,578.68
cell_15766,6164.09,420.08
cell_15767,6164.18,1080.05
cell_15768,6164.32,27.1
cell_15769,6164.46,589.59
cell_15770,6165.04,2231.06
cell_15771,6165.19,2660.85
cell_15772,6165.33,2440.64
cell_15773,6165.47,860.5
cell_15774,6165.52,329.13
cell_15775,6165.67,41.55
cell_15776,6165.94,236.32
cell_15777,6165.95,1830.46
cell_15778,6166.53,176.16
cell_15779,6166.77,492.35
cell_15780,6166.9,764.32
cell_15781,6167.08,454.86
cell_15782,6168.14,2136.85
cell_15783,6168.15,894.21
cell_15784,6168.48,93.81
cell_15785,6168.72,792.01
cell_15786,6169.24,257.88
cell_15787,6169.39,2794.22
cell_15788,6169.51,970.42
cell_15789,6169.76,1098.65
cell_15790,6169.87,401.63
cell_15791,6169.98,2332.12
cell_15792,617.02,2143.98
cell_15793,617.55,1449.15
cell_15794,6170.47,2073.42
cell_15795,6170.82,1993.16
cell_15796,6171.23,341.69
cell_15797,6171.4,2534.1
cell_15798,6171.54,615.52
cell_15799,6171.55,519.92
cell_15800,6171.71,430.07
cell_15801,6171.78,1381.6
cell_15802,6171.82,822.02
cell_15803,6171.93,654.47
cell_15804,6172.13,2167.68
cell_15805,6172.44,413.36
cell_15806,6173.08,472.28
cell_15807,6173.23,163.81
cell_15808,6173.86,2804.67
cell_15809,6174.33,606.7
cell_15810,6174.35,668.05
cell_15811,6174.42,50.37
cell_15812,6174.68,692.17
cell_15813,6174.83,956.39
cell_15814,6174.99,775.93
cell_15815,6175.51,2179.99
cell_15816,6175.61,1196.66
cell_15817,6175.64,2545.84
cell_15818,6175.94,802.89
cell_15819,6176.03,1788.29
cell_15820,6176.83,2741.32
cell_15821,6177.26,2262.65
cell_15822,6177.41,302.58
cell_15823,6178.17,1968.78
cell_15824,6178.24,321.57
cell_15825,6178.82,112.37
cell_15826,6179.43,1052.58
cell_15827,6179.43,938.45
cell_15828,6179.76,843.19
cell_15829,6179.83,630.92
cell_15830,6179.9,1333.67
cell_15831,6179.98,2325.41
cell_15832,6180.21,459.15
cell_15833,6180.96,1434.1
cell_15834,6180.99,535
cell_15835,6181.22,573.97
cell_15836,6181.41,2716.05
cell_15837,6181.48,488.43
cell_15838,6181.49,2051.92
cell_15839,6181.57,266.66
cell_15840,6181.66,197.64
cell_15841,6181.87,593.92
cell_15842,6182.03,992.68
cell_15843,6182.07,126.78
cell_15844,6182.29,2432.09
cell_15845,6182.32,1091.65
cell_15846,6182.64,1907
cell_15847,6182.8,347.07
cell_15848,6182.81,784.94
cell_15849,6183.27,330.49
cell_15850,6183.76,605.13
cell_15851,6184.2,1030.49
cell_15852,6184.24,2734.17
cell_15853,6184.55,642.55
cell_15854,6184.68,554.26
cell_15855,6184.81,430.4
cell_15856,6184.9,500.15
cell_15857,6184.93,686.24
cell_15858,6185.29,2002.99
cell_15859,6185.59,652.73
cell_15860,6185.61,2248.43
cell_15861,6186.04,2211.9
cell_15862,6186.11,524.25
cell_15863,6186.3,707.68
cell_15864,6186.4,2015.86
cell_15865,6186.4,619.38
cell_15866,6186.59,396.16
cell_15867,6186.73,564.48
cell_15868,6186.8,39.47
cell_15869,6186.86,1110.76
cell_15870,6187.75,2300.13
cell_15871,6187.86,475.7
cell_15872,6187.97,2558.83
cell_15873,6188.05,190.83
cell_15874,6188.31,2279.55
cell_15875,6188.43,792.35
cell_15876,6188.5,1450.98
cell_15877,6188.99,1019.8
cell_15878,6189.29,873.61
cell_15879,6189.75,2664.54
cell_15880,6190.33,1384.93
cell_15881,6190.43,406.68
cell_15882,6190.59,2581.29
cell_15883,6190.72,2636.72
cell_15884,6190.75,255.89
cell_15885,6190.91,2319.57
cell_15886,6191.26,1945.81
cell_15887,6191.43,1256.49
cell_15888,6191.54,164.07
cell_15889,6191.76,232.84
cell_15890,6191.82,94.29
cell_15891,6191.84,2622.13
cell_15892,6191.87,2722.29
cell_15893,6191.91,583.46
cell_15894,6192.01,666.33
cell_15895,6192.19,458.51
cell_15896,6192.4,1403.35
cell_15897,6192.82,818.25
cell_15898,6192.86,828.53
cell_15899,6193.24,2033.56
cell_15900,6193.62,719.7
cell_15901,6193.74,489.37
cell_15902,6193.76,1827.71
cell_15903,6193.9,1216.56
cell_15904,6193.98,2075.35
cell_15905,6194.2,921.5
cell_15906,6194.32,2105.72
cell_15907,6194.33,2332.12
cell_15908,6194.72,113.68
cell_15909,6195,2408.75
cell_15910,6195.2,2084.93
cell_15911,6195.29,2805.62
cell_15912,6195.31,2053.29
cell_15913,6195.34,2419.29
cell_15914,6195.85,184.6
cell_15915,6195.93,2042.34
cell_15916,6196.36,24.45
cell_15917,6196.42,2229.14
cell_15918,6196.75,59.62
cell_15919,6196.99,2065.42
cell_15920,6197.21,934.92
cell_15921,6197.28,2193.29
cell_15922,6197.71,1146.97
cell_15923,6198.09,1345.24
cell_15924,6198.1,649.04
cell_15925,6198.11,2129.88
cell_15926,6198.28,315.63
cell_15927,6198.53,637.02
cell_15928,6198.68,2022.55
cell_15929,6198.99,403.19
cell_15930,6199.24,703.73
cell_15931,6199.75,595.11
cell_15932,6199.91,2541.83
cell_15933,6199.99,2551.77
cell_15934,620.17,1224.47
cell_15935,620.65,1572.02
cell_15936,6200.04,959.16
cell_15937,6200.25,2179.55
cell_15938,6200.54,2731.82
cell_15939,6200.87,413.29
cell_15940,6201.09,468.63
cell_15941,6201.79,2751.93
cell_15942,6202.16,615.03
cell_15943,6202.42,551.39
cell_15944,6203.19,427.26
cell_15945,6203.29,681.58
cell_15946,6203.58,2260.98
cell_15947,6203.88,604.49
cell_15948,6203.89,800.55
cell_15949,6204.01,2740.25
cell_15950,6204.02,1998.59
cell_15951,6204.13,258.04
cell_15952,6204.23,343.93
cell_15953,6204.86,2445.66
cell_15954,6204.91,303.48
cell_15955,6205.33,393.32
cell_15956,6205.58,175.68
cell_15957,6205.71,2635.27
cell_15958,6205.72,1974.31
cell_15959,6205.98,578.91
cell_15960,6206.33,39.45
cell_15961,6206.41,1136.26
cell_15962,6206.41,2335.77
cell_15963,6206.72,2561.17
cell_15964,6206.93,980.32
cell_15965,6207.05,117.04
cell_15966,6207.1,1806.7
cell_15967,6207.2,2474.78
cell_15968,6207.64,2530.43
cell_15969,6207.7,2315.95
cell_15970,6208.06,832.62
cell_15971,6208.31,563.64
cell_15972,6208.46,2347.82
cell_15973,6208.56,879.98
cell_15974,6208.66,754.94
cell_15975,6208.68,48.08
cell_15976,6208.8,2455.95
cell_15977,6209.15,270.01
cell_15978,6209.27,1749.4
cell_15979,6209.54,532.74
cell_15980,6209.9,674.39
cell_15981,6209.92,240.85
cell_15982,621.21,2112.46
cell_15983,6210.04,95.86
cell_15984,6210.14,708.16
cell_15985,6210.57,21.79
cell_15986,6210.85,2274.58
cell_15987,6210.87,1371.87
cell_15988,6210.93,130.23
cell_15989,6210.98,727.73
cell_15990,6211.29,1173.22
cell_15991,6211.52,1089.57
cell_15992,6211.54,690.99
cell_15993,6211.68,105.64
cell_15994,6212.33,1875.33
cell_15995,6212.65,1303.68
cell_15996,6212.74,1039.75
cell_15997,6212.86,313.53
cell_15998,6213.04,34.53
cell_15999,6213.14,2725.43
cell_16000,6213.51,665.03
cell_16001,6213.64,1830.26
cell_16002,6214.74,2735.42
cell_16003,6215.05,654.45
cell_16004,6215.31,2809.06
cell_16005,6215.45,2223.4
cell_16006,6215.74,907.3
cell_16007,6216.48,2583.1
cell_16008,6217.49,1349.01
cell_16009,6217.85,700.98
cell_16010,6218.23,408.07
cell_16011,6218.31,2631.71
cell_16012,6218.46,611.45
cell_16013,6218.67,2432.66
cell_16014,6218.74,592.08
cell_16015,6218.79,2567.08
cell_16016,6218.81,54.03
cell_16017,6218.83,751.68
cell_16018,6218.84,343.37
cell_16019,6218.95,2337.95
cell_16020,6219.17,389.37
cell_16021,6219.38,2411.36
cell_16022,6219.6,2542.53
cell_16023,6219.85,2651.09
cell_16024,6219.93,1431.49
cell_16025,6220.48,2801.36
cell_16026,6220.61,2299.72
cell_16027,6221.28,2791.96
cell_16028,6221.5,737.85
cell_16029,6221.71,886.33
cell_16030,6222.02,165.16
cell_16031,6222.12,938.18
cell_16032,6222.85,2453.76
cell_16033,6223,497.48
cell_16034,6223.19,182.28
cell_16035,6223.27,691
cell_16036,6223.4,823.47
cell_16037,6223.48,2012.1
cell_16038,6223.99,844.02
cell_16039,6224.14,424.38
cell_16040,6224.37,1144.11
cell_16041,6224.52,532.05
cell_16042,6224.9,680.02
cell_16043,6225.49,564.41
cell_16044,6225.69,1031.18
cell_16045,6226.28,518.05
cell_16046,6226.57,643.32
cell_16047,6226.77,2530.84
cell_16048,6226.86,1076.18
cell_16049,6226.93,766.78
cell_16050,6227.01,2716.47
cell_16051,6227.18,330.31
cell_16052,6227.31,473.95
cell_16053,6227.64,2344.29
cell_16054,6227.67,956.95
cell_16055,6227.69,2122.15
cell_16056,6227.93,2666.67
cell_16057,6228,1423.85
cell_16058,6228.55,485.66
cell_16059,6229.07,745.23
cell_16060,6229.09,1582.65
cell_16061,6229.2,1118.54
cell_16062,6229.21,1103.81
cell_16063,6229.21,2171.39
cell_16064,6229.36,117.27
cell_16065,6229.38,783.48
cell_16066,6229.57,1509.58
cell_16067,6229.69,2040.44
cell_16068,6229.77,2205.64
cell_16069,6229.93,2153.24
cell_16070,623.11,1591.92
cell_16071,623.8,1430.33
cell_16072,6230.33,673.05
cell_16073,6230.75,632.57
cell_16074,6230.81,2245.44
cell_16075,6231.19,662.98
cell_16076,6231.4,721.42
cell_16077,6231.57,508.43
cell_16078,6231.72,2087.83
cell_16079,6231.87,229.85
cell_16080,6232.71,403.06
cell_16081,6232.82,1307.62
cell_16082,6233.47,2188.77
cell_16083,6233.87,2284.53
cell_16084,6234.08,1010.34
cell_16085,6234.31,464.9
cell_16086,6234.36,94.2
cell_16087,6234.78,2753.49
cell_16088,6234.83,2050.08
cell_16089,6234.88,2074.61
cell_16090,6234.92,1659.95
cell_16091,6234.96,1973.77
cell_16092,6235.27,2740.39
cell_16093,6235.81,269.4
cell_16094,6236.17,912.57
cell_16095,6236.35,346.51
cell_16096,6236.36,1127.6
cell_16097,6236.46,793.07
cell_16098,6236.55,2423.6
cell_16099,6236.72,2455.65
cell_16100,6237.05,822.95
cell_16101,6237.86,543.22
cell_16102,6238.2,2328.75
cell_16103,6238.41,421.45
cell_16104,6238.6,2345.88
cell_16105,6239.01,197.03
cell_16106,6239.23,1400.55
cell_16107,6239.23,2223.05
cell_16108,6239.36,2557.22
cell_16109,6239.66,2443.99
cell_16110,6239.89,694.2
cell_16111,6239.96,440.2
cell_16112,624.68,1643.89
cell_16113,6240.14,128.73
cell_16114,6240.32,850.88
cell_16115,6240.34,449.43
cell_16116,6240.39,386.85
cell_16117,6240.48,2635.13
cell_16118,6240.8,807.24
cell_16119,6240.81,717.83
cell_16120,6241.18,106.99
cell_16121,6241.35,2624.4
cell_16122,6241.37,487.76
cell_16123,6242.29,1135.49
cell_16124,6242.29,36.55
cell_16125,6242.9,2433.88
cell_16126,6242.94,460.37
cell_16127,6242.95,1942.09
cell_16128,6243.43,971.22
cell_16129,6243.56,2309.64
cell_16130,6243.79,161.36
cell_16131,6244.12,1230.1
cell_16132,6244.23,1184.15
cell_16133,6244.35,182.75
cell_16134,6244.99,175.07
cell_16135,6245.07,2663.45
cell_16136,6245.76,871.36
cell_16137,6246.2,1415.22
cell_16138,6246.27,2707.52
cell_16139,6246.39,794.05
cell_16140,6246.45,686.23
cell_16141,6246.52,1962.55
cell_16142,6246.83,474.01
cell_16143,6246.89,1392.13
cell_16144,6247.12,750.85
cell_16145,6247.24,960.5
cell_16146,6247.35,572.37
cell_16147,6247.38,54.81
cell_16148,6247.43,2576.33
cell_16149,6247.56,639.54
cell_16150,6247.95,2731.82
cell_16151,6248.28,546.05
cell_16152,6248.55,2809.76
cell_16153,6248.61,658.65
cell_16154,6248.84,947.17
cell_16155,6248.88,243.37
cell_16156,6248.93,710.82
cell_16157,6249.48,2116.58
cell_16158,6249.51,675.49
cell_16159,6250.08,422.03
cell_16160,6250.28,1087.63
cell_16161,6250.39,197.13
cell_16162,6250.4,2133.42
cell_16163,6250.52,2475.92
cell_16164,6251.18,1721.25
cell_16165,6251.29,772.61
cell_16166,6252.19,2292.98
cell_16167,6252.42,734.15
cell_16168,6252.48,317.63
cell_16169,6252.51,587.14
cell_16170,6253.16,2043.18
cell_16171,6253.24,23.47
cell_16172,6253.51,274.75
cell_16173,6253.54,2274.73
cell_16174,6253.78,836.79
cell_16175,6253.92,2343.06
cell_16176,6253.94,2354.13
cell_16177,6254.2,447.52
cell_16178,6254.24,2803.67
cell_16179,6254.63,2253.64
cell_16180,6254.78,260.48
cell_16181,6254.79,911.99
cell_16182,6255.2,2526.01
cell_16183,6255.77,114.55
cell_16184,6255.81,2655.72
cell_16185,6256.18,460.51
cell_16186,6256.35,2635.03
cell_16187,6256.66,975.22
cell_16188,6256.8,1057.37
cell_16189,6257.07,2334.23
cell_16190,6257.13,559.87
cell_16191,6257.26,172.65
cell_16192,6257.35,2162
cell_16193,6257.41,1407.49
cell_16194,6257.65,815.07
cell_16195,6257.96,2645.66
cell_16196,6258.27,251.07
cell_16197,6258.51,1190.77
cell_16198,6258.7,2753.67
cell_16199,6258.74,924.99
cell_16200,6258.82,2557.6
cell_16201,6258.92,391.68
cell_16202,6258.98,2198.07
cell_16203,6259.22,728.32
cell_16204,6259.46,784.81
cell_16205,6259.55,188.71
cell_16206,626.63,1243.83
cell_16207,626.91,2121.52
cell_16208,626.99,1565.83
cell_16209,6260.25,520.2
cell_16210,6260.45,345.04
cell_16211,6260.96,1486.93
cell_16212,6261.68,2213.19
cell_16213,6261.8,1368.54
cell_16214,6262.02,1971.44
cell_16215,6262.06,2470.58
cell_16216,6262.1,1339.21
cell_16217,6262.15,2286.15
cell_16218,6262.69,673.72
cell_16219,6262.7,2229.2
cell_16220,6262.79,2439.06
cell_16221,6263.1,241.31
cell_16222,6263.27,41.96
cell_16223,6263.35,452.27
cell_16224,6263.88,854.82
cell_16225,6263.91,424.27
cell_16226,6264.12,658.46
cell_16227,6264.46,2456.48
cell_16228,6264.46,271.29
cell_16229,6264.48,2306.71
cell_16230,6264.62,590.74
cell_16231,6265.07,2117.18
cell_16232,6265.59,604.32
cell_16233,6265.59,798.75
cell_16234,6265.62,696.21
cell_16235,6265.77,1935.75
cell_16236,6265.83,2240.43
cell_16237,6266.02,993.15
cell_16238,6266.41,231.79
cell_16239,6266.58,479.89
cell_16240,6267.01,2624.53
cell_16241,6267.17,2024.2
cell_16242,6267.21,815
cell_16243,6267.55,2153.55
cell_16244,6267.77,2564.16
cell_16245,6268.16,2343.06
cell_16246,6268.54,2652.12
cell_16247,6268.76,883.46
cell_16248,6269.2,2178
cell_16249,6269.22,579.1
cell_16250,6269.5,780.74
cell_16251,6269.62,326.29
cell_16252,6269.68,2664.37
cell_16253,6269.9,2262.4
cell_16254,6270.08,2465.08
cell_16255,6270.16,128.67
cell_16256,6270.54,728.11
cell_16257,6270.64,981.05
cell_16258,6270.81,714.43
cell_16259,6271.16,96.78
cell_16260,6271.39,2137.45
cell_16261,6271.49,562.03
cell_16262,6271.89,1145.16
cell_16263,6272,2616.08
cell_16264,6272,944.71
cell_16265,6272.04,522.89
cell_16266,6272.53,28.95
cell_16267,6272.6,335.3
cell_16268,6272.73,1160.47
cell_16269,6273.3,932.63
cell_16270,6273.33,2090.43
cell_16271,6273.79,2188.47
cell_16272,6273.83,450.56
cell_16273,6274.33,914.66
cell_16274,6274.56,2640.45
cell_16275,6274.67,57.6
cell_16276,6274.97,676.65
cell_16277,6274.98,410.87
cell_16278,6275.53,854.32
cell_16279,6275.96,108.81
cell_16280,6275.96,1573.83
cell_16281,6276.1,709.02
cell_16282,6276.14,2061.05
cell_16283,6276.43,2711.93
cell_16284,6276.44,643.44
cell_16285,6276.5,2402.11
cell_16286,6276.83,827.25
cell_16287,6276.89,2287.36
cell_16288,6277.23,892.9
cell_16289,6277.65,596.66
cell_16290,6277.93,771.42
cell_16291,6278.13,319.05
cell_16292,6278.25,2575.59
cell_16293,6278.41,2807.84
cell_16294,6278.44,2324.12
cell_16295,6278.56,2273.85
cell_16296,6278.81,1112.63
cell_16297,6278.84,1394.99
cell_16298,6278.92,1102.98
cell_16299,6279.26,1124.86
cell_16300,6279.76,1088.02
cell_16301,6280.14,745.4
cell_16302,6280.22,1408.26
cell_16303,6281.27,393.98
cell_16304,6281.42,1382.21
cell_16305,6281.83,1853.92
cell_16306,6282.14,811.18
cell_16307,6282.27,462.97
cell_16308,6282.55,578.21
cell_16309,6282.6,630.95
cell_16310,6282.62,2648
cell_16311,6282.76,2527.22
cell_16312,6282.8,166.73
cell_16313,6282.8,426.17
cell_16314,6282.91,971.53
cell_16315,6283.13,2050.47
cell_16316,6283.38,704.97
cell_16317,6283.71,307.26
cell_16318,6283.72,452.56
cell_16319,6283.76,272.51
cell_16320,6284.37,336.25
cell_16321,6284.58,1435.98
cell_16322,6284.66,2465.44
cell_16323,6284.91,783.71
cell_16324,6285.16,2635.03
cell_16325,6285.52,617.44
cell_16326,6285.56,1785.04
cell_16327,6285.78,202.03
cell_16328,6285.92,178.34
cell_16329,6286.15,2261.07
cell_16330,6286.89,46.86
cell_16331,6287.19,2348.39
cell_16332,6287.27,552.56
cell_16333,6287.49,737.54
cell_16334,6287.65,1236.32
cell_16335,6288.24,765.99
cell_16336,6288.52,530.09
cell_16337,6288.59,2725.7
cell_16338,6288.97,2665.16
cell_16339,6289.02,596.16
cell_16340,6289.42,2538.82
cell_16341,6289.83,260.9
cell_16342,629.8,1280.6
cell_16343,6290.59,60.43
cell_16344,6290.69,2320.02
cell_16345,6290.81,680.67
cell_16346,6290.98,2555.16
cell_16347,6291.72,1014.51
cell_16348,6291.99,727.82
cell_16349,6292.13,843.25
cell_16350,6292.24,1909.83
cell_16351,6292.34,119.71
cell_16352,6292.38,2289.97
cell_16353,6292.43,519.19
cell_16354,6292.54,2412.93
cell_16355,6292.78,2454.97
cell_16356,6292.82,1097.96
cell_16357,6292.92,757.45
cell_16358,6292.94,2199.25
cell_16359,6293.09,960.52
cell_16360,6293.44,2797.74
cell_16361,6294.21,2619.13
cell_16362,6294.48,944.03
cell_16363,6295.05,187.92
cell_16364,6295.07,2649.22
cell_16365,6295.73,558.9
cell_16366,6296.12,614.43
cell_16367,6296.49,2225.75
cell_16368,6296.6,92.21
cell_16369,6296.76,2018
cell_16370,6296.78,2338.67
cell_16371,6297.08,539.38
cell_16372,6297.2,23.32
cell_16373,6297.23,2003.18
cell_16374,6297.47,1872.59
cell_16375,6297.75,2639.05
cell_16376,6297.86,2259.75
cell_16377,6298.29,348.95
cell_16378,6298.32,337.65
cell_16379,6298.47,479.71
cell_16380,6298.79,2172.54
cell_16381,6299.07,238.7
cell_16382,6299.1,427.21
cell_16383,6299.41,569.34
cell_16384,6299.49,1085.12
cell_16385,6299.49,601.63
cell_16386,6299.87,2030.08
cell_16387,6299.92,647.02
cell_16388,6300.09,675.96
cell_16389,6300.26,2114.14
cell_16390,6300.44,590.63
cell_16391,6300.55,328.6
cell_16392,6300.8,2241.39
cell_16393,6300.8,695.89
cell_16394,6300.86,2469.71
cell_16395,6300.96,1133.72
cell_16396,6301.16,753.63
cell_16397,6301.29,932.87
cell_16398,6301.51,1048.83
cell_16399,6301.51,809.32
cell_16400,6301.62,250.48
cell_16401,6301.88,2325.58
cell_16402,6302.22,1696.99
cell_16403,6302.35,773.51
cell_16404,6302.63,2712.26
cell_16405,6302.79,129.2
cell_16406,6302.96,31.96
cell_16407,6303.17,517.92
cell_16408,6303.44,711.87
cell_16409,6303.55,909.74
cell_16410,6303.76,2576.82
cell_16411,6303.92,2458.94
cell_16412,6303.93,837.89
cell_16413,6304.25,2530.11
cell_16414,6304.29,579.73
cell_16415,6304.35,977.38
cell_16416,6304.65,2402.09
cell_16417,6304.77,459.44
cell_16418,6305.04,1953.32
cell_16419,6305.04,660.94
cell_16420,6305.53,55.91
cell_16421,6305.74,2809.67
cell_16422,6305.9,412.58
cell_16423,6306.03,2650.66
cell_16424,6306.25,98.41
cell_16425,6306.42,1106.92
cell_16426,6306.77,1406.67
cell_16427,6307.09,168.96
cell_16428,6307.46,1931.15
cell_16429,6308,2422.81
cell_16430,6308.01,535.69
cell_16431,6308.1,747.89
cell_16432,6308.56,429.63
cell_16433,6308.58,553.74
cell_16434,6308.68,2146.11
cell_16435,6309.14,2257.95
cell_16436,6309.24,2633.65
cell_16437,6309.27,1972.5
cell_16438,6309.28,724.95
cell_16439,6309.68,274.24
cell_16440,6309.97,2541.58
cell_16441,6310.46,861.55
cell_16442,6310.53,1985.5
cell_16443,6310.84,1379.18
cell_16444,6311.16,2753.61
cell_16445,6311.86,2009.98
cell_16446,6311.99,1772.94
cell_16447,6311.99,504.02
cell_16448,6312.57,2042.53
cell_16449,6312.69,200.45
cell_16450,6312.71,322.82
cell_16451,6313.5,1246.84
cell_16452,6313.58,120.54
cell_16453,6313.75,639.47
cell_16454,6313.88,396.84
cell_16455,6314.19,2187.8
cell_16456,6314.42,2069.29
cell_16457,6314.65,692.38
cell_16458,6314.81,481.38
cell_16459,6315.07,61.92
cell_16460,6315.09,674.81
cell_16461,6315.36,2295.54
cell_16462,6315.89,2640.74
cell_16463,6316.22,2336.59
cell_16464,6316.23,610.74
cell_16465,6316.3,1817.06
cell_16466,6316.31,37.22
cell_16467,6316.67,629.68
cell_16468,6316.93,2159.86
cell_16469,6316.94,1292.26
cell_16470,6317.56,816.39
cell_16471,6317.61,738.56
cell_16472,6317.88,1845.07
cell_16473,6318.13,2411.28
cell_16474,6318.18,2553.44
cell_16475,6318.23,25.98
cell_16476,6318.32,2620.62
cell_16477,6318.39,839.73
cell_16478,6318.76,2436.48
cell_16479,6318.84,562.35
cell_16480,6319.2,2116.76
cell_16481,6319.25,2798.16
cell_16482,6319.31,51.16
cell_16483,6319.38,596.31
cell_16484,6319.4,719.16
cell_16485,6319.66,262.31
cell_16486,6319.77,540.22
cell_16487,6319.91,2726.99
cell_16488,6320.04,2325.3
cell_16489,6320.89,1063.22
cell_16490,6321.09,2284.75
cell_16491,6321.39,2201.81
cell_16492,6321.47,2103.2
cell_16493,6321.62,2309.44
cell_16494,6321.98,179.14
cell_16495,6322.08,312.53
cell_16496,6322.54,1877.39
cell_16497,6322.55,958.29
cell_16498,6322.59,665.02
cell_16499,6322.9,498.37
cell_16500,6323.04,578.44
cell_16501,6323.4,2750.3
cell_16502,6323.52,2570.86
cell_16503,6323.68,2807.9
cell_16504,6324.45,239.21
cell_16505,6324.56,468.39
cell_16506,6324.62,2088.16
cell_16507,6324.66,2428.23
cell_16508,6324.69,940.38
cell_16509,6325.02,774.71
cell_16510,6325.17,108.6
cell_16511,6325.35,689.61
cell_16512,6325.39,2054.6
cell_16513,6326.32,2261.41
cell_16514,6326.52,2213.51
cell_16515,6326.75,739.28
cell_16516,6326.77,130.17
cell_16517,6327.39,644.13
cell_16518,6327.62,420.1
cell_16519,6327.73,1150.23
cell_16520,6327.94,2654.1
cell_16521,6328.23,2236.25
cell_16522,6328.42,1753.69
cell_16523,6328.51,480.04
cell_16524,6328.52,515.05
cell_16525,6329.02,2461.1
cell_16526,6329.21,354.64
cell_16527,6329.24,626.13
cell_16528,6329.35,560.22
cell_16529,6329.58,1791.31
cell_16530,6329.61,1693.09
cell_16531,6329.69,166.62
cell_16532,6330.46,261.56
cell_16533,6330.48,2397.15
cell_16534,6330.53,1999.78
cell_16535,6330.88,755.5
cell_16536,6330.99,432.7
cell_16537,6331.4,542.59
cell_16538,6331.42,1132.71
cell_16539,6331.76,824.77
cell_16540,6332.19,411.32
cell_16541,6332.25,397.71
cell_16542,6332.36,603.12
cell_16543,6332.53,723.34
cell_16544,6332.96,2543.51
cell_16545,6333.14,2443.74
cell_16546,6333.22,2574.84
cell_16547,6333.43,1480.44
cell_16548,6333.47,2527.54
cell_16549,6333.69,273.83
cell_16550,6333.7,204.39
cell_16551,6334.34,99.13
cell_16552,6334.4,1091.19
cell_16553,6334.46,492.75
cell_16554,6334.52,691.31
cell_16555,6334.64,842.01
cell_16556,6334.94,2156.52
cell_16557,6334.98,984.04
cell_16558,6335.65,950.08
cell_16559,6335.93,310.92
cell_16560,6336.05,253.16
cell_16561,6336.05,2665.66
cell_16562,6336.15,704.15
cell_16563,6336.34,2425.45
cell_16564,6336.36,533.28
cell_16565,6337.08,746.92
cell_16566,6337.1,190.23
cell_16567,6337.62,612.46
cell_16568,6338.03,341.79
cell_16569,6338.1,561.07
cell_16570,6338.14,792.49
cell_16571,6338.53,2026.38
cell_16572,6338.57,2640.14
cell_16573,6338.68,1821.84
cell_16574,6338.71,2405.29
cell_16575,6339.15,596.27
cell_16576,6339.19,1113.04
cell_16577,6339.34,524.17
cell_16578,6339.82,116.02
cell_16579,634.71,1190.45
cell_16580,6340.01,2554.63
cell_16581,6340.12,480.88
cell_16582,6340.43,2287.75
cell_16583,6340.62,576.48
cell_16584,6340.68,322.6
cell_16585,6340.71,2392.31
cell_16586,6341.01,2719.77
cell_16587,6341.7,1505.37
cell_16588,6341.72,642.89
cell_16589,6341.82,684.17
cell_16590,6341.87,2335.67
cell_16591,6342.04,2415.41
cell_16592,6342.32,1286.23
cell_16593,6342.71,2323.86
cell_16594,6342.84,29.09
cell_16595,6343.12,2620.75
cell_16596,6343.14,2057.48
cell_16597,6343.29,699.85
cell_16598,6343.31,179.12
cell_16599,6343.45,400.22
cell_16600,6343.52,59.36
cell_16601,6343.66,2273.97
cell_16602,6343.91,1177.61
cell_16603,6344.41,1123.92
cell_16604,6344.66,859.25
cell_16605,6344.81,2754.07
cell_16606,6345,2807.05
cell_16607,6345.54,672.9
cell_16608,6346.57,2190.74
cell_16609,6346.57,251.17
cell_16610,6346.74,2524.72
cell_16611,6346.99,540.49
cell_16612,6347.45,128.02
cell_16613,6347.56,630.43
cell_16614,6347.68,747.07
cell_16615,6347.69,2097.92
cell_16616,6347.73,437.07
cell_16617,6348.31,498.28
cell_16618,6348.32,1148.14
cell_16619,6348.59,1747.33
cell_16620,6348.61,1893.8
cell_16621,6349.43,776.46
cell_16622,635.67,1626.55
cell_16623,6350.14,165.93
cell_16624,6350.22,797.62
cell_16625,6350.31,2141.55
cell_16626,6350.4,1073.21
cell_16627,6350.66,202.84
cell_16628,6350.94,2245.06
cell_16629,6351.07,2128.54
cell_16630,6351.12,1103.54
cell_16631,6351.42,612.82
cell_16632,6351.52,1776.62
cell_16633,6351.61,423.88
cell_16634,6351.63,665.84
cell_16635,6351.91,1991.14
cell_16636,6351.91,2541.88
cell_16637,6351.92,596.23
cell_16638,6351.99,240.09
cell_16639,6352.12,949.92
cell_16640,6352.28,560.26
cell_16641,6352.5,39.5
cell_16642,6352.58,2570.13
cell_16643,6352.6,727.21
cell_16644,6352.92,904.74
cell_16645,6353.14,2038.86
cell_16646,6353.19,508.74
cell_16647,6353.36,2110.26
cell_16648,6353.49,415.14
cell_16649,6354.08,360.47
cell_16650,6354.47,230.38
cell_16651,6354.47,2629.61
cell_16652,6354.48,827.6
cell_16653,6354.59,932.9
cell_16654,6354.66,715.4
cell_16655,6355.1,259.7
cell_16656,6355.32,656.28
cell_16657,6355.43,334.78
cell_16658,6355.73,2798.84
cell_16659,6355.85,534.19
cell_16660,6355.92,277.98
cell_16661,6356.09,24.32
cell_16662,6356.35,2559.94
cell_16663,6356.36,2450.86
cell_16664,6357.02,2638.62
cell_16665,6357.34,484.85
cell_16666,6357.57,2018.11
cell_16667,6357.63,2225.8
cell_16668,6357.94,1047.31
cell_16669,6357.98,406.14
cell_16670,6358.01,2279.09
cell_16671,6358.07,2157.6
cell_16672,6358.55,522.58
cell_16673,6358.67,855.45
cell_16674,6359.35,2734.72
cell_16675,6359.43,2661.96
cell_16676,6359.99,645.65
cell_16677,636.37,1237.93
cell_16678,6360.1,694.02
cell_16679,6360.18,743.48
cell_16680,6360.51,578.86
cell_16681,6360.57,597.72
cell_16682,6360.68,2550.6
cell_16683,6360.85,191.94
cell_16684,6361.8,624.95
cell_16685,6362,877
cell_16686,6362.28,1751.39
cell_16687,6362.52,759.96
cell_16688,6362.93,2424.01
cell_16689,6363.15,173.06
cell_16690,6363.25,208.66
cell_16691,6363.67,792.27
cell_16692,6364.03,267.98
cell_16693,6364.75,552.51
cell_16694,6365.22,2751.46
cell_16695,6365.43,919.68
cell_16696,6365.59,99.94
cell_16697,6365.87,1863.02
cell_16698,6366.69,1162.89
cell_16699,6366.69,2070.54
cell_16700,6366.71,2529.49
cell_16701,6366.78,1100.76
cell_16702,6366.85,439.41
cell_16703,6366.87,2648.41
cell_16704,6366.88,2329.78
cell_16705,6366.96,688.57
cell_16706,6367.13,717.34
cell_16707,6367.18,349.32
cell_16708,6367.18,490.7
cell_16709,6367.3,1660.67
cell_16710,6367.76,639.5
cell_16711,6368.53,2242.15
cell_16712,6368.7,332.63
cell_16713,6369.24,2616.99
cell_16714,6369.26,664.86
cell_16715,6369.74,2262.26
cell_16716,6369.74,586.66
cell_16717,637.16,1207.73
cell_16718,6370.46,542.4
cell_16719,6370.54,317.75
cell_16720,6371.06,565.15
cell_16721,6371.1,404.66
cell_16722,6371.12,806.08
cell_16723,6371.3,655.65
cell_16724,6371.45,2555.44
cell_16725,6371.46,1940.98
cell_16726,6371.57,2709.98
cell_16727,6371.83,2404.41
cell_16728,6372.04,2164.33
cell_16729,6373.03,1037.07
cell_16730,6373.28,747.24
cell_16731,6373.88,118.69
cell_16732,6373.93,2520.88
cell_16733,6373.95,2177.53
cell_16734,6374.12,110.71
cell_16735,6374.27,279.54
cell_16736,6375.02,2417.51
cell_16737,6375.21,948.21
cell_16738,6375.34,835.01
cell_16739,6375.8,866.81
cell_16740,6376.09,533.1
cell_16741,6376.41,2104.2
cell_16742,6376.57,2654.56
cell_16743,6376.66,62.97
cell_16744,6376.82,54.64
cell_16745,6376.9,779.79
cell_16746,6376.95,1264.32
cell_16747,6376.99,684.1
cell_16748,6377.16,641.22
cell_16749,6377.59,2574.77
cell_16750,6377.61,498.85
cell_16751,6377.69,1433.05
cell_16752,6377.87,2388.75
cell_16753,6377.89,32.57
cell_16754,6378.05,423.64
cell_16755,6378.08,341.7
cell_16756,6378.79,201.76
cell_16757,6378.83,621.54
cell_16758,6378.95,2014.32
cell_16759,6379.02,2442.64
cell_16760,6379.05,2726.64
cell_16761,6379.1,2742.44
cell_16762,6379.17,131.65
cell_16763,6379.29,657.08
cell_16764,6379.57,513.14
cell_16765,6379.71,2093.95
cell_16766,6379.72,598.36
cell_16767,6379.95,582.6
cell_16768,6380.01,2205.05
cell_16769,6380.37,2804.58
cell_16770,6380.67,2397.17
cell_16771,6380.85,184.54
cell_16772,6380.91,2564.36
cell_16773,6381.12,1203.35
cell_16774,6381.14,2320.15
cell_16775,6381.14,445.13
cell_16776,6381.19,562.92
cell_16777,6381.32,1012.32
cell_16778,6381.34,364.11
cell_16779,6381.42,1148.06
cell_16780,6382.09,43.24
cell_16781,6382.1,2145.3
cell_16782,6382.18,737.74
cell_16783,6382.35,166.15
cell_16784,6382.66,847.24
cell_16785,6382.92,2626.52
cell_16786,6383.07,2544.56
cell_16787,6383.32,2240.19
cell_16788,6383.4,2287.03
cell_16789,6383.5,2792.71
cell_16790,6383.9,1889.74
cell_16791,6384.56,881.52
cell_16792,6385.67,1086.81
cell_16793,6386.12,801.88
cell_16794,6386.31,327.28
cell_16795,6386.36,2042.08
cell_16796,6386.4,1107.07
cell_16797,6386.56,1824.35
cell_16798,6386.65,503.62
cell_16799,6387.04,2424.39
cell_16800,6387.28,964.29
cell_16801,6387.61,1235.41
cell_16802,6387.62,2453.33
cell_16803,6387.71,252.19
cell_16804,6387.88,1976.66
cell_16805,6388.42,2552.98
cell_16806,6388.44,552.54
cell_16807,6388.77,532.4
cell_16808,6388.79,707.89
cell_16809,6388.8,654.78
cell_16810,6388.92,566.95
cell_16811,6389.57,101.27
cell_16812,6389.8,2662.57
cell_16813,6389.94,241.69
cell_16814,6390.02,196.27
cell_16815,6390.41,2231.67
cell_16816,6391.19,280.94
cell_16817,6391.34,682.87
cell_16818,6391.68,2752.36
cell_16819,6391.7,584.62
cell_16820,6391.71,632.78
cell_16821,6391.74,946.34
cell_16822,6392.32,407.56
cell_16823,6392.69,812.54
cell_16824,6393.13,2562.4
cell_16825,6393.18,743.16
cell_16826,6393.23,1160.61
cell_16827,6393.44,1143.15
cell_16828,6393.73,2531.19
cell_16829,6393.73,990.53
cell_16830,6394.21,2249.48
cell_16831,6394.41,2520.58
cell_16832,6394.44,2542.55
cell_16833,6394.51,444.71
cell_16834,6394.67,1633.93
cell_16835,6394.99,52.26
cell_16836,6395.43,2633.27
cell_16837,6395.55,777.11
cell_16838,6395.82,512.06
cell_16839,6395.85,665.97
cell_16840,6396.5,2317.33
cell_16841,6396.64,702.93
cell_16842,6396.86,421.55
cell_16843,6397.28,370.26
cell_16844,6397.62,1098.69
cell_16845,6397.78,2024.1
cell_16846,6397.92,2646.52
cell_16847,6399.1,2732.27
cell_16848,6399.17,1075.78
cell_16849,6399.43,329.84
cell_16850,6399.89,2011.44
cell_16851,6399.91,1484.08
cell_16852,640.23,1439.86
cell_16853,6400.61,2106.02
cell_16854,6400.69,830.09
cell_16855,6400.81,960.74
cell_16856,6400.93,64.49
cell_16857,6401.16,433.36
cell_16858,6401.71,735.94
cell_16859,6401.96,2275.14
cell_16860,6401.97,540.46
cell_16861,6401.98,2807.36
cell_16862,6402.22,250.51
cell_16863,6402.45,759.17
cell_16864,6402.69,693.83
cell_16865,6402.96,207.4
cell_16866,6403.13,2408.84
cell_16867,6403.32,886.92
cell_16868,6403.33,802.6
cell_16869,6403.47,1060.7
cell_16870,6403.9,411.96
cell_16871,6404.39,1782.56
cell_16872,6404.44,120.75
cell_16873,6404.56,106.3
cell_16874,6404.83,2169.29
cell_16875,6405.02,281.35
cell_16876,6405.02,54.75
cell_16877,6405.05,2301.53
cell_16878,6405.12,2434.19
cell_16879,6405.16,2752.4
cell_16880,6405.39,1884.49
cell_16881,6405.9,133.97
cell_16882,6407.02,935.58
cell_16883,6407.87,1136.56
cell_16884,6408.07,2183.8
cell_16885,6408.25,2128.09
cell_16886,6408.26,2151.83
cell_16887,6408.45,2197.73
cell_16888,6408.52,32.05
cell_16889,6408.76,2567.51
cell_16890,6408.99,2393.68
cell_16891,6409.42,2652.28
cell_16892,6409.43,46.92
cell_16893,6409.53,1171.2
cell_16894,6409.67,2322.07
cell_16895,6409.72,455.15
cell_16896,641.86,1346.02
cell_16897,641.87,1326.58
cell_16898,6410.04,184.02
cell_16899,6410.08,327.08
cell_16900,6410.23,908.78
cell_16901,6410.45,743.21
cell_16902,6411.32,2259.31
cell_16903,6412.03,2637.04
cell_16904,6412.38,531.34
cell_16905,6412.42,1722.16
cell_16906,6412.57,2218.13
cell_16907,6413.29,1044.57
cell_16908,6413.39,2733.36
cell_16909,6413.41,856.2
cell_16910,6415.27,552.11
cell_16911,6415.49,210.38
cell_16912,6415.5,1451.87
cell_16913,6415.93,195.11
cell_16914,6416.28,2239.15
cell_16915,6416.43,2661.78
cell_16916,6417.03,433.48
cell_16917,6417.27,356.66
cell_16918,6417.65,2621.14
cell_16919,6417.93,118.66
cell_16920,6417.94,2514.44
cell_16921,6418.13,716.94
cell_16922,6419.17,2282.71
cell_16923,6419.75,2082.77
cell_16924,6419.98,1996.29
cell_16925,6420.35,652.79
cell_16926,6420.43,2320.28
cell_16927,6421.16,2523.8
cell_16928,6421.69,177.26
cell_16929,6421.96,1853.76
cell_16930,6422.01,2750.63
cell_16931,6422.5,981.82
cell_16932,6423.04,1089.13
cell_16933,6423.46,330.31
cell_16934,6423.46,568.04
cell_16935,6423.47,103.94
cell_16936,6424.12,779.53
cell_16937,6424.14,2541.79
cell_16938,6424.19,422.5
cell_16939,6424.22,2423.96
cell_16940,6424.5,458.65
cell_16941,6425.35,1073.06
cell_16942,6425.51,1547.39
cell_16943,6425.53,2553.93
cell_16944,6425.75,252.72
cell_16945,6425.88,760.84
cell_16946,6426.15,2709.45
cell_16947,6426.21,1516.3
cell_16948,6426.35,697.27
cell_16949,6426.45,856.38
cell_16950,6426.89,743.09
cell_16951,6427.26,2099.63
cell_16952,6427.44,2612.25
cell_16953,6427.61,523.49
cell_16954,6428.04,2409.49
cell_16955,6428.05,939.27
cell_16956,6428.89,2269.33
cell_16957,6429.83,2292.1
cell_16958,6429.85,2317.9
cell_16959,6429.91,639.21
cell_16960,6430.1,51.97
cell_16961,6430.71,800.13
cell_16962,6430.86,2024.29
cell_16963,6431.36,2644.4
cell_16964,6431.6,2136.25
cell_16965,6432.53,283.92
cell_16966,6433.21,2736.86
cell_16967,6434,2118.38
cell_16968,6434.07,2178.55
cell_16969,6434.28,2392.87
cell_16970,6434.36,213.45
cell_16971,6434.4,467.51
cell_16972,6434.56,2533.82
cell_16973,6434.74,2166.74
cell_16974,6435.03,33.04
cell_16975,6435.21,586.33
cell_16976,6435.25,1939.35
cell_16977,6435.7,966.01
cell_16978,6435.86,1184.28
cell_16979,6436.09,342.79
cell_16980,6436.13,1008.59
cell_16981,6436.44,2231.27
cell_16982,6436.47,1226.94
cell_16983,6436.54,194.27
cell_16984,6436.68,452.54
cell_16985,6437.39,2252.06
cell_16986,6437.51,529.97
cell_16987,6437.54,2055.62
cell_16988,6437.67,2747.92
cell_16989,6438,65.97
cell_16990,6438.02,1870.16
cell_16991,6438.21,2191.58
cell_16992,6438.38,1048.91
cell_16993,6438.84,2433.16
cell_16994,6439.5,1964.55
cell_16995,6439.87,2630.73
cell_16996,6439.91,1110.84
cell_16997,644.33,1580.72
cell_16998,644.86,1016.03
cell_16999,6440.03,2568.6
cell_17000,6440.05,772.81
cell_17001,6440.29,2046.35
cell_17002,6440.3,2147.44
cell_17003,6440.38,670.85
cell_17004,6440.5,1426.25
cell_17005,6440.53,263.72
cell_17006,6440.82,954.97
cell_17007,6440.93,1995.77
cell_17008,6441.35,2548.88
cell_17009,6441.78,1410.72
cell_17010,6441.85,2444.03
cell_17011,6442.2,1674.3
cell_17012,6442.26,721.04
cell_17013,6442.34,2609.09
cell_17014,6442.57,136.55
cell_17015,6442.85,1744.62
cell_17016,6443.44,2729.9
cell_17017,6444.73,203.31
cell_17018,6444.78,2716.77
cell_17019,6444.89,477
cell_17020,6445.02,2310.68
cell_17021,6445.13,2202.32
cell_17022,6445.52,383.83
cell_17023,6445.53,2660.29
cell_17024,6445.57,647.75
cell_17025,6445.73,2267.76
cell_17026,6446.03,2289.43
cell_17027,6446.28,536.27
cell_17028,6446.41,1887.49
cell_17029,6446.69,2619.66
cell_17030,6446.77,43.96
cell_17031,6447.31,1098.1
cell_17032,6447.51,842.33
cell_17033,6447.53,373.5
cell_17034,6447.6,2381.46
cell_17035,6447.62,711.01
cell_17036,6448.25,467.33
cell_17037,6448.51,454.73
cell_17038,6449.22,2023.16
cell_17039,6449.24,2034.74
cell_17040,6449.44,938.17
cell_17041,6449.7,429.05
cell_17042,6449.83,2103.78
cell_17043,6449.93,562.03
cell_17044,645.95,1229.72
cell_17045,6450.05,2809.25
cell_17046,6450.62,2791.95
cell_17047,6451.48,2558.47
cell_17048,6451.82,179.42
cell_17049,6451.89,57.04
cell_17050,6452.03,1152.12
cell_17051,6452.26,250.21
cell_17052,6452.68,1172.09
cell_17053,6452.85,442.81
cell_17054,6453.02,804.66
cell_17055,6453.16,1717.43
cell_17056,6454.27,1459.26
cell_17057,6454.42,782.21
cell_17058,6454.51,2086.03
cell_17059,6454.79,547.48
cell_17060,6454.87,196.93
cell_17061,6454.87,747.44
cell_17062,6455.15,2437.31
cell_17063,6455.44,1909.59
cell_17064,6455.5,1793.48
cell_17065,6455.63,2297.57
cell_17066,6455.68,876.44
cell_17067,6455.83,822.06
cell_17068,6455.87,363.81
cell_17069,6455.91,2536.77
cell_17070,6456.06,1028.35
cell_17071,6456.12,262.62
cell_17072,6456.24,476.09
cell_17073,6456.99,2635.49
cell_17074,6458.16,1557.34
cell_17075,6458.2,127.84
cell_17076,6458.44,216.48
cell_17077,6458.81,2746.82
cell_17078,6458.82,328.73
cell_17079,6459.2,2648.38
cell_17080,6459.36,761.45
cell_17081,6459.55,2546.01
cell_17082,646.74,1219.36
cell_17083,6460.55,172.54
cell_17084,6460.56,599.73
cell_17085,6461.46,897.58
cell_17086,6461.8,105.79
cell_17087,6461.97,637.7
cell_17088,6462.38,338.66
cell_17089,6462.41,1136.51
cell_17090,6462.6,2317.28
cell_17091,6462.71,2248.86
cell_17092,6462.83,2560.24
cell_17093,6463.09,351.56
cell_17094,6463.28,2447.73
cell_17095,6463.63,1062.75
cell_17096,6464.27,290.18
cell_17097,6465.37,2115.22
cell_17098,6465.4,911.73
cell_17099,6465.99,558.25
cell_17100,6466.26,273.22
cell_17101,6466.37,2409.54
cell_17102,6466.44,37.23
cell_17103,6467.37,2096.25
cell_17104,6467.57,859.11
cell_17105,6467.85,2419.24
cell_17106,6467.95,49.98
cell_17107,6468.11,1189.2
cell_17108,6468.21,2610.55
cell_17109,6468.46,2187.38
cell_17110,6468.63,2155.16
cell_17111,6469.16,68.39
cell_17112,6469.42,2735.84
cell_17113,6469.61,2005.56
cell_17114,6469.75,2377
cell_17115,6469.87,2622.45
cell_17116,6469.93,2509.67
cell_17117,6469.95,119.4
cell_17118,647.34,1270.78
cell_17119,647.81,2132.2
cell_17120,6470.47,261.6
cell_17121,6470.48,589.02
cell_17122,6470.64,686.9
cell_17123,6470.82,2427.42
cell_17124,6471.25,2171.17
cell_17125,6471.46,604.12
cell_17126,6471.47,1882.87
cell_17127,6471.51,954.55
cell_17128,6471.73,2291.79
cell_17129,6472.32,1434.76
cell_17130,6472.51,136.75
cell_17131,6472.96,389
cell_17132,6473.35,2308.21
cell_17133,6473.71,462.13
cell_17134,6473.91,156.29
cell_17135,6474.21,2198.8
cell_17136,6474.91,1510.56
cell_17137,6475.13,676.5
cell_17138,6475.19,222.08
cell_17139,6475.22,1015.11
cell_17140,6475.34,1112.62
cell_17141,6475.55,555.63
cell_17142,6475.73,434.8
cell_17143,6475.88,734.33
cell_17144,6475.88,992.88
cell_17145,6476.25,2801.75
cell_17146,6476.34,481.55
cell_17147,6476.47,1125.52
cell_17148,6476.59,1084.88
cell_17149,6476.78,207.47
cell_17150,6476.8,378.23
cell_17151,6477.17,2548.76
cell_17152,6477.48,2523.36
cell_17153,6477.96,2718.77
cell_17154,6478.06,2033.49
cell_17155,6479.13,838.87
cell_17156,6479.23,2397.97
cell_17157,6479.66,2787.61
cell_17158,6479.79,2133.59
cell_17159,648.02,1448.21
cell_17160,6480.2,59.61
cell_17161,6481.8,73.28
cell_17162,6481.98,2182.41
cell_17163,6482.12,1362.41
cell_17164,6482.32,2077.36
cell_17165,6482.54,613.87
cell_17166,6482.86,453.9
cell_17167,6482.94,968.17
cell_17168,6483.23,567.7
cell_17169,6483.26,1032.9
cell_17170,6483.43,2120.01
cell_17171,6483.84,2630.74
cell_17172,6483.87,2055.35
cell_17173,6484.64,256.97
cell_17174,6484.73,2654.81
cell_17175,6485.04,746.88
cell_17176,6485.33,1165.12
cell_17177,6485.33,1934.32
cell_17178,6485.43,582.9
cell_17179,6485.74,933.82
cell_17180,6485.85,2730.94
cell_17181,6486.07,1253.88
cell_17182,6486.11,634.01
cell_17183,6486.23,2097.24
cell_17184,6486.25,2808.02
cell_17185,6486.78,1072.72
cell_17186,6487.39,1153.25
cell_17187,6487.64,300.44
cell_17188,6487.67,2535.04
cell_17189,6487.74,2367.69
cell_17190,6487.8,1101.37
cell_17191,6488.05,2603.57
cell_17192,6488.23,175.8
cell_17193,6488.45,1411.8
cell_17194,6488.78,597.82
cell_17195,6488.89,2389.36
cell_17196,6489.12,2402.04
cell_17197,6489.15,2700.83
cell_17198,6489.31,2358.79
cell_17199,6489.81,468.35
cell_17200,6490.2,442.18
cell_17201,6490.22,893.17
cell_17202,6490.33,2241.65
cell_17203,6491.51,2641.15
cell_17204,6491.52,690.5
cell_17205,6491.63,2429.2
cell_17206,6491.64,215.77
cell_17207,6491.81,2710.94
cell_17208,6492.04,1950.01
cell_17209,6492.2,678.98
cell_17210,6492.25,50.04
cell_17211,6492.45,652.18
cell_17212,6492.55,2745.73
cell_17213,6493.3,832.04
cell_17214,6493.35,270.7
cell_17215,6493.81,132.25
cell_17216,6494.05,2004.3
cell_17217,6494.17,192.54
cell_17218,6494.82,755.23
cell_17219,6494.91,567.89
cell_17220,6495.42,111.84
cell_17221,6495.46,2199.86
cell_17222,6495.58,285.75
cell_17223,6496.31,707.28
cell_17224,6496.35,619.13
cell_17225,6496.89,2555.24
cell_17226,6496.92,1055.33
cell_17227,6497.27,720.59
cell_17228,6497.4,986.25
cell_17229,6497.67,459.12
cell_17230,6498.17,2375.6
cell_17231,6498.18,1877.45
cell_17232,6498.52,382.35
cell_17233,6498.7,1179.84
cell_17234,6498.93,2262.66
cell_17235,6498.93,2728.92
cell_17236,6499.53,1900.04
cell_17237,6499.85,2611.99
cell_17238,650.12,1475.42
cell_17239,650.38,1204.83
cell_17240,6500.31,35.97
cell_17241,6500.38,635.09
cell_17242,6500.57,2514.68
cell_17243,6500.58,1984.84
cell_17244,6500.6,767.94
cell_17245,6500.83,344.75
cell_17246,6501.01,2805.71
cell_17247,6501.35,65.21
cell_17248,6501.51,589.53
cell_17249,6501.63,1160.18
cell_17250,6502.16,1339.09
cell_17251,6502.34,46.79
cell_17252,6502.45,2282.78
cell_17253,6503.3,2046.01
cell_17254,6503.31,143.44
cell_17255,6503.34,2307.67
cell_17256,6503.37,1237.86
cell_17257,6503.73,579.43
cell_17258,6503.89,2630.52
cell_17259,6504.08,601.72
cell_17260,6504.71,693.83
cell_17261,6505.79,1129.75
cell_17262,6505.89,899.9
cell_17263,6505.94,366.64
cell_17264,6506.21,122.74
cell_17265,6506.57,2744.3
cell_17266,6507.76,198.68
cell_17267,6507.95,220.52
cell_17268,6508.74,2601.12
cell_17269,6508.84,658.61
cell_17270,6508.94,2530.42
cell_17271,6509,1026.61
cell_17272,6509.7,2398.12
cell_17273,6509.81,876.1
cell_17274,651.05,1617.71
cell_17275,6510.19,2379.69
cell_17276,6510.73,848.29
cell_17277,6510.84,448.51
cell_17278,6511.17,473.67
cell_17279,6511.25,2196.7
cell_17280,6511.63,2796.7
cell_17281,6511.73,1142.39
cell_17282,6511.81,2620.92
cell_17283,6512.05,2103.04
cell_17284,6512.11,2541.54
cell_17285,6512.21,974.71
cell_17286,6512.33,711.83
cell_17287,6512.47,2130.92
cell_17288,6513.36,1750.79
cell_17289,6513.4,2410.25
cell_17290,6513.68,2296.02
cell_17291,6513.93,271.01
cell_17292,6514.24,113.52
cell_17293,6514.38,463.31
cell_17294,6514.62,1850.53
cell_17295,6515.4,2507.84
cell_17296,6515.45,784.77
cell_17297,6515.49,1414.65
cell_17298,6515.73,2230.47
cell_17299,6516.04,625.56
cell_17300,6516.07,687.09
cell_17301,6516.51,1087.4
cell_17302,6517.02,2212.67
cell_17303,6517.42,933.88
cell_17304,6517.67,2080.37
cell_17305,6518.01,206.73
cell_17306,6518.02,2279.57
cell_17307,6518.38,2175.55
cell_17308,6518.76,595.67
cell_17309,6518.86,736.9
cell_17310,6518.87,2365.35
cell_17311,6519.06,184.85
cell_17312,6519.39,2240.75
cell_17313,6519.75,1152.51
cell_17314,652.08,1292.03
cell_17315,652.29,1498.46
cell_17316,652.6,1248.42
cell_17317,6520.31,610.25
cell_17318,6521.09,2710.14
cell_17319,6521.67,161.15
cell_17320,6522.22,2631.28
cell_17321,6522.49,1871.38
cell_17322,6522.61,493.36
cell_17323,6523.03,2261.85
cell_17324,6523.5,2548.82
cell_17325,6523.56,1055.01
cell_17326,6523.64,1833.65
cell_17327,6523.78,2654.01
cell_17328,6524.6,2699.74
cell_17329,6524.66,2611.7
cell_17330,6524.79,2219.28
cell_17331,6525.1,914.72
cell_17332,6525.56,2396.98
cell_17333,6525.84,148.64
cell_17334,6526.02,1437.28
cell_17335,6526.04,74.49
cell_17336,6526.31,809.78
cell_17337,6526.4,586.86
cell_17338,6527.16,661.86
cell_17339,6527.19,2793.63
cell_17340,6527.26,620.91
cell_17341,6527.64,453.96
cell_17342,6528.15,302.21
cell_17343,6528.3,2639.86
cell_17344,6528.36,2728.35
cell_17345,6528.78,1309.39
cell_17346,6529.38,398.65
cell_17347,6529.58,698.24
cell_17348,6529.6,478.9
cell_17349,6529.89,41.46
cell_17350,6529.92,62.37
cell_17351,653.44,1636.02
cell_17352,653.81,2517.32
cell_17353,6530.18,1637.64
cell_17354,6530.35,382.54
cell_17355,6530.67,1887.52
cell_17356,6531.48,643.11
cell_17357,6531.52,848.68
cell_17358,6531.68,2380.7
cell_17359,6531.93,277.19
cell_17360,6532.08,2601.03
cell_17361,6532.53,113.51
cell_17362,6533.52,2041.7
cell_17363,6533.89,267.57
cell_17364,6533.92,818.46
cell_17365,6533.97,2504.56
cell_17366,6534.36,2300.05
cell_17367,6534.9,2804.88
cell_17368,6535.04,2243.64
cell_17369,6535.34,1411.08
cell_17370,6535.75,610.88
cell_17371,6535.9,50.71
cell_17372,6536.77,581.04
cell_17373,6536.89,598.16
cell_17374,6537,2740.48
cell_17375,6537.09,914.65
cell_17376,6537.14,2161.61
cell_17377,6537.19,2402.54
cell_17378,6537.38,1791.47
cell_17379,6537.55,495.35
cell_17380,6537.96,228.28
cell_17381,6538.46,730.02
cell_17382,6538.75,871.02
cell_17383,6538.89,1436.65
cell_17384,6539.14,141.4
cell_17385,6540.02,1023.77
cell_17386,6540.33,2627.87
cell_17387,6540.46,2533.73
cell_17388,6540.69,1908.18
cell_17389,6540.95,904.78
cell_17390,6541.41,671.29
cell_17391,6541.45,943.98
cell_17392,6541.54,2709.86
cell_17393,6542.38,625.26
cell_17394,6542.42,476.81
cell_17395,6542.51,2001.18
cell_17396,6542.67,827.79
cell_17397,6542.7,376.18
cell_17398,6542.73,2380.82
cell_17399,6543,1168.59
cell_17400,6543.02,1939.18
cell_17401,6543.19,186.29
cell_17402,6543.25,293.24
cell_17403,6543.44,1129.65
cell_17404,6543.51,995.93
cell_17405,6544.45,455.26
cell_17406,6544.56,1096.94
cell_17407,6544.66,2414.91
cell_17408,6544.92,2518.63
cell_17409,6545.35,1804.78
cell_17410,6546.55,2034.38
cell_17411,6546.69,607.63
cell_17412,6546.75,362.28
cell_17413,6546.78,2790.82
cell_17414,6547.64,491.68
cell_17415,6547.84,399.27
cell_17416,6548.55,2121.04
cell_17417,6548.56,2372.94
cell_17418,6548.56,2722.38
cell_17419,6548.95,2361.98
cell_17420,6549.05,222.68
cell_17421,6549.47,726.17
cell_17422,6549.78,575.11
cell_17423,6549.82,690.74
cell_17424,6549.91,1755.38
cell_17425,655.39,1236.95
cell_17426,655.89,1333.12
cell_17427,6550.27,1947.98
cell_17428,6550.41,1848.01
cell_17429,6550.52,2554.19
cell_17430,6550.54,1961.62
cell_17431,6550.8,2226.41
cell_17432,6550.95,2646.73
cell_17433,6551,2107.87
cell_17434,6551.44,211.95
cell_17435,6551.68,2619.1
cell_17436,6551.9,140.71
cell_17437,6552.56,2273.64
cell_17438,6552.88,1200.81
cell_17439,6553.09,703.82
cell_17440,6553.13,926.13
cell_17441,6553.18,278.87
cell_17442,6553.19,2540.43
cell_17443,6553.22,2189.6
cell_17444,6553.4,41.7
cell_17445,6553.46,1981.26
cell_17446,6553.55,2602.34
cell_17447,6553.96,2511.95
cell_17448,6554.06,1528.88
cell_17449,6554.27,751.5
cell_17450,6554.73,475.67
cell_17451,6554.74,2248.12
cell_17452,6554.88,152.83
cell_17453,6555.19,1923.77
cell_17454,6555.19,2143.38
cell_17455,6555.33,866.98
cell_17456,6555.39,611.64
cell_17457,6555.53,497.03
cell_17458,6556.01,391
cell_17459,6556.09,353.69
cell_17460,6556.17,948.99
cell_17461,6556.85,642.52
cell_17462,6557.17,1916.69
cell_17463,6557.25,2525.22
cell_17464,6557.42,195.97
cell_17465,6557.57,773.56
cell_17466,6557.8,1055.88
cell_17467,6557.84,2713.4
cell_17468,6558,368.66
cell_17469,6558.07,2202.94
cell_17470,6558.4,1123.67
cell_17471,6558.58,118.85
cell_17472,6558.96,847.62
cell_17473,6559.07,2055.67
cell_17474,6559.82,661.56
cell_17475,6559.83,821.22
cell_17476,6560.34,577.16
cell_17477,6560.38,2611.8
cell_17478,6560.7,985.86
cell_17479,6560.72,61.19
cell_17480,6560.74,48.98
cell_17481,6561.05,2402.39
cell_17482,6561.55,2290.66
cell_17483,6562.06,627.35
cell_17484,6562.27,456.49
cell_17485,6562.53,711.95
cell_17486,6562.71,2082.18
cell_17487,6562.76,284.12
cell_17488,6562.81,2391.64
cell_17489,6563.07,2300.97
cell_17490,6563.43,973.38
cell_17491,6564.26,592.65
cell_17492,6564.46,293.28
cell_17493,6564.78,2020.1
cell_17494,6564.85,2802.19
cell_17495,6564.95,2353.04
cell_17496,6565.03,1145.56
cell_17497,6565.15,2636.44
cell_17498,6565.81,143.59
cell_17499,6566.74,2530.14
cell_17500,6567.1,2130.99
cell_17501,6567.16,2114.33
cell_17502,6567.31,2514.95
cell_17503,6567.35,2179.84
cell_17504,6567.39,311.4
cell_17505,6567.39,608.02
cell_17506,6567.75,2161.7
cell_17507,6568.21,2381.03
cell_17508,6568.45,3.54
cell_17509,6568.62,725.86
cell_17510,6569.16,274.07
cell_17511,6569.19,576.59
cell_17512,6569.45,127.44
cell_17513,6569.52,1571.75
cell_17514,6569.64,1784.36
cell_17515,6569.74,2649.04
cell_17516,657.12,2115.01
cell_17517,6570.38,2363.37
cell_17518,6570.91,2626.22
cell_17519,6571.09,1909.78
cell_17520,6571.12,1096.65
cell_17521,6571.12,156.54
cell_17522,6571.37,79.09
cell_17523,6571.45,786.76
cell_17524,6571.61,1706.09
cell_17525,6571.64,482.26
cell_17526,6572.33,919.79
cell_17527,6572.53,2501.15
cell_17528,6572.6,2273.04
cell_17529,6572.73,1182.61
cell_17530,6572.85,208.55
cell_17531,6573.16,497.64
cell_17532,6573.29,1801.97
cell_17533,6573.61,2547.34
cell_17534,6574.53,2372.86
cell_17535,6574.56,1067.12
cell_17536,6574.8,2795.32
cell_17537,6574.89,669.86
cell_17538,6574.92,881.75
cell_17539,6575.04,2042.06
cell_17540,6575.34,2403.28
cell_17541,6575.35,758.14
cell_17542,6575.53,1521.97
cell_17543,6575.68,704.16
cell_17544,6576.01,389.58
cell_17545,6576.03,612.69
cell_17546,6576.11,1821.77
cell_17547,6576.3,185.97
cell_17548,6576.56,851.84
cell_17549,6576.64,470.56
cell_17550,6576.76,568.91
cell_17551,6577.23,691.04
cell_17552,6577.66,376.95
cell_17553,6577.7,2257.94
cell_17554,6577.89,456.38
cell_17555,6577.93,2391.52
cell_17556,6577.99,2456.63
cell_17557,6577.99,838.53
cell_17558,6578.02,825.95
cell_17559,6578.16,2736.62
cell_17560,6578.4,593.2
cell_17561,6578.64,1046.89
cell_17562,6578.67,2516.22
cell_17563,6578.68,1437.88
cell_17564,6579.83,409.83
cell_17565,6579.93,661.13
cell_17566,6580.05,1844.16
cell_17567,6580.44,119.52
cell_17568,6580.86,2615.51
cell_17569,6581.07,1991.69
cell_17570,6581.35,2210.87
cell_17571,6581.63,2722.36
cell_17572,6581.94,2642.99
cell_17573,6582.11,135.41
cell_17574,6582.17,797.47
cell_17575,6582.62,2781.85
cell_17576,6583.08,815.04
cell_17577,6583.2,2290.13
cell_17578,6583.7,629.91
cell_17579,6583.98,480.27
cell_17580,6584.04,51.59
cell_17581,6584.17,2143.98
cell_17582,6584.6,2470.69
cell_17583,6584.66,950.68
cell_17584,6584.69,1170.88
cell_17585,6584.86,1948.25
cell_17586,6585.11,2697.73
cell_17587,6585.12,1237.99
cell_17588,6585.45,499.63
cell_17589,6585.73,1311.11
cell_17590,6586.33,770.8
cell_17591,6586.56,2414.58
cell_17592,6586.97,582.48
cell_17593,6587.48,2226.1
cell_17594,6587.8,2104.51
cell_17595,6588.07,600.03
cell_17596,6588.2,2793.94
cell_17597,6588.55,147.64
cell_17598,6588.73,2366.27
cell_17599,6589.02,2521.76
cell_17600,6589.03,720.18
cell_17601,6589.41,2630.78
cell_17602,659.75,1428.98
cell_17603,6590.84,2458.64
cell_17604,6590.95,909.08
cell_17605,6591.06,1574.16
cell_17606,6591.06,2533.91
cell_17607,6591.07,2183.95
cell_17608,6591.11,657.21
cell_17609,6591.48,564.52
cell_17610,6592.11,1821.98
cell_17611,6592.2,127.94
cell_17612,6592.24,2604.47
cell_17613,6592.28,841.15
cell_17614,6592.33,1161.45
cell_17615,6592.81,1800.26
cell_17616,6592.81,882.95
cell_17617,6592.88,1197.55
cell_17618,6592.88,385.3
cell_17619,6592.93,2713.39
cell_17620,6593.06,981.68
cell_17621,6593.07,639.86
cell_17622,6593.1,2444.25
cell_17623,6593.15,400.18
cell_17624,6593.27,295.02
cell_17625,6593.38,369.8
cell_17626,6593.4,2500.32
cell_17627,6593.41,696.68
cell_17628,6593.56,1074.98
cell_17629,6593.66,472.85
cell_17630,6593.79,824.49
cell_17631,6593.98,1473.04
cell_17632,6594.25,2196.15
cell_17633,6594.33,1217.99
cell_17634,6594.8,319.38
cell_17635,6595.37,80.1
cell_17636,6595.58,2804.92
cell_17637,6595.61,2378.49
cell_17638,6595.63,959.26
cell_17639,6595.66,140.21
cell_17640,6596.27,1926.59
cell_17641,6596.31,158.78
cell_17642,6596.52,199.82
cell_17643,6596.97,2156.94
cell_17644,6597.08,505.54
cell_17645,6597.19,2637.71
cell_17646,6597.6,1725.01
cell_17647,6597.69,281.84
cell_17648,6597.78,2547.77
cell_17649,6598.24,2399.21
cell_17650,6598.32,1348.11
cell_17651,6598.91,1134.87
cell_17652,6599.01,68.18
cell_17653,6599.16,2173.28
cell_17654,6599.2,116.59
cell_17655,6599.46,1595.66
cell_17656,6599.88,2459.91
cell_17657,6599.96,2092.47
cell_17658,6599.97,2121.12
cell_17659,660.19,1189.35
cell_17660,660.19,1626.03
cell_17661,660.99,1351.8
cell_17662,6600.42,786.11
cell_17663,6600.88,2362.15
cell_17664,6601.53,360.26
cell_17665,6601.82,5.3
cell_17666,6601.94,1978.72
cell_17667,6602.22,736.34
cell_17668,6602.37,1181.77
cell_17669,6602.47,1830.05
cell_17670,6602.58,577.23
cell_17671,6602.64,710.36
cell_17672,6603.12,1040.02
cell_17673,6603.12,487.18
cell_17674,6603.43,894.84
cell_17675,6603.83,1143.11
cell_17676,6604.05,690.76
cell_17677,6604.17,2287.11
cell_17678,6604.24,2722.37
cell_17679,6604.62,602.87
cell_17680,6605.06,677.77
cell_17681,6605.19,1126.47
cell_17682,6605.57,993.4
cell_17683,6605.83,127.01
cell_17684,6605.92,242.31
cell_17685,6605.94,1672.61
cell_17686,6606.53,755.57
cell_17687,6606.59,394.48
cell_17688,6606.81,314.19
cell_17689,6607.02,57.52
cell_17690,6607.21,2611.08
cell_17691,6607.3,2511.58
cell_17692,6607.52,769.07
cell_17693,6607.76,2734.98
cell_17694,6609.04,2596.1
cell_17695,6609.71,2240.45
cell_17696,6609.99,508.07
cell_17697,6610.09,2549.32
cell_17698,6610.3,879.82
cell_17699,6610.88,828.58
cell_17700,6610.98,1226.74
cell_17701,6611.44,2262.52
cell_17702,6611.68,2452.03
cell_17703,6611.68,48
cell_17704,6612.34,1696.77
cell_17705,6612.34,561.26
cell_17706,6612.42,2498.47
cell_17707,6612.43,974.16
cell_17708,6612.8,645.65
cell_17709,6613.22,2646.15
cell_17710,6613.54,800.03
cell_17711,6613.83,862.03
cell_17712,6613.9,2046.98
cell_17713,6614.09,2807.98
cell_17714,6614.17,195.68
cell_17715,6614.35,2410.69
cell_17716,6614.54,388.01
cell_17717,6614.71,2394.11
cell_17718,6614.95,2349.35
cell_17719,6615.09,2620.64
cell_17720,6615.48,2194.16
cell_17721,6615.67,473.15
cell_17722,6616.31,2366.4
cell_17723,6616.37,458.36
cell_17724,6616.46,6.63
cell_17725,6616.56,723.72
cell_17726,6616.61,487.04
cell_17727,6616.62,2302.14
cell_17728,6616.79,400.51
cell_17729,6616.98,2288.71
cell_17730,6617.46,610.65
cell_17731,6617.64,1985.04
cell_17732,6618.11,2003.81
cell_17733,6619.33,2226
cell_17734,6619.42,2402.71
cell_17735,6619.49,666.95
cell_17736,6619.58,2492.09
cell_17737,6619.74,1915.73
cell_17738,6619.8,571.27
cell_17739,662.43,1377.04
cell_17740,6620.04,1023.14
cell_17741,6620.28,1318.19
cell_17742,6620.54,143.8
cell_17743,6620.68,2118.75
cell_17744,6620.94,2728.56
cell_17745,6621.07,411.52
cell_17746,6621.09,692.92
cell_17747,6621.11,118.84
cell_17748,6621.23,2014.1
cell_17749,6621.28,587.42
cell_17750,6621.66,2520.58
cell_17751,6621.75,2706.97
cell_17752,6621.9,2091.27
cell_17753,6622.25,2630.1
cell_17754,6622.56,2136.67
cell_17755,6622.59,2789.61
cell_17756,6622.66,927.1
cell_17757,6622.89,375.8
cell_17758,6622.94,1046.19
cell_17759,6623,316.9
cell_17760,6623.47,2532.96
cell_17761,6623.75,2277.52
cell_17762,6623.78,2377.24
cell_17763,6624.95,1174.36
cell_17764,6625.05,1078.6
cell_17765,6625.22,2211.97
cell_17766,6625.49,76.21
cell_17767,6625.98,2501.68
cell_17768,6626.16,1132.04
cell_17769,6626.27,777.53
cell_17770,6626.85,630.7
cell_17771,6626.89,1536.8
cell_17772,6627.18,652.49
cell_17773,6627.38,205.28
cell_17774,6627.72,1152.84
cell_17775,6627.77,505.86
cell_17776,6628.37,1475.56
cell_17777,6628.49,1992.14
cell_17778,6628.77,2595.78
cell_17779,6629.28,128.96
cell_17780,6629.54,977.9
cell_17781,6630,814.3
cell_17782,6630.04,706.53
cell_17783,6630.08,789.77
cell_17784,6630.21,89.53
cell_17785,6630.45,150.84
cell_17786,6630.51,1905.08
cell_17787,6630.54,2409.53
cell_17788,6630.64,601.94
cell_17789,6631.08,574.74
cell_17790,6631.62,67.77
cell_17791,6631.89,755.61
cell_17792,6632,561.16
cell_17793,6632.09,491.1
cell_17794,6632.18,614.77
cell_17795,6632.37,662.79
cell_17796,6633.36,2124.37
cell_17797,6633.89,2605.63
cell_17798,6634.03,1002.96
cell_17799,6634.28,2186.37
cell_17800,6634.32,1822.57
cell_17801,6635.08,2140.62
cell_17802,6635.09,286.72
cell_17803,6635.82,767.54
cell_17804,6635.98,732.21
cell_17805,6636.04,2365.77
cell_17806,6636.09,1113.28
cell_17807,6636.9,2721.14
cell_17808,6637.36,1834.72
cell_17809,6637.6,363.46
cell_17810,6638.01,2688.6
cell_17811,6638.17,861.94
cell_17812,6638.18,844.9
cell_17813,6638.78,482.35
cell_17814,6639.15,2163.77
cell_17815,6639.26,2531.02
cell_17816,6639.56,2299.55
cell_17817,6639.71,49.76
cell_17818,6639.72,305.45
cell_17819,6639.78,900.35
cell_17820,6639.92,2515.32
cell_17821,6640.28,58.52
cell_17822,6640.31,3.97
cell_17823,6640.37,2494.39
cell_17824,6640.52,1174.28
cell_17825,6640.56,382.74
cell_17826,6640.77,2469.55
cell_17827,6640.8,2339.33
cell_17828,6641.02,2405.3
cell_17829,6641.5,631.33
cell_17830,6641.54,2545.09
cell_17831,6641.94,508.94
cell_17832,6642.01,464.88
cell_17833,6642.07,1771.69
cell_17834,6642.11,2348.91
cell_17835,6642.26,144.98
cell_17836,6642.28,207.11
cell_17837,6642.62,2062.44
cell_17838,6642.66,577.42
cell_17839,6642.84,2587.45
cell_17840,6643,245.95
cell_17841,6643.02,805.43
cell_17842,6643.07,2255.84
cell_17843,6643.79,2616.03
cell_17844,6644.28,2242.01
cell_17845,6644.55,1788.53
cell_17846,6644.76,317.71
cell_17847,6645.33,709.04
cell_17848,6645.83,2635.82
cell_17849,6646.08,597.3
cell_17850,6646.3,968.54
cell_17851,6646.71,2191.26
cell_17852,6646.78,296.31
cell_17853,6646.86,671.35
cell_17854,6647.09,135.74
cell_17855,6647.32,2604.57
cell_17856,6648.04,1060.77
cell_17857,6648.2,414.42
cell_17858,6648.41,646.07
cell_17859,6648.87,1089.2
cell_17860,6648.97,1375.82
cell_17861,6649.26,560.47
cell_17862,6649.76,2594.45
cell_17863,6649.87,164.75
cell_17864,6649.91,2227.74
cell_17865,6650.02,2703.19
cell_17866,6650.45,123.42
cell_17867,6650.68,1132.16
cell_17868,6650.69,788.65
cell_17869,6650.81,1874.27
cell_17870,6651.04,949.84
cell_17871,6651.15,740.91
cell_17872,6651.29,772.46
cell_17873,6651.39,842.38
cell_17874,6651.51,1826.86
cell_17875,6652.07,1727.55
cell_17876,6652.09,874.26
cell_17877,6652.33,195.59
cell_17878,6652.38,2730.6
cell_17879,6653.46,820.04
cell_17880,6653.69,1118.38
cell_17881,6653.77,277.93
cell_17882,6653.84,73.33
cell_17883,6654.63,1835.39
cell_17884,6655.39,1633.9
cell_17885,6655.53,391.3
cell_17886,6655.54,999.77
cell_17887,6655.65,209.9
cell_17888,6655.73,2121.43
cell_17889,6655.84,713.27
cell_17890,6656.38,624.41
cell_17891,6656.48,508.29
cell_17892,6656.63,1195.8
cell_17893,6656.82,731.03
cell_17894,6657.27,1588.86
cell_17895,6657.28,659.42
cell_17896,6657.74,2373.19
cell_17897,6657.77,1673.53
cell_17898,6657.88,1479.63
cell_17899,6658.02,51.73
cell_17900,6658.19,2395.61
cell_17901,6658.32,2103.81
cell_17902,6658.37,60.32
cell_17903,6658.74,453.69
cell_17904,6658.75,2626.51
cell_17905,6658.86,1849.49
cell_17906,6658.87,2808.36
cell_17907,6660.93,2791.26
cell_17908,6660.96,9.44
cell_17909,6660.99,579.15
cell_17910,6661.1,2694.71
cell_17911,6661.61,416.09
cell_17912,6661.83,2085.21
cell_17913,6662.01,1703.39
cell_17914,6662.04,166.22
cell_17915,6662.32,842.23
cell_17916,6662.41,644.88
cell_17917,6662.68,318.53
cell_17918,6662.87,1758.72
cell_17919,6663.12,2780.99
cell_17920,6663.33,2151.52
cell_17921,6664.35,90.39
cell_17922,6664.38,250.17
cell_17923,6664.43,1188.37
cell_17924,6664.45,907.95
cell_17925,6664.59,746.38
cell_17926,6664.62,2526.88
cell_17927,6664.69,2047.31
cell_17928,6665.45,1783.88
cell_17929,6665.76,2349.18
cell_17930,6665.97,2403.93
cell_17931,6666.65,157.42
cell_17932,6666.86,671.64
cell_17933,6666.95,691.76
cell_17934,6666.96,1906.48
cell_17935,6666.96,2167.33
cell_17936,6667.52,771.81
cell_17937,6667.99,2543.82
cell_17938,6668.11,2183.13
cell_17939,6668.18,1747.96
cell_17940,6668.34,2638.02
cell_17941,6668.51,2514.18
cell_17942,6668.62,594.49
cell_17943,6668.75,1177.94
cell_17944,6668.92,382.78
cell_17945,6669.12,238.26
cell_17946,6669.13,1054.71
cell_17947,6669.69,607.33
cell_17948,6669.97,855.48
cell_17949,667.87,1566.38
cell_17950,667.93,1550.4
cell_17951,6670.16,2269.43
cell_17952,6670.27,2706.62
cell_17953,6670.45,1931.6
cell_17954,6670.51,800.64
cell_17955,6670.77,2337.39
cell_17956,6670.77,2795.18
cell_17957,6670.95,1153.76
cell_17958,6671.05,2463.49
cell_17959,6672.02,1369.24
cell_17960,6672.04,2222.18
cell_17961,6672.04,286.98
cell_17962,6672.06,1030.56
cell_17963,6672.19,129.6
cell_17964,6672.42,1168.41
cell_17965,6672.72,2203.48
cell_17966,6673.16,505.72
cell_17967,6673.27,2727.19
cell_17968,6673.68,818.27
cell_17969,6673.7,567.48
cell_17970,6673.93,897.92
cell_17971,6674.19,1428.6
cell_17972,6674.34,55.47
cell_17973,6674.46,930.6
cell_17974,6674.78,2597.34
cell_17975,6674.87,583.11
cell_17976,6675.1,651.22
cell_17977,6675.22,83.11
cell_17978,6675.67,2155.86
cell_17979,6675.86,2614.94
cell_17980,6675.92,1274.73
cell_17981,6676.62,2690.83
cell_17982,6676.7,365.35
cell_17983,6676.94,302.05
cell_17984,6677.56,640.68
cell_17985,6677.72,2135.34
cell_17986,6677.92,140.53
cell_17987,6678.12,2802.44
cell_17988,6678.54,1545.22
cell_17989,6679,1258.37
cell_17990,6679.21,965.35
cell_17991,6679.83,2449.26
cell_17992,6680.51,715.57
cell_17993,6680.78,66.82
cell_17994,6680.95,799.22
cell_17995,6681.9,575.33
cell_17996,6682.29,249.68
cell_17997,6682.36,670.04
cell_17998,6682.47,458.66
cell_17999,6683.24,1635.09
cell_18000,6683.27,2703.67
cell_18001,6683.38,204.21
cell_18002,6683.67,2638.53
cell_18003,6684.09,1834.67
cell_18004,6684.19,2501.42
cell_18005,6684.3,682.89
cell_18006,6684.34,1126.6
cell_18007,6684.85,872.87
cell_18008,6685.09,406.45
cell_18009,6685.24,124.88
cell_18010,6685.44,281.92
cell_18011,6685.56,787.16
cell_18012,6686.04,214.14
cell_18013,6686.09,151.15
cell_18014,6687.37,2777.65
cell_18015,6687.45,856.16
cell_18016,6687.59,1894.1
cell_18017,6688.25,1043.01
cell_18018,6688.3,1097.71
cell_18019,6688.36,7.23
cell_18020,6688.64,600.44
cell_18021,6688.81,752.54
cell_18022,6689.02,631.87
cell_18023,6690.41,2534.22
cell_18024,6690.74,2623.83
cell_18025,6690.8,504.33
cell_18026,6690.86,2389.44
cell_18027,6691.03,2091.55
cell_18028,6691.08,1111.54
cell_18029,6691.35,1071.31
cell_18030,6691.63,2605.35
cell_18031,6691.83,485.92
cell_18032,6692.05,2407.75
cell_18033,6692.35,2790.03
cell_18034,6692.42,2681.14
cell_18035,6693.05,2008.88
cell_18036,6693.15,2355.7
cell_18037,6693.7,700.74
cell_18038,6693.8,1770.03
cell_18039,6693.84,2719.01
cell_18040,6694.09,97.8
cell_18041,6694.19,370.02
cell_18042,6694.85,170.49
cell_18043,6695.19,59.34
cell_18044,6695.31,2239.42
cell_18045,6695.4,1816.34
cell_18046,6695.52,312.74
cell_18047,6695.7,2806.43
cell_18048,6695.72,662.07
cell_18049,6696.41,474.15
cell_18050,6696.42,79.51
cell_18051,6696.46,2493.6
cell_18052,6696.68,416.03
cell_18053,6696.74,687.27
cell_18054,6696.85,575.1
cell_18055,6696.91,1676.74
cell_18056,6697.05,1784.14
cell_18057,6697.08,2514.4
cell_18058,6697.87,1159.37
cell_18059,6697.99,240.4
cell_18060,6698.07,2376.57
cell_18061,6698.08,1992.82
cell_18062,6698.12,2692.74
cell_18063,6698.12,285.97
cell_18064,6698.17,1484.26
cell_18065,6698.58,1136.84
cell_18066,6698.61,790.15
cell_18067,6699.25,606.28
cell_18068,6699.47,2215.1
cell_18069,6699.98,2269.83
cell_18070,670.46,1270.49
cell_18071,670.65,1614.71
cell_18072,670.81,1330.52
cell_18073,6700.29,388.75
cell_18074,6700.61,742.05
cell_18075,6700.63,2340.75
cell_18076,6700.82,926.16
cell_18077,6701.27,2055.11
cell_18078,6701.57,306.65
cell_18079,6701.69,1953.49
cell_18080,6701.97,463.32
cell_18081,6702.35,817.28
cell_18082,6702.46,1086.35
cell_18083,6702.47,2397.09
cell_18084,6702.53,1433.24
cell_18085,6702.82,217.28
cell_18086,6703.23,2353.32
cell_18087,6703.36,1795.65
cell_18088,6703.81,12.83
cell_18089,6703.91,978.01
cell_18090,6704.99,248.13
cell_18091,6705.09,1902.27
cell_18092,6705.86,2631.69
cell_18093,6706.01,564.38
cell_18094,6706.02,2592.32
cell_18095,6706.07,720.47
cell_18096,6706.5,775.46
cell_18097,6706.56,1011.5
cell_18098,6707.39,160.91
cell_18099,6707.49,2688.43
cell_18100,6707.58,2605.92
cell_18101,6708.01,868.53
cell_18102,6708.18,2541.24
cell_18103,6708.27,1166.46
cell_18104,6708.38,88.43
cell_18105,6708.84,142.95
cell_18106,6708.98,369.99
cell_18107,6709.1,583.47
cell_18108,6709.24,1401.17
cell_18109,6709.82,491.03
cell_18110,671.67,1631.64
cell_18111,6710.1,623.36
cell_18112,6710.49,298.7
cell_18113,6710.97,2500.72
cell_18114,6711.08,648.58
cell_18115,6711.1,609.06
cell_18116,6711.43,2703.34
cell_18117,6711.63,1046.08
cell_18118,6711.71,2166.14
cell_18119,6711.86,2261.87
cell_18120,6711.93,503.73
cell_18121,6712.82,2333.93
cell_18122,6712.93,752.61
cell_18123,6713.75,2156.6
cell_18124,6713.82,670.04
cell_18125,6713.93,2063.63
cell_18126,6714.05,1937.31
cell_18127,6714.07,379.42
cell_18128,6714.1,2612.88
cell_18129,6714.18,832.47
cell_18130,6714.3,1841.16
cell_18131,6714.45,1850.56
cell_18132,6714.86,71.5
cell_18133,6714.9,986.37
cell_18134,6715.01,326.28
cell_18135,6715.04,2145.75
cell_18136,6715.23,395.03
cell_18137,6715.51,59.43
cell_18138,6715.79,218.51
cell_18139,6715.85,805.58
cell_18140,6716.24,1948.42
cell_18141,6716.34,738.18
cell_18142,6716.54,2368.29
cell_18143,6716.59,133.61
cell_18144,6716.71,407.56
cell_18145,6717.3,2397.28
cell_18146,6717.5,2725.51
cell_18147,6717.66,2046.43
cell_18148,6718.2,101.36
cell_18149,6718.48,2490.26
cell_18150,6718.55,1171.75
cell_18151,6718.74,869.84
cell_18152,6719,2383
cell_18153,6719.08,565.78
cell_18154,6719.28,2355.61
cell_18155,6720.14,2114.12
cell_18156,6720.38,1724.01
cell_18157,6720.41,638.37
cell_18158,6720.43,2132.08
cell_18159,6720.67,2801.71
cell_18160,6721.01,943.4
cell_18161,6721.38,2447.25
cell_18162,6721.47,468.66
cell_18163,6721.7,1522.93
cell_18164,6721.95,858.53
cell_18165,6721.96,155.32
cell_18166,6722.28,2683.89
cell_18167,6722.46,506.92
cell_18168,6722.57,1963.78
cell_18169,6722.64,1789.49
cell_18170,6723.13,1630.89
cell_18171,6723.38,334.09
cell_18172,6723.39,1581.64
cell_18173,6723.5,304.99
cell_18174,6723.54,2338.55
cell_18175,6723.61,1777.39
cell_18176,6724.13,80.64
cell_18177,6724.41,2234.81
cell_18178,6724.42,92.04
cell_18179,6724.51,10.24
cell_18180,6725.09,1700.19
cell_18181,6725.39,285.28
cell_18182,6725.49,679.13
cell_18183,6725.88,2282.63
cell_18184,6726.32,1079.24
cell_18185,6726.37,480.62
cell_18186,6726.54,1993.45
cell_18187,6726.56,2808.31
cell_18188,6726.71,2075.09
cell_18189,6726.97,419.83
cell_18190,6727.18,179.76
cell_18191,6727.31,2630.91
cell_18192,6728.72,164.02
cell_18193,6728.81,2701.29
cell_18194,6728.96,909.44
cell_18195,6728.97,242.1
cell_18196,6729.55,844.74
cell_18197,6729.76,2372.38
cell_18198,673.15,1000.12
cell_18199,673.36,1516.74
cell_18200,6730.46,2092.82
cell_18201,6730.91,2478.7
cell_18202,6730.96,2010.91
cell_18203,6731.09,131.53
cell_18204,6731.23,232.73
cell_18205,6731.25,722.68
cell_18206,6731.55,2209.62
cell_18207,6731.87,887.03
cell_18208,6731.95,756.08
cell_18209,6731.99,2220.23
cell_18210,6732.16,381.03
cell_18211,6732.53,2399.34
cell_18212,6732.66,1985.13
cell_18213,6732.7,508.58
cell_18214,6732.95,172.68
cell_18215,6733.22,570.32
cell_18216,6734.32,767.45
cell_18217,6734.38,862.49
cell_18218,6734.47,2673.35
cell_18219,6734.62,2710.71
cell_18220,6734.94,393.67
cell_18221,6735.61,1004.55
cell_18222,6736,329.46
cell_18223,6736.17,2595.2
cell_18224,6736.79,1271.1
cell_18225,6736.9,2266.21
cell_18226,6737.53,1724.15
cell_18227,6737.68,2249.63
cell_18228,6737.92,638.5
cell_18229,6738.09,2282.89
cell_18230,6738.3,618.84
cell_18231,6738.34,1097.51
cell_18232,6738.37,793.42
cell_18233,6738.51,295.33
cell_18234,6738.61,598.93
cell_18235,6739,2792.75
cell_18236,6739.21,945.97
cell_18237,674.04,1204.65
cell_18238,6740.11,983.49
cell_18239,6740.55,1106.7
cell_18240,6740.97,687.54
cell_18241,6741.27,65.11
cell_18242,6741.6,2183.76
cell_18243,6741.62,733.09
cell_18244,6741.8,18.68
cell_18245,6742.13,819.19
cell_18246,6742.14,2397.14
cell_18247,6742.15,254.36
cell_18248,6742.38,210.53
cell_18249,6742.4,1602.86
cell_18250,6742.59,470.12
cell_18251,6742.93,1540.64
cell_18252,6742.95,647.16
cell_18253,6743.22,318.85
cell_18254,6743.41,1740.83
cell_18255,6743.46,139.78
cell_18256,6743.9,224.67
cell_18257,6744.43,2721.54
cell_18258,6744.68,2359.63
cell_18259,6745.47,167.44
cell_18260,6745.8,180.9
cell_18261,6745.87,1997.72
cell_18262,6745.97,233.83
cell_18263,6746.05,2633.5
cell_18264,6746.35,747.29
cell_18265,6746.43,574.95
cell_18266,6746.59,385.35
cell_18267,6746.81,483.15
cell_18268,6746.91,1203.54
cell_18269,6746.97,2294.41
cell_18270,6747.19,1155.02
cell_18271,6747.35,2696.41
cell_18272,6747.63,1483.32
cell_18273,6747.94,101.73
cell_18274,6748.14,76.45
cell_18275,6748.37,85.7
cell_18276,6748.59,2385.52
cell_18277,6748.62,286.2
cell_18278,6748.66,888.48
cell_18279,6748.69,2617.27
cell_18280,6748.81,1566.25
cell_18281,6749.07,955.2
cell_18282,6749.26,1832.69
cell_18283,6749.45,776.56
cell_18284,6749.72,2459.76
cell_18285,6750.22,1066.23
cell_18286,6750.3,1242.01
cell_18287,6750.33,1786.6
cell_18288,6750.66,853.48
cell_18289,6750.87,1458.11
cell_18290,6751.34,593.99
cell_18291,6751.52,636.17
cell_18292,6751.59,155.98
cell_18293,6751.97,761.39
cell_18294,6752.6,15.06
cell_18295,6752.66,497.24
cell_18296,6753.23,2346.72
cell_18297,6753.57,409.11
cell_18298,6753.68,1755.81
cell_18299,6754,2267.84
cell_18300,6754.17,2181.43
cell_18301,6754.28,2595.82
cell_18302,6754.3,311.59
cell_18303,6754.31,512.59
cell_18304,6755.28,606.37
cell_18305,6755.31,2238.44
cell_18306,6755.67,375.17
cell_18307,6755.69,217.46
cell_18308,6755.95,1821.69
cell_18309,6756.05,2538.94
cell_18310,6756.08,584.27
cell_18311,6756.31,2473.72
cell_18312,6756.34,334.89
cell_18313,6756.37,2059.32
cell_18314,6756.44,2156.92
cell_18315,6756.59,88.23
cell_18316,6756.72,256.47
cell_18317,6756.76,2716.19
cell_18318,6757.27,2287.94
cell_18319,6757.43,396.51
cell_18320,6758.41,2777.79
cell_18321,6758.65,2338.12
cell_18322,6758.76,1857.17
cell_18323,6758.77,2088.45
cell_18324,6758.87,2585.43
cell_18325,6759.16,419.44
cell_18326,6759.24,1606.1
cell_18327,6759.59,802.69
cell_18328,6759.68,2627.96
cell_18329,6759.76,920.82
cell_18330,676.17,1252.79
cell_18331,6760.62,488.68
cell_18332,6762.01,2199.76
cell_18333,6762.2,2221.15
cell_18334,6762.44,2018.26
cell_18335,6762.66,936.09
cell_18336,6763.12,227.61
cell_18337,6763.21,2806.38
cell_18338,6763.4,2438.86
cell_18339,6763.45,1848.55
cell_18340,6763.81,1050.09
cell_18341,6763.83,2679.33
cell_18342,6764.03,1524.6
cell_18343,6764.21,2108.61
cell_18344,6764.22,75.28
cell_18345,6764.57,152.25
cell_18346,6765.5,477.29
cell_18347,6765.59,739.7
cell_18348,6766.33,1629.78
cell_18349,6766.4,2798.55
cell_18350,6766.73,876.45
cell_18351,6766.95,2785.13
cell_18352,6767.02,2393.47
cell_18353,6767.07,596.47
cell_18354,6767.12,1914.27
cell_18355,6767.3,968.59
cell_18356,6767.41,1901.49
cell_18357,6767.81,2096.17
cell_18358,6767.84,900.25
cell_18359,6767.93,824.17
cell_18360,6768.19,644.52
cell_18361,6768.41,724.76
cell_18362,6768.56,1548.83
cell_18363,6768.61,622.68
cell_18364,6768.72,2701.79
cell_18365,6768.81,518.66
cell_18366,6768.89,2333.15
cell_18367,6768.98,1581.02
cell_18368,6769.12,1663.86
cell_18369,6769.14,254.57
cell_18370,6769.4,2253.23
cell_18371,6769.5,2162.71
cell_18372,6769.92,2185.05
cell_18373,6769.95,2373.11
cell_18374,677.82,1579.13
cell_18375,677.86,1499.68
cell_18376,6770.17,4
cell_18377,6770.85,108.67
cell_18378,6771.43,241.04
cell_18379,6772.08,843.04
cell_18380,6772.39,2454.8
cell_18381,6772.58,1924.98
cell_18382,6772.96,706.07
cell_18383,6773.03,495.38
cell_18384,6773.66,657.97
cell_18385,6773.82,97.24
cell_18386,6774.55,1158.29
cell_18387,6774.62,2283.26
cell_18388,6774.94,1570.98
cell_18389,6775.64,2617.08
cell_18390,6775.83,2344.55
cell_18391,6776.18,149.04
cell_18392,6776.87,1090.82
cell_18393,6776.95,1510.89
cell_18394,6777.02,1962.31
cell_18395,6777.03,1297.18
cell_18396,6777.09,219.14
cell_18397,6777.46,483.38
cell_18398,6777.5,1540.16
cell_18399,6777.8,21.88
cell_18400,6777.8,418.49
cell_18401,6778.06,1949.15
cell_18402,6778.29,75.51
cell_18403,6778.32,1745.7
cell_18404,6778.38,828.57
cell_18405,6778.82,336.62
cell_18406,6779.12,1248.36
cell_18407,6779.12,2797.69
cell_18408,6779.13,783.63
cell_18409,6779.65,2364.26
cell_18410,6779.74,1836.05
cell_18411,678.46,1529.39
cell_18412,678.73,1348.5
cell_18413,6780.09,88.87
cell_18414,6780.16,525.12
cell_18415,6780.53,868.67
cell_18416,6780.62,11.28
cell_18417,6780.77,180.4
cell_18418,6780.87,395.15
cell_18419,6781.03,2479.93
cell_18420,6781.13,977.63
cell_18421,6781.5,2708.54
cell_18422,6781.57,307.1
cell_18423,6782.06,599.57
cell_18424,6782.22,294.61
cell_18425,6782.29,2435.87
cell_18426,6782.66,324.35
cell_18427,6783.47,1783.05
cell_18428,6783.58,167.32
cell_18429,6783.94,622.21
cell_18430,6784.16,958.96
cell_18431,6784.4,2805.41
cell_18432,6784.62,507.33
cell_18433,6785.15,2354.51
cell_18434,6785.17,1580.39
cell_18435,6785.27,582.28
cell_18436,6785.39,2579.47
cell_18437,6785.58,2589.04
cell_18438,6786.65,2536
cell_18439,6787.43,73.33
cell_18440,6787.5,2609.97
cell_18441,6787.81,1235.42
cell_18442,6788.13,826.39
cell_18443,6788.27,2205.3
cell_18444,6788.37,2672.97
cell_18445,6788.72,1846.14
cell_18446,6789.54,415.32
cell_18447,6789.56,2333.36
cell_18448,6789.83,426.48
cell_18449,6790.13,2380.32
cell_18450,6790.17,320.19
cell_18451,6790.53,996.73
cell_18452,6791.14,216.78
cell_18453,6791.43,1766.01
cell_18454,6791.55,2624.26
cell_18455,6791.58,1655.77
cell_18456,6791.61,2232.85
cell_18457,6791.67,1111.22
cell_18458,6792.75,486.56
cell_18459,6793.01,611.46
cell_18460,6793.03,2061.05
cell_18461,6793.09,2027.14
cell_18462,6793.22,2368.29
cell_18463,6793.25,945.53
cell_18464,6793.59,313.04
cell_18465,6793.59,598.45
cell_18466,6793.64,186.29
cell_18467,6793.8,2720.24
cell_18468,6793.92,697.3
cell_18469,6794.02,511.1
cell_18470,6794.07,882.27
cell_18471,6794.74,1732.48
cell_18472,6794.81,2270.89
cell_18473,6794.99,1036.97
cell_18474,6795.02,531.82
cell_18475,6795.36,248.66
cell_18476,6795.92,640.78
cell_18477,6796.04,2081.42
cell_18478,6796.21,841.1
cell_18479,6796.64,1177.61
cell_18480,6796.76,2186.61
cell_18481,6797.22,1990.61
cell_18482,6797.47,1609.72
cell_18483,6797.73,1622.14
cell_18484,6797.74,2594.85
cell_18485,6798.68,384.41
cell_18486,6799.07,501.53
cell_18487,6799.16,726.92
cell_18488,6799.62,342.18
cell_18489,6799.78,104.29
cell_18490,6799.87,1546.15
cell_18491,6800.12,80.62
cell_18492,6800.35,237.4
cell_18493,6800.35,769.26
cell_18494,6800.47,2151.93
cell_18495,6801.3,2804.43
cell_18496,6801.34,1561.22
cell_18497,6801.45,1884.22
cell_18498,6801.47,2134.89
cell_18499,6801.55,2264.39
cell_18500,6802.26,161.1
cell_18501,6802.4,173.22
cell_18502,6803.1,2703.22
cell_18503,6803.12,1864.32
cell_18504,6803.35,584.56
cell_18505,6803.71,659.19
cell_18506,6803.99,535.18
cell_18507,6804.42,903.22
cell_18508,6804.65,2326.86
cell_18509,6804.87,148.61
cell_18510,6805.03,1749.28
cell_18511,6805.39,429.28
cell_18512,6805.6,784.37
cell_18513,6806.74,2092.05
cell_18514,6807.01,6.8
cell_18515,6807.04,2213.06
cell_18516,6807.16,1245.56
cell_18517,6807.55,2776.48
cell_18518,6807.69,602.85
cell_18519,6808,115.63
cell_18520,6808.49,2433.37
cell_18521,6808.73,225.97
cell_18522,6808.99,185.01
cell_18523,6809.22,1009.82
cell_18524,6809.34,2240.19
cell_18525,6809.48,1645.12
cell_18526,6809.68,853.32
cell_18527,6809.88,2475.5
cell_18528,6809.93,405.94
cell_18529,681.24,1363.54
cell_18530,6810.19,2675.01
cell_18531,6811.02,1054.78
cell_18532,6811.9,2385.33
cell_18533,6811.96,1069.83
cell_18534,6812.19,547.61
cell_18535,6812.46,1411.69
cell_18536,6813.27,422.08
cell_18537,6813.92,756.36
cell_18538,6814.42,2267.99
cell_18539,6814.54,316.4
cell_18540,6814.61,2795.97
cell_18541,6814.69,973.46
cell_18542,6815.06,865.73
cell_18543,6815.12,1849.06
cell_18544,6815.13,1942.05
cell_18545,6816.09,1144.05
cell_18546,6816.13,433.78
cell_18547,6816.16,2611.18
cell_18548,6816.45,2349.97
cell_18549,6817.06,1527.14
cell_18550,6817.72,326.2
cell_18551,6817.79,2176.03
cell_18552,6818.37,2198.54
cell_18553,6818.5,343.08
cell_18554,6818.81,496.6
cell_18555,6819.19,602.63
cell_18556,6819.23,190.13
cell_18557,6819.29,1588.82
cell_18558,6819.37,525.85
cell_18559,6819.4,2361.29
cell_18560,6819.7,223.99
cell_18561,682.21,1629.27
cell_18562,682.29,974.25
cell_18563,6820.11,1184.92
cell_18564,6820.45,2672.62
cell_18565,6820.83,768.87
cell_18566,6821.31,2534.4
cell_18567,6821.49,1082.65
cell_18568,6821.58,2803.39
cell_18569,6821.65,302.73
cell_18570,6821.72,1160.22
cell_18571,6821.76,2319.8
cell_18572,6821.85,2711.44
cell_18573,6821.97,2014.12
cell_18574,6822.23,253.58
cell_18575,6822.32,1903.17
cell_18576,6822.5,836.21
cell_18577,6822.52,74.7
cell_18578,6822.57,2080.17
cell_18579,6822.58,2580.73
cell_18580,6822.93,2787.64
cell_18581,6823.16,1977.74
cell_18582,6823.32,819.28
cell_18583,6823.39,548.34
cell_18584,6823.52,2483.07
cell_18585,6823.82,726.06
cell_18586,6824.25,2229.59
cell_18587,6824.25,2446.43
cell_18588,6824.41,798.72
cell_18589,6824.5,629.93
cell_18590,6824.98,742.57
cell_18591,6825.26,1778.84
cell_18592,6825.49,1094.65
cell_18593,6825.89,421.82
cell_18594,6826.25,1838.87
cell_18595,6826.49,513.89
cell_18596,6826.63,2057.26
cell_18597,6827.18,2570.47
cell_18598,6827.45,1620.45
cell_18599,6827.47,161.06
cell_18600,6827.99,1668.65
cell_18601,6828.02,2434.72
cell_18602,6828.05,2169.84
cell_18603,6828.18,1146.54
cell_18604,6828.32,955.25
cell_18605,6828.97,879
cell_18606,6829.21,782.41
cell_18607,6829.27,176.88
cell_18608,6829.39,2606.76
cell_18609,6829.79,2155.45
cell_18610,6829.93,687.09
cell_18611,683.36,1438.01
cell_18612,6830.12,1584.51
cell_18613,6830.6,2326.95
cell_18614,6830.82,2097.65
cell_18615,6831.07,2376.73
cell_18616,6832.2,1924.51
cell_18617,6832.44,700.35
cell_18618,6832.99,894.32
cell_18619,6833.43,1950.75
cell_18620,6833.74,553.22
cell_18621,6834.23,397.92
cell_18622,6834.31,2355.34
cell_18623,6835.05,2223.87
cell_18624,6835.33,1254.17
cell_18625,6835.36,118.29
cell_18626,6835.47,1601.75
cell_18627,6835.73,1314.93
cell_18628,6835.89,796.25
cell_18629,6836.02,1569.85
cell_18630,6836.27,2595.86
cell_18631,6836.39,2031.24
cell_18632,6836.42,860.88
cell_18633,6836.82,1554.83
cell_18634,6837.13,2772.08
cell_18635,6838.16,506.33
cell_18636,6838.52,2448.24
cell_18637,6838.55,1031.63
cell_18638,6838.7,1518.97
cell_18639,6839.26,248.22
cell_18640,6839.41,949.08
cell_18641,6839.56,2478.73
cell_18642,6839.78,1940.1
cell_18643,6839.82,2088.84
cell_18644,684.51,1546.71
cell_18645,684.64,1612.42
cell_18646,684.78,1220.46
cell_18647,6840,817.26
cell_18648,6841.22,2132.86
cell_18649,6841.23,2144.67
cell_18650,6841.67,2435.62
cell_18651,6841.7,190.26
cell_18652,6841.9,1660.27
cell_18653,6841.9,230.07
cell_18654,6841.95,1493.15
cell_18655,6842.58,2799.98
cell_18656,6842.62,315.84
cell_18657,6842.63,843.23
cell_18658,6842.83,2106.04
cell_18659,6843.04,672.52
cell_18660,6843.2,2309.92
cell_18661,6843.59,337.68
cell_18662,6843.77,1052.78
cell_18663,6843.99,556.32
cell_18664,6844.14,1682.08
cell_18665,6844.28,1038.76
cell_18666,6844.92,2675.57
cell_18667,6845.05,2179.69
cell_18668,6845.19,521.71
cell_18669,6845.29,257.86
cell_18670,6845.29,446.69
cell_18671,6845.42,328.09
cell_18672,6845.43,222.18
cell_18673,6845.46,2257.19
cell_18674,6845.89,632.65
cell_18675,6846.01,394.19
cell_18676,6846.03,535.87
cell_18677,6846.1,75.25
cell_18678,6846.16,2121.08
cell_18679,6846.31,2784.52
cell_18680,6846.48,350.39
cell_18681,6846.55,2318.99
cell_18682,6846.71,1129.9
cell_18683,6847.18,2375.27
cell_18684,6847.49,438.39
cell_18685,6847.92,1717.45
cell_18686,6848.08,2208.63
cell_18687,6848.21,1288.68
cell_18688,6848.25,154.26
cell_18689,6848.51,726.65
cell_18690,6848.6,2588.8
cell_18691,6848.7,2198.57
cell_18692,6848.83,2331.06
cell_18693,6848.85,657.32
cell_18694,6849.2,1799.71
cell_18695,6849.21,884.21
cell_18696,6849.32,819.14
cell_18697,6849.76,2246.41
cell_18698,6849.89,800.43
cell_18699,685.14,2409.21
cell_18700,6850.08,783.16
cell_18701,6850.19,512.13
cell_18702,6850.33,1843.16
cell_18703,6850.45,2186.94
cell_18704,6850.59,116.8
cell_18705,6850.63,174.13
cell_18706,6851.35,2441.43
cell_18707,6851.63,420.16
cell_18708,6851.96,410.4
cell_18709,6852.09,562.89
cell_18710,6852.52,240.67
cell_18711,6852.57,2465.92
cell_18712,6852.73,707.88
cell_18713,6852.85,269.65
cell_18714,6853.34,1345
cell_18715,6853.85,2607.42
cell_18716,6854.02,1063.67
cell_18717,6854.57,1573.82
cell_18718,6854.81,543.42
cell_18719,6855.08,966.05
cell_18720,6855.59,308.54
cell_18721,6855.8,1170.19
cell_18722,6856.25,771.87
cell_18723,6856.58,1078.12
cell_18724,6857.06,2574.91
cell_18725,6857.31,638.88
cell_18726,6857.59,759.99
cell_18727,6857.61,1112.56
cell_18728,6857.72,257.35
cell_18729,6858.59,1663.11
cell_18730,6859.02,1994.46
cell_18731,6859.12,1972.14
cell_18732,6859.24,2790.5
cell_18733,6859.43,170.53
cell_18734,6859.56,843.55
cell_18735,6859.64,1794.17
cell_18736,6859.78,2447.15
cell_18737,6859.87,2656.47
cell_18738,6860.15,568.68
cell_18739,6860.25,2667.26
cell_18740,6860.46,2775.9
cell_18741,6860.63,34.56
cell_18742,6860.65,821.92
cell_18743,6861.02,2152.48
cell_18744,6861.04,2800.07
cell_18745,6861.15,1825.07
cell_18746,6861.33,2431.89
cell_18747,6861.39,1017.27
cell_18748,6861.55,516.99
cell_18749,6861.58,2083.53
cell_18750,6861.6,1647.99
cell_18751,6861.68,869.69
cell_18752,6862.13,2256.83
cell_18753,6862.84,2296.59
cell_18754,6863.9,5.59
cell_18755,6864.21,785.23
cell_18756,6864.34,984.54
cell_18757,6864.45,273.29
cell_18758,6864.54,1882.07
cell_18759,6864.89,807.06
cell_18760,6864.99,409.09
cell_18761,6865.05,682.41
cell_18762,6865.43,1599.32
cell_18763,6866.09,1846.42
cell_18764,6866.1,894.39
cell_18765,6866.15,2341.78
cell_18766,6866.17,2531.07
cell_18767,6866.49,2359.83
cell_18768,6866.65,2765.65
cell_18769,6866.66,2236.75
cell_18770,6867.41,251.36
cell_18771,6867.55,2177.29
cell_18772,6867.7,2678.45
cell_18773,6867.7,767.52
cell_18774,6868.93,2105.07
cell_18775,6869.31,2478.99
cell_18776,6869.46,1805.09
cell_18777,6869.68,2092.96
cell_18778,6870.25,180.53
cell_18779,6870.32,1122.92
cell_18780,6870.37,2615.04
cell_18781,6870.44,2215.4
cell_18782,6870.62,2164.38
cell_18783,6870.76,2199.84
cell_18784,6870.85,875.21
cell_18785,6871.08,673.33
cell_18786,6871.26,577.42
cell_18787,6871.9,1749.86
cell_18788,6872.06,1093.16
cell_18789,6872.1,2308.98
cell_18790,6872.14,239.44
cell_18791,6872.18,2713.36
cell_18792,6872.48,846.55
cell_18793,6872.54,1613.6
cell_18794,6872.59,120.3
cell_18795,6872.64,190.85
cell_18796,6872.79,2033.56
cell_18797,6872.8,919.68
cell_18798,6873.61,655.97
cell_18799,6873.87,2440.81
cell_18800,6873.88,1661.13
cell_18801,6874.05,2131.66
cell_18802,6874.17,2494.69
cell_18803,6874.18,744.93
cell_18804,6874.24,641.37
cell_18805,6874.4,2782.49
cell_18806,6874.51,1585.82
cell_18807,6875.51,271.85
cell_18808,6875.76,942.2
cell_18809,6876.39,451.12
cell_18810,6876.59,855.96
cell_18811,6876.67,717.23
cell_18812,6876.86,823
cell_18813,6877.27,523.64
cell_18814,6877.37,2119.81
cell_18815,6877.76,172
cell_18816,6878.06,1550.05
cell_18817,6878.54,417.79
cell_18818,6878.63,2299.29
cell_18819,6878.65,2143.94
cell_18820,6878.88,2798.37
cell_18821,6879.08,2773.04
cell_18822,6879.16,2518.49
cell_18823,6879.5,2360.2
cell_18824,6879.68,536.99
cell_18825,6879.7,2425.25
cell_18826,6879.82,234.71
cell_18827,6879.9,1139.06
cell_18828,6880.39,2221.56
cell_18829,6880.43,196.75
cell_18830,6880.43,2112.27
cell_18831,6880.72,2375.11
cell_18832,6880.79,85.31
cell_18833,6881.33,1342.95
cell_18834,6881.77,1886.7
cell_18835,6881.88,913.43
cell_18836,6881.92,1721.24
cell_18837,6882.01,1978.26
cell_18838,6882.18,1035
cell_18839,6882.28,1908.45
cell_18840,6882.55,729.19
cell_18841,6882.56,328.16
cell_18842,6882.6,2668.42
cell_18843,6883.67,2257.06
cell_18844,6884.42,444.88
cell_18845,6885.09,2187.79
cell_18846,6885.27,314.57
cell_18847,6885.84,18.28
cell_18848,6885.86,2558.78
cell_18849,6885.94,161.39
cell_18850,6886.8,1501.83
cell_18851,6886.91,339.77
cell_18852,6887.29,1276.23
cell_18853,6887.5,436.88
cell_18854,6887.56,1226.74
cell_18855,6887.66,1607.12
cell_18856,6887.8,579.36
cell_18857,6887.88,525.24
cell_18858,6887.97,563.2
cell_18859,6888.05,698.31
cell_18860,6888.13,1855.72
cell_18861,6888.2,706.9
cell_18862,6888.81,2507.01
cell_18863,6888.9,129.23
cell_18864,6889.09,2597.25
cell_18865,6889.13,249.38
cell_18866,6889.61,1595.46
cell_18867,6889.63,2247.47
cell_18868,6889.87,2570.99
cell_18869,6889.89,2235.43
cell_18870,689.09,1400.25
cell_18871,689.12,1248.57
cell_18872,6890.02,2018.34
cell_18873,6890.2,800.49
cell_18874,6890.79,539.91
cell_18875,6890.92,2609.81
cell_18876,6891.41,929.4
cell_18877,6891.45,2106.52
cell_18878,6891.56,2422.45
cell_18879,6891.96,1029.35
cell_18880,6891.99,784.92
cell_18881,6892.36,856.87
cell_18882,6892.49,413.27
cell_18883,6892.58,1632.16
cell_18884,6892.69,716.35
cell_18885,6892.71,1055.95
cell_18886,6892.99,831.82
cell_18887,6893.02,195.6
cell_18888,6893.27,1967.02
cell_18889,6893.47,2796.21
cell_18890,6893.49,40.34
cell_18891,6893.97,766.57
cell_18892,6894.44,2479.65
cell_18893,6894.5,2435.94
cell_18894,6895.38,1680.48
cell_18895,6895.76,1103.22
cell_18896,6896.11,659.81
cell_18897,6896.15,1348.34
cell_18898,6896.31,86.15
cell_18899,6896.44,2763.42
cell_18900,6896.69,683.37
cell_18901,6896.78,432.86
cell_18902,6896.91,368.23
cell_18903,6897.08,646.82
cell_18904,6897.43,1777.42
cell_18905,6897.88,2469.99
cell_18906,6897.92,1172.86
cell_18907,6898.73,2067.7
cell_18908,6898.87,756.59
cell_18909,6899.36,1691.84
cell_18910,6899.64,2091.09
cell_18911,6899.72,261.85
cell_18912,690.33,1265.61
cell_18913,6900.13,879.72
cell_18914,6900.8,2296.18
cell_18915,6900.86,2314.43
cell_18916,6901.23,582.22
cell_18917,6901.29,672.26
cell_18918,6901.37,2716.3
cell_18919,6901.41,2368.9
cell_18920,6901.73,2106.92
cell_18921,6901.75,1863.09
cell_18922,6901.75,562.36
cell_18923,6902.46,278.77
cell_18924,6902.67,2141.24
cell_18925,6902.91,2098.97
cell_18926,6903,2522.68
cell_18927,6903.64,529.38
cell_18928,6904.14,1830.87
cell_18929,6904.61,2080.64
cell_18930,6905.12,239.53
cell_18931,6905.56,2783.64
cell_18932,6905.63,475.62
cell_18933,6905.97,2049.94
cell_18934,6906.27,14.01
cell_18935,6906.51,842.58
cell_18936,6907.28,356.5
cell_18937,6907.32,1997.65
cell_18938,6907.42,1770.69
cell_18939,6907.43,167.21
cell_18940,6907.75,189.22
cell_18941,6907.86,1134.61
cell_18942,6907.99,2795.6
cell_18943,6908.33,2185.2
cell_18944,6908.56,1954.87
cell_18945,6909.37,2169.23
cell_18946,6909.5,554.23
cell_18947,6909.89,1294.58
cell_18948,6910.37,768.59
cell_18949,6910.51,889.51
cell_18950,6910.57,31.75
cell_18951,6910.6,733.55
cell_18952,6910.82,2125.07
cell_18953,6911.21,2198.46
cell_18954,6911.39,566.84
cell_18955,6911.52,2340.45
cell_18956,6911.56,1118.81
cell_18957,6911.92,2419.17
cell_18958,6912.32,179.72
cell_18959,6912.72,2330.46
cell_18960,6913.07,125.14
cell_18961,6913.25,533.78
cell_18962,6913.26,2650.38
cell_18963,6913.29,1650.55
cell_18964,6913.49,545.9
cell_18965,6913.56,82.1
cell_18966,6913.6,1225.98
cell_18967,6913.84,5.56
cell_18968,6913.96,2287.86
cell_18969,6913.99,2433.43
cell_18970,6914.07,271.39
cell_18971,6914.26,135.88
cell_18972,6914.32,2514.06
cell_18973,6914.33,2234.09
cell_18974,6915.02,2036.15
cell_18975,6915.3,649.74
cell_18976,6915.69,585.36
cell_18977,6915.85,434.86
cell_18978,6916.05,2502.37
cell_18979,6916.34,1669.61
cell_18980,6916.59,815.09
cell_18981,6916.81,2484.67
cell_18982,6917.37,335.38
cell_18983,6917.73,2775.73
cell_18984,6917.79,463.09
cell_18985,6918,2223.8
cell_18986,6918.03,2114.15
cell_18987,6919.04,721.73
cell_18988,6919.18,668.85
cell_18989,6919.37,757.54
cell_18990,6919.38,1900.43
cell_18991,6919.51,1639.79
cell_18992,6920.02,2461.39
cell_18993,6920.09,1962.04
cell_18994,6920.23,201.82
cell_18995,6920.52,422.24
cell_18996,6921.05,1007.2
cell_18997,6921.05,1434.76
cell_18998,6921.57,284.23
cell_18999,6921.64,2677.19
cell_19000,6921.72,473.32
cell_19001,6921.8,2693.47
cell_19002,6921.94,256.12
cell_19003,6922.03,2133.42
cell_19004,6922.25,540.49
cell_19005,6922.82,169.29
cell_19006,6922.96,373.26
cell_19007,6923.03,733.44
cell_19008,6923.12,1600.76
cell_19009,6923.19,2303.92
cell_19010,6923.21,2103.92
cell_19011,6923.28,959.89
cell_19012,6923.44,323.76
cell_19013,6923.53,688.37
cell_19014,6924.54,43.03
cell_19015,6924.73,559.09
cell_19016,6924.91,2314.84
cell_19017,6925.03,593.57
cell_19018,6925.12,244.42
cell_19019,6925.8,1084.62
cell_19020,6925.83,436.04
cell_19021,6926.08,1346.4
cell_19022,6926.11,911.27
cell_19023,6926.14,1581.66
cell_19024,6926.4,2365.79
cell_19025,6926.66,2094.5
cell_19026,6926.73,452.05
cell_19027,6926.8,711.75
cell_19028,6927.08,2352.16
cell_19029,6927.21,2791.15
cell_19030,6927.86,2174.92
cell_19031,6928.12,2427.99
cell_19032,6928.16,670.18
cell_19033,6928.6,482.84
cell_19034,6928.65,926.15
cell_19035,6929.29,1908.79
cell_19036,6929.68,892.03
cell_19037,6929.74,790.35
cell_19038,693.38,1199.9
cell_19039,6930.24,1887.4
cell_19040,6930.42,1048.23
cell_19041,6930.55,1064.22
cell_19042,6930.55,1786.04
cell_19043,6931.02,1696.74
cell_19044,6931.16,833.91
cell_19045,6931.44,778.49
cell_19046,6931.47,744.66
cell_19047,6931.53,1381.54
cell_19048,6932.56,1094.93
cell_19049,6933.06,1874.5
cell_19050,6933.29,195.57
cell_19051,6933.37,8.27
cell_19052,6933.69,2323.46
cell_19053,6933.85,594.99
cell_19054,6933.99,574.78
cell_19055,6934.6,2217.74
cell_19056,6934.88,252.47
cell_19057,6935.24,820.14
cell_19058,6935.39,90.35
cell_19059,6935.44,2201.16
cell_19060,6935.49,136.74
cell_19061,6935.49,2294.74
cell_19062,6935.5,126.95
cell_19063,6935.64,2014.32
cell_19064,6935.68,2230.8
cell_19065,6935.89,2168.43
cell_19066,6936.13,2283.62
cell_19067,6936.5,547.62
cell_19068,6936.71,350.11
cell_19069,6937.2,2557.18
cell_19070,6937.35,260.45
cell_19071,6937.74,337.3
cell_19072,6938.43,2189.78
cell_19073,6938.48,2064.76
cell_19074,6938.57,2347.91
cell_19075,6938.67,1654.35
cell_19076,6938.83,655.19
cell_19077,6939.1,279.19
cell_19078,6939.72,1943.3
cell_19079,6939.78,2651.29
cell_19080,6939.81,30.66
cell_19081,694.47,1473.47
cell_19082,694.68,1597.45
cell_19083,6940.93,1642.86
cell_19084,6941.38,2359
cell_19085,6941.49,360.84
cell_19086,6941.65,1680.32
cell_19087,6941.66,18.92
cell_19088,6941.84,592.9
cell_19089,6942.11,564.63
cell_19090,6942.17,2515.59
cell_19091,6942.37,798.51
cell_19092,6942.52,1078.61
cell_19093,6942.53,2329.88
cell_19094,6943.1,1990.38
cell_19095,6943.21,2455.68
cell_19096,6943.83,2482.4
cell_19097,6943.94,46.59
cell_19098,6944.25,704.23
cell_19099,6944.27,1667.73
cell_19100,6944.27,1812.86
cell_19101,6944.54,2505.56
cell_19102,6944.6,272.42
cell_19103,6944.75,825.95
cell_19104,6944.76,380.44
cell_19105,6944.87,2685.76
cell_19106,6945.32,432.5
cell_19107,6945.59,739.99
cell_19108,6945.69,494.91
cell_19109,6945.9,1715.26
cell_19110,6946.4,1008.5
cell_19111,6946.47,1623.32
cell_19112,6946.48,2706.75
cell_19113,6947.29,2115.01
cell_19114,6947.84,1127
cell_19115,6948.25,193.92
cell_19116,6948.34,1603.09
cell_19117,6948.4,554.64
cell_19118,6948.9,2272.21
cell_19119,6949.49,930.03
cell_19120,6949.63,2568.43
cell_19121,6949.79,834.46
cell_19122,6949.82,476.17
cell_19123,6949.91,255.04
cell_19124,695.35,1510.91
cell_19125,6950.51,183.26
cell_19126,6950.54,1636.18
cell_19127,6950.54,671.39
cell_19128,6950.67,1949.52
cell_19129,6950.78,10.9
cell_19130,6950.95,961.36
cell_19131,6951.15,341.77
cell_19132,6951.25,2157.61
cell_19133,6951.37,2096.53
cell_19134,6951.45,36.52
cell_19135,6951.7,1346.61
cell_19136,6952.52,2177.29
cell_19137,6952.6,574.73
cell_19138,6952.63,848.65
cell_19139,6952.92,2216.73
cell_19140,6953.2,2279.25
cell_19141,6953.81,442.53
cell_19142,6953.93,1850.49
cell_19143,6953.99,2197.15
cell_19144,6954.11,2167.51
cell_19145,6954.12,2448.52
cell_19146,6954.42,902.98
cell_19147,6954.45,2582.45
cell_19148,6955.06,171.46
cell_19149,6955.17,653.65
cell_19150,6955.29,2597.92
cell_19151,6955.31,726.76
cell_19152,6955.38,1733.71
cell_19153,6955.56,1825.89
cell_19154,6955.78,138.44
cell_19155,6956.35,2142.67
cell_19156,6956.38,1932.81
cell_19157,6956.49,1541.01
cell_19158,6956.57,209.08
cell_19159,6956.81,386.1
cell_19160,6957.88,1654.07
cell_19161,6958.02,787.39
cell_19162,6958.34,2562.96
cell_19163,6958.68,90.93
cell_19164,6958.89,2412.19
cell_19165,6959.05,290.5
cell_19166,6959.45,557
cell_19167,6959.74,2127.07
cell_19168,6959.78,1618.32
cell_19169,6960.29,2109.77
cell_19170,6960.33,2062.46
cell_19171,6960.83,719.44
cell_19172,6961.03,589.38
cell_19173,6961.11,603.92
cell_19174,6961.13,1433.47
cell_19175,6961.35,2350.98
cell_19176,6961.54,745.82
cell_19177,6961.58,1957.57
cell_19178,6962.38,1901.27
cell_19179,6962.67,806.54
cell_19180,6962.84,105.19
cell_19181,6963.64,1039.18
cell_19182,6964.35,1022.05
cell_19183,6964.5,572.45
cell_19184,6964.75,2296.37
cell_19185,6964.99,2778.84
cell_19186,6965,864.01
cell_19187,6965.55,1111.27
cell_19188,6965.6,1049.12
cell_19189,6965.61,2456.52
cell_19190,6965.77,437.4
cell_19191,6965.89,2748.72
cell_19192,6966.03,2472.88
cell_19193,6966.75,1911.62
cell_19194,6966.76,773.22
cell_19195,6966.8,656.05
cell_19196,6966.93,1473.29
cell_19197,6967.02,2277.23
cell_19198,6967.65,468.55
cell_19199,6967.99,2788.85
cell_19200,6968.52,1889.11
cell_19201,6968.67,2501.59
cell_19202,6969.48,277.4
cell_19203,6969.8,1071.15
cell_19204,697.97,1545.85
cell_19205,6970.08,390.36
cell_19206,6970.35,488.39
cell_19207,6970.38,2026.45
cell_19208,6970.46,610.46
cell_19209,6970.51,2652.02
cell_19210,6970.62,1080.8
cell_19211,6970.7,10.58
cell_19212,6970.74,2545.8
cell_19213,6970.81,933.14
cell_19214,6970.97,1778.97
cell_19215,6972.39,1093.21
cell_19216,6972.48,23.9
cell_19217,6972.96,2556.51
cell_19218,6973.02,453.53
cell_19219,6973.41,2189.63
cell_19220,6973.53,818.99
cell_19221,6974.23,2210.76
cell_19222,6974.46,2310.12
cell_19223,6974.56,1919.01
cell_19224,6974.76,2201.07
cell_19225,6975.15,590.49
cell_19226,6975.35,2167.81
cell_19227,6975.36,1940.29
cell_19228,6975.54,2703.9
cell_19229,6975.78,134.18
cell_19230,6975.91,118.84
cell_19231,6976.02,262.66
cell_19232,6976.41,2266.29
cell_19233,6976.88,1996.17
cell_19234,6977.73,809.42
cell_19235,6977.81,1655.83
cell_19236,6977.82,2095.52
cell_19237,6977.89,190.48
cell_19238,6978.04,569.96
cell_19239,6978.06,675.32
cell_19240,6978.39,200.9
cell_19241,6978.9,878.2
cell_19242,6979.09,2122.59
cell_19243,6979.21,375.28
cell_19244,6979.35,361.55
cell_19245,6980.01,2443.69
cell_19246,6980.21,1139.97
cell_19247,6980.35,291.41
cell_19248,6980.41,54.82
cell_19249,6980.45,704.25
cell_19250,6980.87,2141.35
cell_19251,6981.06,2661.42
cell_19252,6981.1,1210.06
cell_19253,6981.16,144.42
cell_19254,6981.54,212.51
cell_19255,6981.97,1119.22
cell_19256,6982.22,1645.35
cell_19257,6982.78,2071.78
cell_19258,6982.97,1816.4
cell_19259,6983.09,1009.63
cell_19260,6983.1,1269.4
cell_19261,6983.14,12.25
cell_19262,6983.16,2489.52
cell_19263,6983.17,509.21
cell_19264,6983.6,906.18
cell_19265,6983.62,2480.79
cell_19266,6983.9,1880.76
cell_19267,6983.92,1987.36
cell_19268,6983.93,34.25
cell_19269,6984.18,348.32
cell_19270,6984.42,2766.81
cell_19271,6984.62,1245.67
cell_19272,6984.69,2291.16
cell_19273,6985.32,2110.37
cell_19274,6985.76,2590.13
cell_19275,6986.06,940
cell_19276,6986.42,2085.84
cell_19277,6986.73,662.12
cell_19278,6986.74,20.56
cell_19279,6986.85,2411.97
cell_19280,6987.34,1052.3
cell_19281,6987.54,2396.81
cell_19282,6987.59,45.47
cell_19283,6987.72,1022.95
cell_19284,6987.86,2268.01
cell_19285,6987.97,2775.17
cell_19286,6988.03,2329.12
cell_19287,6988.23,761.23
cell_19288,6988.25,2203.88
cell_19289,6988.36,617.95
cell_19290,6988.44,1682.98
cell_19291,6988.49,2545.91
cell_19292,6988.57,2318.58
cell_19293,6988.68,2651.14
cell_19294,6988.73,2255.32
cell_19295,6989.01,2746.6
cell_19296,6989.24,305
cell_19297,6989.37,2337.14
cell_19298,6989.82,2436
cell_19299,6989.86,577.6
cell_19300,6989.92,105.93
cell_19301,6989.98,2569.73
cell_19302,699.28,1330.47
cell_19303,6990.57,182.83
cell_19304,6991.2,292.47
cell_19305,6991.36,602.93
cell_19306,6991.47,2784.76
cell_19307,6991.49,208.87
cell_19308,6991.82,271.82
cell_19309,6992.19,2011.46
cell_19310,6992.29,747.77
cell_19311,6992.42,2756.08
cell_19312,6992.52,1380.63
cell_19313,6992.55,1439.85
cell_19314,6992.87,1811.96
cell_19315,6992.89,887.26
cell_19316,6993.15,2693.79
cell_19317,6993.68,451.46
cell_19318,6994.08,1837
cell_19319,6994.31,2241.87
cell_19320,6994.9,384.38
cell_19321,6995.35,979.57
cell_19322,6996.52,916.27
cell_19323,6997.18,138.49
cell_19324,6997.46,665.95
cell_19325,6997.88,617.25
cell_19326,6998.02,2453.05
cell_19327,6998.57,1910.05
cell_19328,6998.81,286.51
cell_19329,6998.99,1979.3
cell_19330,6999.42,398.75
cell_19331,6999.52,218.36
cell_19332,700.64,1526.84
cell_19333,7000.02,2387.18
cell_19334,7000.31,2466.81
cell_19335,7000.5,948.42
cell_19336,7000.77,1037.23
cell_19337,7001.01,810.84
cell_19338,7001.64,720.7
cell_19339,7002.17,497.65
cell_19340,7002.45,581.19
cell_19341,7002.64,2338.85
cell_19342,7002.89,2132.6
cell_19343,7003.07,780.15
cell_19344,7003.45,2661.72
cell_19345,7003.82,2575.03
cell_19346,7003.91,468.11
cell_19347,7003.96,840.87
cell_19348,7004.8,591.33
cell_19349,7004.82,2488.96
cell_19350,7004.87,1088.16
cell_19351,7004.92,487.18
cell_19352,7005.13,2590.45
cell_19353,7005.4,369.41
cell_19354,7005.51,129.14
cell_19355,7005.98,455.25
cell_19356,7006.02,682.24
cell_19357,7006.04,2273.18
cell_19358,7006.1,1891.56
cell_19359,7006.86,2412.82
cell_19360,7007.41,797.56
cell_19361,7007.46,1105.74
cell_19362,7007.53,27.31
cell_19363,7007.62,265.63
cell_19364,7008.02,2185.24
cell_19365,7008.32,16.5
cell_19366,7008.36,2705.64
cell_19367,7008.78,758.84
cell_19368,7009.23,2228.35
cell_19369,7009.46,2144.71
cell_19370,701.79,1251.97
cell_19371,7010.44,56.19
cell_19372,7010.5,1778.61
cell_19373,7010.66,149.62
cell_19374,7010.67,608.33
cell_19375,7010.73,202.35
cell_19376,7010.9,631.58
cell_19377,7010.98,2689.96
cell_19378,7011.06,2206.71
cell_19379,7011.09,735.36
cell_19380,7011.31,223.72
cell_19381,7011.41,1801.45
cell_19382,7011.74,507.38
cell_19383,7011.92,414.42
cell_19384,7012.59,2248.18
cell_19385,7012.64,1336.19
cell_19386,7012.88,1749.04
cell_19387,7013.22,2333.7
cell_19388,7013.66,2553.45
cell_19389,7013.86,2164.11
cell_19390,7014.41,592.24
cell_19391,7014.71,2639.27
cell_19392,7014.78,287.09
cell_19393,7014.96,668.11
cell_19394,7015.15,2544.28
cell_19395,7015.27,2649.39
cell_19396,7015.38,1006.26
cell_19397,7015.63,2113.08
cell_19398,7016.21,2562.62
cell_19399,7016.65,616.15
cell_19400,7017.03,894.08
cell_19401,7017.05,2743.81
cell_19402,7017.53,485.69
cell_19403,7017.59,718.3
cell_19404,7017.99,2388.64
cell_19405,7018.02,1900.99
cell_19406,7018.45,1915.5
cell_19407,7018.47,390.33
cell_19408,7018.84,1024.16
cell_19409,7018.93,466.36
cell_19410,7018.97,2783.66
cell_19411,7019.06,2092.12
cell_19412,7019.65,2001.98
cell_19413,7019.68,777.56
cell_19414,7019.93,2580.61
cell_19415,7019.94,636.64
cell_19416,702.2,1575.47
cell_19417,7020.37,2186.47
cell_19418,7020.58,2022.48
cell_19419,7020.66,1100.23
cell_19420,7020.73,960.67
cell_19421,7020.84,2044.5
cell_19422,7020.89,2237.66
cell_19423,7020.9,69.79
cell_19424,7021.06,600.1
cell_19425,7021.27,1153.48
cell_19426,7022.36,1876.92
cell_19427,7022.68,6.77
cell_19428,7022.72,2289.78
cell_19429,7022.76,200.07
cell_19430,7023,985.22
cell_19431,7023.1,622.84
cell_19432,7023.29,1315.48
cell_19433,7024.07,2303.49
cell_19434,7024.25,2322.41
cell_19435,7024.71,1954.96
cell_19436,7025.15,318.4
cell_19437,7025.59,1820.12
cell_19438,7025.69,2687.07
cell_19439,7026.39,115.14
cell_19440,7026.48,1939.03
cell_19441,7026.5,139.28
cell_19442,7026.57,1460.58
cell_19443,7027.26,712.5
cell_19444,7027.35,226.19
cell_19445,7027.7,684.11
cell_19446,7028.05,695.93
cell_19447,7028.51,2397.77
cell_19448,7028.7,1928.94
cell_19449,7029.4,2431.86
cell_19450,7030.27,488.27
cell_19451,7030.4,1261.7
cell_19452,7030.95,767.2
cell_19453,7031.22,418.77
cell_19454,7031.37,640.25
cell_19455,7031.38,1064.36
cell_19456,7031.48,609.62
cell_19457,7031.75,2445.41
cell_19458,7032.89,1988.81
cell_19459,7033.33,1863.87
cell_19460,7033.41,1188.51
cell_19461,7033.71,1079.95
cell_19462,7034.22,2655.82
cell_19463,7034.64,2329.35
cell_19464,7035.52,1070.36
cell_19465,7035.52,1146.02
cell_19466,7035.54,2272.24
cell_19467,7035.72,2668.37
cell_19468,7035.83,747.31
cell_19469,7036.54,2150.64
cell_19470,7037.5,158.97
cell_19471,7037.55,65.06
cell_19472,7037.55,820.17
cell_19473,7037.62,2569.4
cell_19474,7037.8,1382.84
cell_19475,7038.05,56.06
cell_19476,7038.08,525.62
cell_19477,7038.24,2778.37
cell_19478,7038.63,2762.81
cell_19479,7038.72,867.33
cell_19480,7039.41,791.62
cell_19481,7039.54,334.21
cell_19482,7039.82,487.6
cell_19483,704.45,1187.24
cell_19484,7040.23,2391.74
cell_19485,7040.42,130.12
cell_19486,7040.44,325.78
cell_19487,7041.05,2377.84
cell_19488,7041.33,413.95
cell_19489,7041.57,2739.83
cell_19490,7041.59,2636.81
cell_19491,7041.67,2554.13
cell_19492,7041.83,1696.04
cell_19493,7042.1,253.78
cell_19494,7042.46,2422.74
cell_19495,7042.71,2478.1
cell_19496,7043.9,316.39
cell_19497,7044.04,2400.82
cell_19498,7045.21,2140.25
cell_19499,7045.22,286.81
cell_19500,7045.27,120.39
cell_19501,7045.29,2440.63
cell_19502,7045.57,221.01
cell_19503,7046.06,538.19
cell_19504,7046.35,675.44
cell_19505,7046.57,2729.45
cell_19506,7046.58,2540.39
cell_19507,7046.97,646.25
cell_19508,7047.06,146.41
cell_19509,7047.17,2578.75
cell_19510,7047.6,1633.08
cell_19511,7047.94,305.72
cell_19512,7047.97,1245.65
cell_19513,7048.15,1915.07
cell_19514,7048.95,840.79
cell_19515,7049.69,1439.62
cell_19516,7049.75,387.41
cell_19517,7049.94,918.53
cell_19518,7050.55,1885.5
cell_19519,7050.68,2296.54
cell_19520,7050.78,2672.61
cell_19521,7051.09,2013.26
cell_19522,7051.24,400.58
cell_19523,7051.36,2234.29
cell_19524,7051.55,2112.99
cell_19525,7051.6,2095.69
cell_19526,7052,488.88
cell_19527,7052.21,2309.83
cell_19528,7052.57,2755.37
cell_19529,7052.83,2776.66
cell_19530,7053.27,907.95
cell_19531,7053.51,2177.91
cell_19532,7053.65,1139.14
cell_19533,7054.14,2211.51
cell_19534,7054.72,932.37
cell_19535,7054.74,525.57
cell_19536,7055.82,2146.44
cell_19537,7055.83,53.08
cell_19538,7055.85,1033.18
cell_19539,7055.97,1579.62
cell_19540,7056.44,155.02
cell_19541,7056.99,565.96
cell_19542,7057.3,201.02
cell_19543,7057.47,2682.3
cell_19544,7057.53,1933.38
cell_19545,7057.63,2316.7
cell_19546,7058.28,2575.13
cell_19547,7058.35,2371.94
cell_19548,7058.6,2387.12
cell_19549,7058.69,2464.18
cell_19550,7059.26,233.84
cell_19551,7059.29,690.54
cell_19552,7059.65,1212.12
cell_19553,7059.8,383.51
cell_19554,706.02,1593.19
cell_19555,706.17,1171.2
cell_19556,706.66,1276.87
cell_19557,7060.11,248.76
cell_19558,7060.18,193.02
cell_19559,7060.44,2474.6
cell_19560,7060.6,1316.92
cell_19561,7060.66,436.22
cell_19562,7061.44,1663.57
cell_19563,7061.45,2645.26
cell_19564,7061.51,2165.67
cell_19565,7061.6,2742.86
cell_19566,7061.72,1263.3
cell_19567,7062.02,2200.36
cell_19568,7062.1,713.96
cell_19569,7062.67,289.15
cell_19570,7063.03,1963.76
cell_19571,7063.19,1369.73
cell_19572,7063.89,2435.04
cell_19573,7064.34,38
cell_19574,7064.73,2128.91
cell_19575,7064.8,742.96
cell_19576,7064.91,1824.5
cell_19577,7064.96,1771.26
cell_19578,7065.37,2320.87
cell_19579,7065.6,2540.42
cell_19580,7065.89,2179.79
cell_19581,7066.18,672.75
cell_19582,7066.48,771.56
cell_19583,7067.04,1074.33
cell_19584,7067.07,554.63
cell_19585,7067.1,870.75
cell_19586,7067.22,998.52
cell_19587,7067.4,1851.12
cell_19588,7067.43,504.11
cell_19589,7067.44,965.18
cell_19590,7067.7,1891.97
cell_19591,7068.11,2230.42
cell_19592,7068.67,137.6
cell_19593,7069.1,217.18
cell_19594,7069.16,793.02
cell_19595,7069.21,574.6
cell_19596,7069.53,585.43
cell_19597,7069.87,2654.61
cell_19598,707.72,1613.15
cell_19599,7070.3,2023.22
cell_19600,7070.34,2770.28
cell_19601,7070.46,2422.09
cell_19602,7071.95,2376.7
cell_19603,7072.2,2256.07
cell_19604,7072.25,79.85
cell_19605,7072.5,1094.14
cell_19606,7072.7,2276.7
cell_19607,7072.78,684.64
cell_19608,7072.81,2527.96
cell_19609,7072.93,2000.98
cell_19610,7073.05,1294.75
cell_19611,7073.65,1166.75
cell_19612,7074.6,2301.61
cell_19613,7074.61,708.29
cell_19614,7075.53,2172.54
cell_19615,7076.01,2186.26
cell_19616,7076.62,1795
cell_19617,7077.06,408.9
cell_19618,7077.64,2090.26
cell_19619,7077.81,2362.19
cell_19620,7077.9,2059.58
cell_19621,7078,432.05
cell_19622,7078.32,2630.96
cell_19623,7078.87,2670.61
cell_19624,7079.15,1910.17
cell_19625,7079.29,418.14
cell_19626,7079.4,1722.73
cell_19627,7079.46,2577.22
cell_19628,7079.5,2733.85
cell_19629,7080.02,641.19
cell_19630,7080.03,333.16
cell_19631,7080.08,656.18
cell_19632,7080.4,1754.38
cell_19633,7081.45,541.53
cell_19634,7081.56,2114.99
cell_19635,7081.81,2445.14
cell_19636,7082.02,729.55
cell_19637,7082.13,2461.36
cell_19638,7083.04,2659.47
cell_19639,7083.24,667.62
cell_19640,7083.51,1785.04
cell_19641,7083.78,595.22
cell_19642,7083.9,1989.68
cell_19643,7083.93,1207.9
cell_19644,7084.09,1121.2
cell_19645,7084.21,2646.46
cell_19646,7084.7,2046.28
cell_19647,7085.09,2308.9
cell_19648,7085.36,1396.52
cell_19649,7086.22,687.01
cell_19650,7086.73,54.53
cell_19651,7086.85,1976.09
cell_19652,7088.15,452.22
cell_19653,7088.58,929.89
cell_19654,7088.78,221.63
cell_19655,7088.97,584.05
cell_19656,7089.34,911.77
cell_19657,7089.5,1958.06
cell_19658,7089.93,2126.91
cell_19659,7089.97,76.63
cell_19660,709.06,1210.73
cell_19661,709.23,1492.15
cell_19662,709.72,1442.14
cell_19663,709.94,1511.48
cell_19664,7090.01,629.49
cell_19665,7090.08,1369.67
cell_19666,7091.1,653.86
cell_19667,7091.69,1853.03
cell_19668,7091.98,2372.32
cell_19669,7092.38,791.46
cell_19670,7092.4,2542.36
cell_19671,7092.44,431.32
cell_19672,7092.86,1689.42
cell_19673,7092.88,609.23
cell_19674,7092.92,2435.92
cell_19675,7093.07,2756.77
cell_19676,7093.65,2420.15
cell_19677,7093.73,2155.35
cell_19678,7094.54,571.23
cell_19679,7094.58,328.34
cell_19680,7094.67,6.93
cell_19681,7094.76,62.07
cell_19682,7095.29,2296.29
cell_19683,7095.46,233.14
cell_19684,7095.52,2770.21
cell_19685,7096.53,137.15
cell_19686,7096.95,2204.05
cell_19687,7097.47,2451.21
cell_19688,7097.51,1321.43
cell_19689,7098.59,1914.97
cell_19690,7098.69,2651.18
cell_19691,7098.98,670.25
cell_19692,7099.08,2749.89
cell_19693,7099.3,1977.09
cell_19694,7099.62,2093.48
cell_19695,7100,438.28
cell_19696,7100.82,1632.3
cell_19697,7101.42,2518.39
cell_19698,7101.77,1010.31
cell_19699,7102.07,2565.06
cell_19700,7102.63,451.96
cell_19701,7102.66,1119.55
cell_19702,7102.83,2529.45
cell_19703,7102.89,408.73
cell_19704,7103.2,714.75
cell_19705,7103.44,735.68
cell_19706,7103.93,1147.93
cell_19707,7104.39,49.62
cell_19708,7104.44,2412.77
cell_19709,7104.47,243.23
cell_19710,7104.69,1030.57
cell_19711,7104.87,2403.03
cell_19712,7105.23,866.08
cell_19713,7105.48,546.24
cell_19714,7106.02,2084.74
cell_19715,7106.12,2070.41
cell_19716,7106.18,2177.36
cell_19717,7106.8,2285.83
cell_19718,7107.02,2221.31
cell_19719,7107.08,1096.38
cell_19720,7107.47,2107.17
cell_19721,7107.61,1392.23
cell_19722,7107.92,255.18
cell_19723,7108.25,2004.5
cell_19724,7108.64,2623.48
cell_19725,7108.87,309.26
cell_19726,7109.34,1072.98
cell_19727,7109.48,2665.12
cell_19728,7109.99,841.76
cell_19729,711.07,1256.94
cell_19730,7110.31,752.69
cell_19731,7110.56,2455.07
cell_19732,7110.74,2767.34
cell_19733,7110.95,2260.47
cell_19734,7111.58,2720.2
cell_19735,7111.76,2133.47
cell_19736,7111.89,1890.05
cell_19737,7111.89,2361.54
cell_19738,7111.96,430.84
cell_19739,7113.16,1976.56
cell_19740,7113.22,647.49
cell_19741,7113.72,1920.75
cell_19742,7114.14,223.77
cell_19743,7114.45,2189.02
cell_19744,7114.54,2348.44
cell_19745,7114.69,127.61
cell_19746,7114.69,417.94
cell_19747,7114.78,699.34
cell_19748,7114.8,990.06
cell_19749,7115.6,1084.22
cell_19750,7115.6,1430.59
cell_19751,7115.82,2426.34
cell_19752,7116.27,928.48
cell_19753,7116.33,79.15
cell_19754,7116.41,59.59
cell_19755,7116.59,2755.03
cell_19756,7117.44,729.44
cell_19757,7117.57,631.24
cell_19758,7118.02,612.24
cell_19759,7118.76,2173.69
cell_19760,7118.8,261.4
cell_19761,7118.87,795.6
cell_19762,7119.86,2739.91
cell_19763,7120.2,2524.78
cell_19764,7120.3,309.17
cell_19765,7120.41,2144.38
cell_19766,7120.67,436.07
cell_19767,7120.89,1334.16
cell_19768,7120.89,2440.94
cell_19769,7120.91,2235.19
cell_19770,7121.07,234.78
cell_19771,7121.27,328.04
cell_19772,7121.37,569.04
cell_19773,7121.54,1289.91
cell_19774,7122.23,714.62
cell_19775,7123.18,1025.35
cell_19776,7123.33,2648.87
cell_19777,7123.49,1087.87
cell_19778,7123.5,2213.07
cell_19779,7123.53,2538.18
cell_19780,7123.58,1625.87
cell_19781,7123.68,1610.45
cell_19782,7123.9,5.26
cell_19783,7123.99,2289.45
cell_19784,7124.24,156.18
cell_19785,7124.4,2549
cell_19786,7124.91,447.62
cell_19787,7125.81,1870.65
cell_19788,7125.99,2635.15
cell_19789,7126.27,678.54
cell_19790,7128.84,1807.01
cell_19791,7129.26,76.16
cell_19792,7129.9,1907.03
cell_19793,7129.94,987.53
cell_19794,713.22,1345.22
cell_19795,7130.52,766.2
cell_19796,7130.56,147.59
cell_19797,7130.56,2450.65
cell_19798,7130.6,52.78
cell_19799,7130.98,2354.28
cell_19800,7131.05,2407.94
cell_19801,7131.66,256.03
cell_19802,7132.19,2423.39
cell_19803,7132.4,1756.39
cell_19804,7132.49,2130.72
cell_19805,7132.52,2662.3
cell_19806,7132.96,464.13
cell_19807,7133.13,133.69
cell_19808,7133.44,2111.39
cell_19809,7133.71,2197.35
cell_19810,7134.17,2559.57
cell_19811,7134.74,2761.89
cell_19812,7135.14,698.92
cell_19813,7135.24,423.71
cell_19814,7136.2,1472.13
cell_19815,7136.37,2088.07
cell_19816,7136.89,631.18
cell_19817,7137.72,327.32
cell_19818,7137.98,357.87
cell_19819,7138.09,1992.9
cell_19820,7138.17,1979.39
cell_19821,7138.28,341.35
cell_19822,7138.68,2006.55
cell_19823,7138.97,1295.77
cell_19824,7139.17,2361.49
cell_19825,7139.44,614.45
cell_19826,7139.55,898.98
cell_19827,7139.92,2147.06
cell_19828,714.72,1577.08
cell_19829,7140.08,219.2
cell_19830,7140.47,247.37
cell_19831,7140.8,1305.53
cell_19832,7140.95,2226.35
cell_19833,7141.45,857.56
cell_19834,7141.56,452.12
cell_19835,7142.13,68.38
cell_19836,7142.23,2628.76
cell_19837,7142.28,956.07
cell_19838,7142.58,1438.86
cell_19839,7143.19,1167.34
cell_19840,7143.25,2440.95
cell_19841,7143.3,1776.54
cell_19842,7143.6,873.07
cell_19843,7144.37,1574.33
cell_19844,7144.41,2533.9
cell_19845,7144.52,2655.82
cell_19846,7145.44,2346.26
cell_19847,7145.68,2415.09
cell_19848,7145.83,1375.55
cell_19849,7146.44,2315.97
cell_19850,7146.6,639.7
cell_19851,7146.78,230.04
cell_19852,7146.79,1145.2
cell_19853,7146.94,137.67
cell_19854,7147.2,2640.48
cell_19855,7147.68,1125.67
cell_19856,7147.96,2459.38
cell_19857,7148.77,2767.74
cell_19858,7148.85,2248.46
cell_19859,7149.45,886.89
cell_19860,7149.51,913.14
cell_19861,7149.56,165.44
cell_19862,7149.68,1884.59
cell_19863,715.7,1092.92
cell_19864,715.7,1223.54
cell_19865,7150.36,2099.57
cell_19866,7150.71,2281.01
cell_19867,7150.86,333.22
cell_19868,7150.9,1066.69
cell_19869,7151.49,2039.18
cell_19870,7151.85,82.84
cell_19871,7152.01,2520.72
cell_19872,7152.45,2077.19
cell_19873,7152.65,44.69
cell_19874,7152.73,1084.1
cell_19875,7153.53,361.76
cell_19876,7153.8,1179.15
cell_19877,7153.84,2539.1
cell_19878,7154.18,2332.6
cell_19879,7154.26,726.15
cell_19880,7154.85,633
cell_19881,7154.9,2170.51
cell_19882,7155.02,767.02
cell_19883,7155.17,2354.35
cell_19884,7155.34,1032.65
cell_19885,7155.47,792.24
cell_19886,7155.49,585.56
cell_19887,7156.01,812.58
cell_19888,7156.45,319.29
cell_19889,7156.8,2429.09
cell_19890,7157.56,1945.29
cell_19891,7158.01,2238.82
cell_19892,7158.13,1055.26
cell_19893,7158.59,2645.76
cell_19894,7158.72,477.36
cell_19895,7159.36,448.11
cell_19896,7159.57,158.35
cell_19897,7159.81,150.45
cell_19898,7159.84,2113.99
cell_19899,7159.9,802.27
cell_19900,7159.92,751.28
cell_19901,716.28,1167.91
cell_19902,716.82,1611
cell_19903,7160.31,1352.02
cell_19904,7160.39,968.28
cell_19905,7160.62,1364.67
cell_19906,7160.99,2759.75
cell_19907,7161.05,128.72
cell_19908,7161.12,2557.16
cell_19909,7161.27,566.33
cell_19910,7161.37,2156.51
cell_19911,7161.4,55.74
cell_19912,7161.46,352.82
cell_19913,7161.59,331.7
cell_19914,7162.14,1040.51
cell_19915,7162.61,2128.17
cell_19916,7162.95,243.84
cell_19917,7163.04,2399.57
cell_19918,7163.06,369.92
cell_19919,7163.67,2062.67
cell_19920,7163.71,1851.27
cell_19921,7164.16,2050.52
cell_19922,7164.51,669.89
cell_19923,7166.67,2084.73
cell_19924,7166.84,2440.14
cell_19925,7167.09,225.13
cell_19926,7168.16,170.99
cell_19927,7168.68,1715.8
cell_19928,7168.84,2452.43
cell_19929,7169.08,824.54
cell_19930,7169.2,2193.21
cell_19931,7169.24,2335.95
cell_19932,7169.32,2637.17
cell_19933,7169.59,260.65
cell_19934,7169.88,484.8
cell_19935,7169.94,839.5
cell_19936,717.15,2134.9
cell_19937,7170.19,577.09
cell_19938,7171.18,635.57
cell_19939,7171.34,2509.29
cell_19940,7171.5,620.8
cell_19941,7172.73,471.76
cell_19942,7173.03,85.64
cell_19943,7173.37,936.82
cell_19944,7173.8,2618.43
cell_19945,7173.92,1793.46
cell_19946,7173.99,2805.39
cell_19947,7174.06,1671.9
cell_19948,7174.24,2380.99
cell_19949,7174.24,318.21
cell_19950,7174.3,2418.36
cell_19951,7174.98,2266.89
cell_19952,7175.34,659.7
cell_19953,7175.69,1030.08
cell_19954,7176.96,2013.39
cell_19955,7177.33,2345.15
cell_19956,7177.94,686.28
cell_19957,7178.11,2320.85
cell_19958,7178.82,1976.46
cell_19959,7179.15,1781.53
cell_19960,7179.43,2198.84
cell_19961,7179.44,161.83
cell_19962,7179.88,358.92
cell_19963,7179.89,2548.31
cell_19964,7179.95,52.41
cell_19965,718.54,1558.56
cell_19966,7180,1163.37
cell_19967,7180.29,2522.52
cell_19968,7180.36,2647.41
cell_19969,7181.09,916.6
cell_19970,7181.1,602.79
cell_19971,7182.19,375.16
cell_19972,7182.19,79.56
cell_19973,7182.64,417.93
cell_19974,7182.82,427.09
cell_19975,7183.19,1615.33
cell_19976,7183.21,2093.47
cell_19977,7183.27,896.73
cell_19978,7183.64,1314.5
cell_19979,7183.78,2150.19
cell_19980,7183.81,592.1
cell_19981,7183.89,133.73
cell_19982,7184.13,256.25
cell_19983,7184.37,497.51
cell_19984,7184.89,346.03
cell_19985,7185.34,246.42
cell_19986,7185.47,768.91
cell_19987,7185.49,2428.94
cell_19988,7185.61,2117
cell_19989,7185.78,1804.96
cell_19990,7186.5,446.33
cell_19991,7187.01,145.39
cell_19992,7187.13,2165.37
cell_19993,7187.62,2619.77
cell_19994,7187.99,659.9
cell_19995,7188.11,807.56
cell_19996,7188.17,1082.12
cell_19997,7188.44,1822.15
cell_19998,7188.52,276.01
cell_19999,7188.66,70.85
cell_20000,7188.91,777.87
cell_20001,7189.8,639.21
cell_20002,7189.83,744.89
cell_20003,7189.84,728.87
cell_20004,7190.53,365.01
cell_20005,7190.82,488.44
cell_20006,7190.84,1876.31
cell_20007,7191.38,1440.6
cell_20008,7191.39,2539.99
cell_20009,7191.56,51.38
cell_20010,7191.64,156.16
cell_20011,7192.26,624.11
cell_20012,7192.35,691.34
cell_20013,7192.65,759.45
cell_20014,7192.7,1330.59
cell_20015,7192.81,178.53
cell_20016,7192.88,2719.41
cell_20017,7193.98,1139.59
cell_20018,7194.71,2180.93
cell_20019,7194.9,438.56
cell_20020,7194.96,500.02
cell_20021,7195.06,2607.23
cell_20022,7195.27,1057.33
cell_20023,7195.27,461.28
cell_20024,7195.49,2332.16
cell_20025,7195.49,243.64
cell_20026,7195.7,853.81
cell_20027,7195.73,2194.16
cell_20028,7195.76,2142.19
cell_20029,7195.77,328.03
cell_20030,7196.21,1728.29
cell_20031,7196.64,340.15
cell_20032,7196.86,791.19
cell_20033,7196.9,2153.64
cell_20034,7197.26,2319.42
cell_20035,7197.46,1038.39
cell_20036,7197.52,1404.15
cell_20037,7197.91,806.87
cell_20038,7198.12,1047.01
cell_20039,7198.93,233.58
cell_20040,7198.96,2623.14
cell_20041,7199.31,167.96
cell_20042,7199.57,476.29
cell_20043,7199.68,147.35
cell_20044,7199.77,2509.37
cell_20045,7199.88,648.36
cell_20046,720.04,1205.2
cell_20047,7200.58,267.02
cell_20048,7200.63,603.79
cell_20049,7200.99,2074.63
cell_20050,7201.04,2494.62
cell_20051,7201.05,158.03
cell_20052,7201.12,2046.1
cell_20053,7201.26,1067.01
cell_20054,7201.61,1545.12
cell_20055,7202.25,1075.84
cell_20056,7202.4,1421.34
cell_20057,7202.84,452.88
cell_20058,7203,369.91
cell_20059,7203.06,2431.4
cell_20060,7203.3,87.72
cell_20061,7203.38,177.09
cell_20062,7203.42,2234.62
cell_20063,7203.42,2600.71
cell_20064,7203.8,2369.33
cell_20065,7203.93,77.03
cell_20066,7203.96,2731.67
cell_20067,7204.04,1170.19
cell_20068,7204.38,509.52
cell_20069,7204.59,2093.09
cell_20070,7205.21,379.3
cell_20071,7205.96,687.72
cell_20072,7206.05,2646.42
cell_20073,7206.1,1145.42
cell_20074,7206.65,2130.9
cell_20075,7206.82,2561.1
cell_20076,7207.11,2797.52
cell_20077,7207.24,1313.47
cell_20078,7207.99,2807.97
cell_20079,7209.82,259.89
cell_20080,7209.92,1853.98
cell_20081,721.48,1249.1
cell_20082,721.67,1277.9
cell_20083,7210.01,1889.53
cell_20084,7210.06,2319.28
cell_20085,7210.36,60.76
cell_20086,7210.54,1110.51
cell_20087,7210.57,1834.12
cell_20088,7210.66,1049.74
cell_20089,7211.25,2009.28
cell_20090,7211.27,2246.98
cell_20091,7211.31,2258.4
cell_20092,7211.46,1767.34
cell_20093,7211.54,2075.52
cell_20094,7211.83,624.87
cell_20095,7211.86,917.7
cell_20096,7212.4,2415.64
cell_20097,7212.47,1324.62
cell_20098,7213,359.96
cell_20099,7213.26,2056.59
cell_20100,7213.35,652.86
cell_20101,7213.56,1017.32
cell_20102,7213.77,2504.7
cell_20103,7213.83,1805.83
cell_20104,7213.92,638.88
cell_20105,7213.95,904.41
cell_20106,7214.33,503.42
cell_20107,7214.48,2401.72
cell_20108,7215.42,140.82
cell_20109,7215.43,1628.59
cell_20110,7215.82,2367.78
cell_20111,7216.58,466.27
cell_20112,7216.59,479.07
cell_20113,7216.65,2159.76
cell_20114,7216.65,2606.02
cell_20115,7216.65,859.51
cell_20116,7216.88,1258.73
cell_20117,7216.88,1953.94
cell_20118,7216.98,744.3
cell_20119,7217.01,492.34
cell_20120,7217.2,1974.32
cell_20121,7217.6,849.65
cell_20122,7217.91,1996.88
cell_20123,7217.98,2306.04
cell_20124,7218.02,759.86
cell_20125,7218.57,2389.82
cell_20126,7219.52,80.38
cell_20127,7219.71,1360.04
cell_20128,7219.9,338.98
cell_20129,7219.93,182.89
cell_20130,722.34,1475.27
cell_20131,722.88,1536
cell_20132,7220,2628.83
cell_20133,7220.57,805.48
cell_20134,7220.58,392.37
cell_20135,7220.82,2356.31
cell_20136,7221.09,2146.99
cell_20137,7221.5,276.44
cell_20138,7221.55,2378.8
cell_20139,7222.34,1824.88
cell_20140,7222.45,2422.89
cell_20141,7222.46,449.92
cell_20142,7222.73,1592.83
cell_20143,7222.84,1938.82
cell_20144,7223.33,238.5
cell_20145,7223.37,2720.74
cell_20146,7224.19,265.63
cell_20147,7224.28,158.96
cell_20148,7224.29,2218.08
cell_20149,7224.65,1613.13
cell_20150,7224.81,289.53
cell_20151,7224.93,2495.42
cell_20152,7225.05,249.05
cell_20153,7225.23,2708.32
cell_20154,7225.37,2251.42
cell_20155,7225.38,4.72
cell_20156,7225.6,866.75
cell_20157,7225.63,1175.84
cell_20158,7225.64,943.71
cell_20159,7225.77,1499.78
cell_20160,7225.8,2483.96
cell_20161,7226.25,723.66
cell_20162,7226.25,971.46
cell_20163,7226.73,1800.39
cell_20164,7227.49,616.84
cell_20165,7227.63,1885.07
cell_20166,7227.8,172.43
cell_20167,7227.85,689.24
cell_20168,7227.89,881.59
cell_20169,7228.03,2187.83
cell_20170,7228.23,533.3
cell_20171,7228.55,2619.25
cell_20172,7228.98,2171.07
cell_20173,7228.99,712.71
cell_20174,7229.16,93.31
cell_20175,7229.18,2299.06
cell_20176,7229.21,2637.5
cell_20177,7229.41,2405.04
cell_20178,7229.48,2520.28
cell_20179,723.36,1310.65
cell_20180,7230.52,480.24
cell_20181,7230.8,1550.63
cell_20182,7231.31,2531.98
cell_20183,7231.31,774.35
cell_20184,7231.45,107.15
cell_20185,7231.72,2366.07
cell_20186,7232.5,755.1
cell_20187,7232.68,73.26
cell_20188,7232.84,639.89
cell_20189,7232.89,518.65
cell_20190,7233.13,2115.07
cell_20191,7233.17,1404.02
cell_20192,7234.34,2594.13
cell_20193,7234.38,1952.86
cell_20194,7234.9,85.58
cell_20195,7235.15,1681.35
cell_20196,7235.3,1368.31
cell_20197,7235.38,625.35
cell_20198,7236,501.88
cell_20199,7236.1,1491.21
cell_20200,7236.15,2490.89
cell_20201,7236.6,1442.3
cell_20202,7237.1,2055.61
cell_20203,7237.17,8.87
cell_20204,7237.44,343.62
cell_20205,7237.59,528.33
cell_20206,7237.82,240.56
cell_20207,7238.33,487.53
cell_20208,7238.51,1129
cell_20209,7238.94,260.79
cell_20210,7239.31,2808.04
cell_20211,724.28,1296.72
cell_20212,724.63,1458.62
cell_20213,724.64,1178.88
cell_20214,7240.12,183.3
cell_20215,7240.48,282.53
cell_20216,7240.59,2351.89
cell_20217,7240.72,1880.56
cell_20218,7241.25,1075.07
cell_20219,7241.43,2395.79
cell_20220,7241.63,382.93
cell_20221,7241.66,497.42
cell_20222,7241.68,664.89
cell_20223,7241.77,1176.34
cell_20224,7241.98,2071.46
cell_20225,7242.03,252.07
cell_20226,7242.16,1391.9
cell_20227,7242.4,2515.32
cell_20228,7242.43,361.12
cell_20229,7242.86,809.14
cell_20230,7243.35,512.27
cell_20231,7243.51,2526.71
cell_20232,7244.12,1147.27
cell_20233,7244.27,2119.46
cell_20234,7244.71,159.87
cell_20235,7244.89,2715.63
cell_20236,7244.98,2603.63
cell_20237,7245.16,104.26
cell_20238,7245.22,453.93
cell_20239,7245.77,2492.31
cell_20240,7245.88,679.08
cell_20241,7245.89,2238.88
cell_20242,7245.92,2727.28
cell_20243,7246.07,2704.8
cell_20244,7246.2,2009.44
cell_20245,7246.3,747.88
cell_20246,7246.36,2099.08
cell_20247,7246.38,1414.48
cell_20248,7246.52,1912.02
cell_20249,7246.88,473.16
cell_20250,7247.16,273.99
cell_20251,7247.27,1746.11
cell_20252,7247.31,2376.76
cell_20253,7247.47,2331.34
cell_20254,7247.79,2798.12
cell_20255,7248.28,1598.99
cell_20256,7248.4,1312.75
cell_20257,7248.49,1236.76
cell_20258,7248.59,397.53
cell_20259,7249,2140.95
cell_20260,7249.22,2170.44
cell_20261,7249.35,293.05
cell_20262,7249.73,1996.24
cell_20263,7250.12,888.27
cell_20264,7250.14,740.3
cell_20265,7250.46,265.5
cell_20266,7250.48,1944.67
cell_20267,7250.6,698.18
cell_20268,7250.71,149.92
cell_20269,7250.98,175.67
cell_20270,7251.21,1003.02
cell_20271,7251.62,2368.16
cell_20272,7252.01,1779.41
cell_20273,7252.17,2221.02
cell_20274,7252.18,865.21
cell_20275,7252.26,2080.98
cell_20276,7252.58,1982.68
cell_20277,7252.83,527.31
cell_20278,7253.17,1154.24
cell_20279,7253.35,92.89
cell_20280,7253.53,2472.89
cell_20281,7253.89,2592.28
cell_20282,7254.25,2611.99
cell_20283,7254.28,2786.35
cell_20284,7254.39,2625.69
cell_20285,7254.49,1659.28
cell_20286,7254.84,2382.66
cell_20287,7255.95,1523.39
cell_20288,7256.11,1573.48
cell_20289,7256.26,1954.86
cell_20290,7256.27,733.12
cell_20291,7256.3,2462.94
cell_20292,7256.54,1303.52
cell_20293,7256.79,470.09
cell_20294,7257.13,167.61
cell_20295,7257.69,109.69
cell_20296,7257.92,550.48
cell_20297,7258.05,646
cell_20298,7258.26,2524.16
cell_20299,7258.26,2807.75
cell_20300,7258.42,2700.1
cell_20301,7258.46,857.21
cell_20302,7258.48,2719.7
cell_20303,7258.66,1966.16
cell_20304,7258.79,488.72
cell_20305,7258.89,1365.24
cell_20306,7259.25,814.84
cell_20307,7259.33,1101.3
cell_20308,7259.79,2507.02
cell_20309,7259.88,2494.84
cell_20310,726.38,1592.73
cell_20311,7260.03,1911.42
cell_20312,7260.13,403.27
cell_20313,7260.37,1834.24
cell_20314,7260.38,1013.39
cell_20315,7260.53,978
cell_20316,7260.6,1790.9
cell_20317,7260.77,756.47
cell_20318,7260.89,2168.27
cell_20319,7261.29,2241.66
cell_20320,7261.4,376.76
cell_20321,7261.62,2156.43
cell_20322,7261.76,1988.5
cell_20323,7262.17,2586.97
cell_20324,7262.48,356.68
cell_20325,7262.53,504.75
cell_20326,7262.55,722.59
cell_20327,7262.75,1072.2
cell_20328,7263.38,2610.92
cell_20329,7264.32,2478.25
cell_20330,7264.32,2796.36
cell_20331,7265.08,2208.1
cell_20332,7265.3,14.93
cell_20333,7265.6,844.09
cell_20334,7265.78,1125.68
cell_20335,7266.26,393.2
cell_20336,7266.54,2034.66
cell_20337,7266.89,1949.21
cell_20338,7267.37,1399.63
cell_20339,7267.52,92.2
cell_20340,7268,791.92
cell_20341,7268.01,5.55
cell_20342,7268.04,688.8
cell_20343,7268.37,182.44
cell_20344,7268.44,2069
cell_20345,7268.94,2132.14
cell_20346,7269.02,896.74
cell_20347,7269.13,528.68
cell_20348,7269.5,263.68
cell_20349,7269.54,313.2
cell_20350,7269.57,539.82
cell_20351,7269.76,767.15
cell_20352,7269.8,1864.26
cell_20353,7270.05,1182.82
cell_20354,7270.23,2225.67
cell_20355,7270.56,149.87
cell_20356,7270.82,2593.64
cell_20357,7271.06,254.24
cell_20358,7271.22,806.74
cell_20359,7271.74,654.58
cell_20360,7272.24,195.06
cell_20361,7272.51,374.24
cell_20362,7272.63,737.24
cell_20363,7272.84,1380.3
cell_20364,7272.92,2614.53
cell_20365,7272.93,1240.16
cell_20366,7273.38,78.43
cell_20367,7273.43,852.29
cell_20368,7273.56,882.18
cell_20369,7274.12,1273.55
cell_20370,7274.37,749.12
cell_20371,7274.6,713.75
cell_20372,7274.62,2494.44
cell_20373,7274.76,2713.77
cell_20374,7275.02,1391.79
cell_20375,7275.43,2356.19
cell_20376,7275.76,409.11
cell_20377,7275.79,2732.39
cell_20378,7275.93,291.63
cell_20379,7276.01,2368.41
cell_20380,7276.29,1460.16
cell_20381,7276.41,668.19
cell_20382,7276.45,680.27
cell_20383,7276.66,2194.76
cell_20384,7276.96,505.38
cell_20385,7277.45,2106.77
cell_20386,7277.73,177.72
cell_20387,7277.73,2693.69
cell_20388,7277.94,14.55
cell_20389,7278.1,2514.34
cell_20390,7278.32,1202.91
cell_20391,7278.67,2094.7
cell_20392,7279.21,1704.63
cell_20393,7279.7,862.4
cell_20394,7279.75,557.05
cell_20395,7279.99,2600.95
cell_20396,7280.24,2318.59
cell_20397,7280.31,776.34
cell_20398,7280.76,99.57
cell_20399,7280.93,1060.18
cell_20400,7281.16,1941.2
cell_20401,7281.19,303.01
cell_20402,7281.28,2332.3
cell_20403,7281.46,981.14
cell_20404,7281.62,1526.47
cell_20405,7281.65,2020.84
cell_20406,7281.99,2378.35
cell_20407,7282.03,1018.11
cell_20408,7282.22,2232.31
cell_20409,7282.33,491.5
cell_20410,7282.41,359.78
cell_20411,7282.64,525.72
cell_20412,7282.69,1167.91
cell_20413,7282.75,2057.65
cell_20414,7282.97,1033.25
cell_20415,7283.22,2007.02
cell_20416,7283.31,726.08
cell_20417,7283.37,2471.78
cell_20418,7283.38,811.38
cell_20419,7283.41,1980.77
cell_20420,7283.49,112.53
cell_20421,7283.65,1739.23
cell_20422,7283.7,2622.79
cell_20423,7283.83,2682.13
cell_20424,7283.94,283.8
cell_20425,7284.18,1091.78
cell_20426,7284.58,2389.27
cell_20427,7284.68,1996.99
cell_20428,7284.72,1324.01
cell_20429,7284.75,2038.98
cell_20430,7284.75,2170.07
cell_20431,7284.79,2088.01
cell_20432,7285.19,901.53
cell_20433,7285.22,2722.23
cell_20434,7285.25,1969.12
cell_20435,7285.26,168.79
cell_20436,7285.26,388
cell_20437,7285.83,2582.59
cell_20438,7285.93,2148.31
cell_20439,7286.45,2482.3
cell_20440,730.41,1613.35
cell_20441,734.92,2131.08
cell_20442,735.51,1263.27
cell_20443,735.55,1320.65
cell_20444,736.07,1182.25
cell_20445,736.57,1063.38
cell_20446,736.99,1213.18
cell_20447,737.44,1379.4
cell_20448,738.05,1297.29
cell_20449,738.11,993
cell_20450,738.51,1228.5
cell_20451,741.96,2145.37
cell_20452,742.18,1495.48
cell_20453,744.91,1538.93
cell_20454,745.34,1607.26
cell_20455,745.83,970.48
cell_20456,746.39,1461.23
cell_20457,747.39,1259.59
cell_20458,747.43,1479.46
cell_20459,747.65,1569.83
cell_20460,748.42,1619.13
cell_20461,749.74,1304.57
cell_20462,751.79,1359.1
cell_20463,752.06,1504.66
cell_20464,752.14,1341.53
cell_20465,752.4,2071.19
cell_20466,754.15,1157.89
cell_20467,754.81,1207.52
cell_20468,755.46,979.56
cell_20469,756.34,1628.76
cell_20470,756.71,1318.81
cell_20471,756.84,1590.88
cell_20472,758.37,1558.15
cell_20473,758.98,995.69
cell_20474,759.27,1579.41
cell_20475,760.63,1230.37
cell_20476,762.53,1252.96
cell_20477,762.91,1160.39
cell_20478,764.34,1620.66
cell_20479,767.15,1527.55
cell_20480,768.73,2149.95
cell_20481,769.12,1366.34
cell_20482,769.44,1170.3
cell_20483,769.92,1390.08
cell_20484,771.23,1630.15
cell_20485,771.5,1495.91
cell_20486,771.54,1576.6
cell_20487,773.11,1460.74
cell_20488,774.34,1183.89
cell_20489,775.28,1261.92
cell_20490,775.92,1203.09
cell_20491,780.1,1386.53
cell_20492,781.5,1595.66
cell_20493,782.35,1324.24
cell_20494,783.43,1564.14
cell_20495,784.38,1545.41
cell_20496,784.52,1224.55
cell_20497,785.26,1199.33
cell_20498,787.03,1168.29
cell_20499,789.29,1373.7
cell_20500,789.64,1242.3
cell_20501,789.8,1511.44
cell_20502,789.83,1615.09
cell_20503,790.85,1187.89
cell_20504,790.98,2154.19
cell_20505,792.37,1628.96
cell_20506,793.05,1304.72
cell_20507,793.08,1464.63
cell_20508,793.23,1480.42
cell_20509,793.41,1597.18
cell_20510,793.58,1155.02
cell_20511,794.91,952.01
cell_20512,796.06,1494.78
cell_20513,796.39,1174.96
cell_20514,797.17,1260.16
cell_20515,797.87,1291.08
cell_20516,798.86,1098.58
cell_20517,800.19,1617.9
cell_20518,801.16,1234.8
cell_20519,801.29,1641.98
cell_20520,801.54,1220.48
cell_20521,802.14,1511.5
cell_20522,803.18,1420.71
cell_20523,803.32,1581.9
cell_20524,803.89,1210.91
cell_20525,803.9,1373.42
cell_20526,804.63,1199.08
cell_20527,805.24,1526.15
cell_20528,807.29,1324.33
cell_20529,807.96,1479.39
cell_20530,809.52,1268.88
cell_20531,810.96,1618.03
cell_20532,810.99,1343.47
cell_20533,811.05,1642.51
cell_20534,811.45,1153.48
cell_20535,811.61,1569.27
cell_20536,812.92,2148.13
cell_20537,814.34,1304.9
cell_20538,814.57,1257.68
cell_20539,816.17,1492.4
cell_20540,816.77,1293.54
cell_20541,817.76,1592.79
cell_20542,818.4,1184.65
cell_20543,820.7,1612.93
cell_20544,821.59,2127.64
cell_20545,821.79,1213.59
cell_20546,824.49,1332.24
cell_20547,826.06,1202.82
cell_20548,826.59,1309.6
cell_20549,827.09,1476.12
cell_20550,827.11,1622
cell_20551,827.24,1151.79
cell_20552,827.41,1238.63
cell_20553,828.15,1492.38
cell_20554,829.43,1642.87
cell_20555,831.39,1178.9
cell_20556,831.83,1538.25
cell_20557,832.14,981.02
cell_20558,832.47,1580.91
cell_20559,833.33,1561.44
cell_20560,834.53,1631.52
cell_20561,835.25,1596.03
cell_20562,835.7,1259.67
cell_20563,836.64,1189.69
cell_20564,837.79,1083.34
cell_20565,838.11,1653.64
cell_20566,838.78,1277.91
cell_20567,838.79,1151.31
cell_20568,840.29,1531.56
cell_20569,840.77,967.81
cell_20570,841.14,1168.39
cell_20571,841.96,1622.12
cell_20572,843.5,1428.32
cell_20573,844.46,954.24
cell_20574,845.26,1135.35
cell_20575,846.81,1492.13
cell_20576,847.34,1632.19
cell_20577,848.83,1232.74
cell_20578,850.19,1573.17
cell_20579,851.05,1593.79
cell_20580,851.14,1176.17
cell_20581,853.75,1215.29
cell_20582,853.96,1547.99
cell_20583,854.51,1615.92
cell_20584,854.55,1041.49
cell_20585,855.62,1024.81
cell_20586,855.69,1337.64
cell_20587,856.54,1203.03
cell_20588,857.75,1147.84
cell_20589,857.88,1650.27
cell_20590,86.16,2075.96
cell_20591,86.68,2094.52
cell_20592,860.78,1570.94
cell_20593,861.07,1187.34
cell_20594,861.85,1607.12
cell_20595,863.05,2144.86
cell_20596,863.78,955.06
cell_20597,864.08,1416.77
cell_20598,864.69,1268.19
cell_20599,864.92,1633.39
cell_20600,865.86,1142.17
cell_20601,866.84,1596.34
cell_20602,867.73,1372.72
cell_20603,871.91,1166.54
cell_20604,872.7,1577.94
cell_20605,874.11,2130.22
cell_20606,874.4,1619.42
cell_20607,874.52,1425.15
cell_20608,874.89,1228.97
cell_20609,876.26,1634.16
cell_20610,877.13,2119.63
cell_20611,877.74,1554.8
cell_20612,878.28,2153.19
cell_20613,878.72,1241.75
cell_20614,879.17,1151.05
cell_20615,879.52,1259.5
cell_20616,880.65,1176.52
cell_20617,880.75,1543.14
cell_20618,880.86,1391.19
cell_20619,883.86,1496.34
cell_20620,884.87,2587.51
cell_20621,885.72,1611.02
cell_20622,886.22,1358.01
cell_20623,886.97,1482.01
cell_20624,890.5,1192.64
cell_20625,890.54,1152.03
cell_20626,891.25,1275.45
cell_20627,892.98,1333.24
cell_20628,894.09,1619.21
cell_20629,894.86,1293.39
cell_20630,894.89,1316.46
cell_20631,897.99,1638.67
cell_20632,898.07,1059.48
cell_20633,899.87,1211.19
cell_20634,900.16,1445.97
cell_20635,901.03,1147.94
cell_20636,902.31,1418.5
cell_20637,903.23,1462.35
cell_20638,903.31,2142.25
cell_20639,903.71,1283
cell_20640,905.38,1184.1
cell_20641,906.08,1306.41
cell_20642,906.94,1623.68
cell_20643,907.66,2125.55
cell_20644,908.05,1535.71
cell_20645,908.21,949.53
cell_20646,908.75,1613.94
cell_20647,909.72,1599.44
cell_20648,910.15,1270.25
cell_20649,910.53,1163.19
cell_20650,911.03,1203.15
cell_20651,912.73,1281.95
cell_20652,912.86,2355.82
cell_20653,913.33,1513.55
cell_20654,913.97,1244.72
cell_20655,914.05,1225.69
cell_20656,915.48,1335.49
cell_20657,918.13,1255.61
cell_20658,918.24,1304.51
cell_20659,920.53,1539.85
cell_20660,921.61,1152.92
cell_20661,921.97,1376.67
cell_20662,922.52,1607.28
cell_20663,922.74,968.14
cell_20664,922.98,1491.03
cell_20665,924.69,1581.64
cell_20666,926.03,1209.46
cell_20667,927.11,2161.89
cell_20668,929.2,1306.91
cell_20669,930.4,1188.27
cell_20670,930.89,1261.33
cell_20671,933.21,1276.16
cell_20672,934.27,1602.56
cell_20673,937.17,1239.1
cell_20674,937.91,1518.61
cell_20675,938.88,1331.11
cell_20676,940.61,1172.55
cell_20677,943.92,2150.79
cell_20678,944.37,1199.19
cell_20679,944.44,1463.23
cell_20680,944.97,1130.33
cell_20681,945.92,1295.54
cell_20682,946.07,1217.77
cell_20683,946.24,1526.85
cell_20684,947.13,1572.68
cell_20685,947.16,1276.8
cell_20686,948.11,1617.35
cell_20687,948.88,1178.65
cell_20688,948.91,1645.03
cell_20689,951.67,1497.51
cell_20690,952.29,1585.11
cell_20691,954.9,1474.26
cell_20692,956.32,1383.62
cell_20693,958.68,1133.4
cell_20694,959.37,1306.58
cell_20695,959.96,1246.16
cell_20696,960.03,1194.49
cell_20697,960.95,1172.6
cell_20698,961.05,2118.65
cell_20699,961.13,1438.19
cell_20700,962.97,1348.03
cell_20701,963.45,1234.78
cell_20702,963.99,1537.07
cell_20703,964.64,1219.8
cell_20704,965.11,1607.58
cell_20705,966.15,1255.8
cell_20706,967.16,1637.47
cell_20707,968.25,1281.17
cell_20708,968.66,1135.94
cell_20709,969.04,1049.19
cell_20710,969.22,1265.06
cell_20711,969.74,1181.72
cell_20712,970.4,1622.96
cell_20713,971.17,1493.07
cell_20714,971.95,1596.42
cell_20715,974.66,1637.44
cell_20716,976.82,1550.56
cell_20717,977.47,1246.19
cell_20718,977.6,1203.58
cell_20719,978.32,1521.73
cell_20720,979.56,1226.39
cell_20721,980.59,1397.89
cell_20722,980.93,1308.06
cell_20723,981.01,939.81
cell_20724,981.91,985.61
cell_20725,982.84,1192.05
cell_20726,983.24,1179
cell_20727,985.32,1592.56
cell_20728,985.53,1298.83
cell_20729,985.65,1144.95
cell_20730,986.11,1637.42
cell_20731,987.08,1619.78
cell_20732,987.36,1214.56
cell_20733,987.88,1319.93
cell_20734,987.89,1020.52
cell_20735,988.55,1260.17
cell_20736,989.11,959.16
cell_20737,989.45,1333.48
cell_20738,990.62,1443.28
cell_20739,990.72,1479.6
cell_20740,992.33,1235.69
cell_20741,992.64,1388.09
cell_20742,992.67,1604.29
cell_20743,993.29,1524.52
cell_20744,993.53,1193.92
cell_20745,995.24,1412.69
cell_20746,995.44,1129.13
cell_20747,995.89,1249.08
cell_20748,995.93,1184.01
cell_20749,996.72,1462.25
cell_20750,999.01,1549.56
